solid OpenSCAD_Model
  facet normal -1 0 0
    outer loop
      vertex 0 40 0
      vertex 0 24 25
      vertex 0 40 25
    endloop
  endfacet
  facet normal -1 0 0
    outer loop
      vertex 0 40 0
      vertex 0 20.3 24.9
      vertex 0 24 25
    endloop
  endfacet
  facet normal -1 0 0
    outer loop
      vertex 0 0 0
      vertex 0 20.3 24.9
      vertex 0 40 0
    endloop
  endfacet
  facet normal -1 -0 0
    outer loop
      vertex 0 20.3 24.9
      vertex 0 0 0
      vertex 0 0 24.9
    endloop
  endfacet
  facet normal -1 -0 0
    outer loop
      vertex 0 24 25
      vertex 0 20.3 24.9
      vertex 0 20.3 25
    endloop
  endfacet
  facet normal -0 0 1
    outer loop
      vertex 20 40 5
      vertex 40 20 5
      vertex 40 40 5
    endloop
  endfacet
  facet normal 0 0 1
    outer loop
      vertex 40 20 5
      vertex 20 40 5
      vertex 20 20 5
    endloop
  endfacet
  facet normal 1 0 0
    outer loop
      vertex 40 20 25
      vertex 40 0 25
      vertex 40 20 5
    endloop
  endfacet
  facet normal 1 -0 0
    outer loop
      vertex 40 20 5
      vertex 40 40 0
      vertex 40 40 5
    endloop
  endfacet
  facet normal 1 0 0
    outer loop
      vertex 40 20 5
      vertex 40 0 0
      vertex 40 40 0
    endloop
  endfacet
  facet normal 1 0 0
    outer loop
      vertex 40 0 0
      vertex 40 20 5
      vertex 40 0 25
    endloop
  endfacet
  facet normal 0 1 0
    outer loop
      vertex 40 40 5
      vertex 40 40 0
      vertex 20 40 5
    endloop
  endfacet
  facet normal 0 1 -0
    outer loop
      vertex 20 40 5
      vertex 0 40 25
      vertex 20 40 25
    endloop
  endfacet
  facet normal 0 1 0
    outer loop
      vertex 20 40 5
      vertex 0 40 0
      vertex 0 40 25
    endloop
  endfacet
  facet normal 0 1 0
    outer loop
      vertex 0 40 0
      vertex 20 40 5
      vertex 40 40 0
    endloop
  endfacet
  facet normal 0 0 -1
    outer loop
      vertex 12.295 11.325 0
      vertex 27.705 11.325 0
      vertex 12.4483 11.0141 0
    endloop
  endfacet
  facet normal 0 0 -1
    outer loop
      vertex 28.1262 11.8738 0
      vertex 12.6273 29.6541 0
      vertex 12.65 30 0
    endloop
  endfacet
  facet normal 0 0 -1
    outer loop
      vertex 27.705 11.325 0
      vertex 12.295 11.325 0
      vertex 27.8976 11.6132 0
    endloop
  endfacet
  facet normal 0 0 -1
    outer loop
      vertex 28.1262 11.8738 0
      vertex 12.5597 29.3141 0
      vertex 12.6273 29.6541 0
    endloop
  endfacet
  facet normal 0 0 -1
    outer loop
      vertex 12.1024 11.6132 0
      vertex 27.8976 11.6132 0
      vertex 12.295 11.325 0
    endloop
  endfacet
  facet normal 0 0 -1
    outer loop
      vertex 28.1262 11.8738 0
      vertex 12.4483 28.9859 0
      vertex 12.5597 29.3141 0
    endloop
  endfacet
  facet normal 0 0 -1
    outer loop
      vertex 27.8976 11.6132 0
      vertex 12.1024 11.6132 0
      vertex 28.1262 11.8738 0
    endloop
  endfacet
  facet normal 0 0 -1
    outer loop
      vertex 28.1262 11.8738 0
      vertex 12.295 28.675 0
      vertex 12.4483 28.9859 0
    endloop
  endfacet
  facet normal 0 0 -1
    outer loop
      vertex 11.8738 11.8738 0
      vertex 28.1262 11.8738 0
      vertex 12.1024 11.6132 0
    endloop
  endfacet
  facet normal 0 0 -1
    outer loop
      vertex 28.1262 11.8738 0
      vertex 12.1024 28.3868 0
      vertex 12.295 28.675 0
    endloop
  endfacet
  facet normal 0 0 -1
    outer loop
      vertex 11.8738 28.1262 0
      vertex 28.1262 11.8738 0
      vertex 11.8738 11.8738 0
    endloop
  endfacet
  facet normal 0 0 -1
    outer loop
      vertex 28.1262 11.8738 0
      vertex 11.8738 28.1262 0
      vertex 12.1024 28.3868 0
    endloop
  endfacet
  facet normal 0 0 -1
    outer loop
      vertex 11.6132 12.1024 0
      vertex 11.8738 28.1262 0
      vertex 11.8738 11.8738 0
    endloop
  endfacet
  facet normal 0 0 -1
    outer loop
      vertex 11.6132 12.1024 0
      vertex 11.6132 27.8976 0
      vertex 11.8738 28.1262 0
    endloop
  endfacet
  facet normal 0 0 -1
    outer loop
      vertex 11.325 12.295 0
      vertex 11.6132 27.8976 0
      vertex 11.6132 12.1024 0
    endloop
  endfacet
  facet normal 0 0 -1
    outer loop
      vertex 11.325 12.295 0
      vertex 11.325 27.705 0
      vertex 11.6132 27.8976 0
    endloop
  endfacet
  facet normal 0 0 -1
    outer loop
      vertex 11.0141 12.4483 0
      vertex 11.325 27.705 0
      vertex 11.325 12.295 0
    endloop
  endfacet
  facet normal 0 0 -1
    outer loop
      vertex 11.0141 12.4483 0
      vertex 11.0141 27.5517 0
      vertex 11.325 27.705 0
    endloop
  endfacet
  facet normal 0 0 -1
    outer loop
      vertex 10.6859 12.5597 0
      vertex 11.0141 27.5517 0
      vertex 11.0141 12.4483 0
    endloop
  endfacet
  facet normal 0 0 -1
    outer loop
      vertex 10.6859 12.5597 0
      vertex 10.6859 27.4403 0
      vertex 11.0141 27.5517 0
    endloop
  endfacet
  facet normal 0 0 -1
    outer loop
      vertex 10.3459 12.6273 0
      vertex 10.6859 27.4403 0
      vertex 10.6859 12.5597 0
    endloop
  endfacet
  facet normal 0 0 -1
    outer loop
      vertex 10.3459 12.6273 0
      vertex 10.3459 27.3727 0
      vertex 10.6859 27.4403 0
    endloop
  endfacet
  facet normal 0 0 -1
    outer loop
      vertex 10 12.65 0
      vertex 10.3459 27.3727 0
      vertex 10.3459 12.6273 0
    endloop
  endfacet
  facet normal 0 0 -1
    outer loop
      vertex 10 12.65 0
      vertex 10 27.35 0
      vertex 10.3459 27.3727 0
    endloop
  endfacet
  facet normal 0 0 -1
    outer loop
      vertex 9.65411 12.6273 0
      vertex 10 27.35 0
      vertex 10 12.65 0
    endloop
  endfacet
  facet normal 0 0 -1
    outer loop
      vertex 9.65411 12.6273 0
      vertex 9.65411 27.3727 0
      vertex 10 27.35 0
    endloop
  endfacet
  facet normal 0 0 -1
    outer loop
      vertex 9.31413 12.5597 0
      vertex 9.65411 27.3727 0
      vertex 9.65411 12.6273 0
    endloop
  endfacet
  facet normal 0 0 -1
    outer loop
      vertex 9.31413 12.5597 0
      vertex 9.31413 27.4403 0
      vertex 9.65411 27.3727 0
    endloop
  endfacet
  facet normal 0 0 -1
    outer loop
      vertex 8.98589 12.4483 0
      vertex 9.31413 27.4403 0
      vertex 9.31413 12.5597 0
    endloop
  endfacet
  facet normal 0 0 -1
    outer loop
      vertex 8.98589 12.4483 0
      vertex 8.98589 27.5517 0
      vertex 9.31413 27.4403 0
    endloop
  endfacet
  facet normal 0 0 -1
    outer loop
      vertex 8.675 12.295 0
      vertex 8.98589 27.5517 0
      vertex 8.98589 12.4483 0
    endloop
  endfacet
  facet normal 0 0 -1
    outer loop
      vertex 8.675 12.295 0
      vertex 8.675 27.705 0
      vertex 8.98589 27.5517 0
    endloop
  endfacet
  facet normal 0 0 -1
    outer loop
      vertex 8.38678 12.1024 0
      vertex 8.675 27.705 0
      vertex 8.675 12.295 0
    endloop
  endfacet
  facet normal 0 0 -1
    outer loop
      vertex 8.38678 12.1024 0
      vertex 8.38678 27.8976 0
      vertex 8.675 27.705 0
    endloop
  endfacet
  facet normal 0 0 -1
    outer loop
      vertex 8.12617 11.8738 0
      vertex 8.38678 27.8976 0
      vertex 8.38678 12.1024 0
    endloop
  endfacet
  facet normal 0 0 -1
    outer loop
      vertex 8.12617 11.8738 0
      vertex 8.12617 28.1262 0
      vertex 8.38678 27.8976 0
    endloop
  endfacet
  facet normal 0 0 -1
    outer loop
      vertex 7.89761 11.6132 0
      vertex 8.12617 28.1262 0
      vertex 8.12617 11.8738 0
    endloop
  endfacet
  facet normal 0 0 -1
    outer loop
      vertex 7.89761 11.6132 0
      vertex 7.89761 28.3868 0
      vertex 8.12617 28.1262 0
    endloop
  endfacet
  facet normal 0 0 -1
    outer loop
      vertex 7.70503 11.325 0
      vertex 7.89761 28.3868 0
      vertex 7.89761 11.6132 0
    endloop
  endfacet
  facet normal 0 0 -1
    outer loop
      vertex 7.70503 11.325 0
      vertex 7.70503 28.675 0
      vertex 7.89761 28.3868 0
    endloop
  endfacet
  facet normal 0 0 -1
    outer loop
      vertex 7.55172 11.0141 0
      vertex 7.70503 28.675 0
      vertex 7.70503 11.325 0
    endloop
  endfacet
  facet normal 0 0 -1
    outer loop
      vertex 7.55172 11.0141 0
      vertex 7.55172 28.9859 0
      vertex 7.70503 28.675 0
    endloop
  endfacet
  facet normal 0 0 -1
    outer loop
      vertex 0 0 0
      vertex 7.55172 11.0141 0
      vertex 7.4403 10.6859 0
    endloop
  endfacet
  facet normal -0 0 -1
    outer loop
      vertex 7.55172 11.0141 0
      vertex 0 0 0
      vertex 7.55172 28.9859 0
    endloop
  endfacet
  facet normal 0 0 -1
    outer loop
      vertex 0 0 0
      vertex 7.4403 10.6859 0
      vertex 7.37267 10.3459 0
    endloop
  endfacet
  facet normal 0 0 -1
    outer loop
      vertex 0 40 0
      vertex 7.55172 28.9859 0
      vertex 0 0 0
    endloop
  endfacet
  facet normal 0 0 -1
    outer loop
      vertex 0 0 0
      vertex 7.37267 10.3459 0
      vertex 7.35 10 0
    endloop
  endfacet
  facet normal 0 0 -1
    outer loop
      vertex 7.55172 28.9859 0
      vertex 0 40 0
      vertex 7.4403 29.3141 0
    endloop
  endfacet
  facet normal 0 0 -1
    outer loop
      vertex 32.6273 10.3459 0
      vertex 40 0 0
      vertex 32.65 10 0
    endloop
  endfacet
  facet normal 0 0 -1
    outer loop
      vertex 40 0 0
      vertex 32.6273 9.65411 0
      vertex 32.65 10 0
    endloop
  endfacet
  facet normal 0 0 -1
    outer loop
      vertex 40 0 0
      vertex 32.5597 9.31413 0
      vertex 32.6273 9.65411 0
    endloop
  endfacet
  facet normal 0 0 -1
    outer loop
      vertex 40 0 0
      vertex 32.4483 8.98589 0
      vertex 32.5597 9.31413 0
    endloop
  endfacet
  facet normal 0 0 -1
    outer loop
      vertex 40 0 0
      vertex 32.295 8.675 0
      vertex 32.4483 8.98589 0
    endloop
  endfacet
  facet normal 0 0 -1
    outer loop
      vertex 40 0 0
      vertex 32.1024 8.38678 0
      vertex 32.295 8.675 0
    endloop
  endfacet
  facet normal 0 0 -1
    outer loop
      vertex 40 0 0
      vertex 31.8738 8.12617 0
      vertex 32.1024 8.38678 0
    endloop
  endfacet
  facet normal 0 0 -1
    outer loop
      vertex 40 0 0
      vertex 31.6132 7.89761 0
      vertex 31.8738 8.12617 0
    endloop
  endfacet
  facet normal 0 0 -1
    outer loop
      vertex 40 0 0
      vertex 31.325 7.70503 0
      vertex 31.6132 7.89761 0
    endloop
  endfacet
  facet normal 0 0 -1
    outer loop
      vertex 40 0 0
      vertex 31.0141 7.55172 0
      vertex 31.325 7.70503 0
    endloop
  endfacet
  facet normal 0 0 -1
    outer loop
      vertex 40 0 0
      vertex 30.6859 7.4403 0
      vertex 31.0141 7.55172 0
    endloop
  endfacet
  facet normal 0 0 -1
    outer loop
      vertex 40 0 0
      vertex 30.3459 7.37267 0
      vertex 30.6859 7.4403 0
    endloop
  endfacet
  facet normal 0 0 -1
    outer loop
      vertex 40 0 0
      vertex 30 7.35 0
      vertex 30.3459 7.37267 0
    endloop
  endfacet
  facet normal 0 0 -1
    outer loop
      vertex 40 0 0
      vertex 29.6541 7.37267 0
      vertex 30 7.35 0
    endloop
  endfacet
  facet normal 0 0 -1
    outer loop
      vertex 40 0 0
      vertex 29.3141 7.4403 0
      vertex 29.6541 7.37267 0
    endloop
  endfacet
  facet normal 0 0 -1
    outer loop
      vertex 40 0 0
      vertex 28.9859 7.55172 0
      vertex 29.3141 7.4403 0
    endloop
  endfacet
  facet normal 0 0 -1
    outer loop
      vertex 11.0141 7.55172 0
      vertex 28.9859 7.55172 0
      vertex 40 0 0
    endloop
  endfacet
  facet normal 0 0 -1
    outer loop
      vertex 28.9859 7.55172 0
      vertex 11.0141 7.55172 0
      vertex 28.675 7.70503 0
    endloop
  endfacet
  facet normal 0 0 -1
    outer loop
      vertex 27.3727 9.65411 0
      vertex 12.65 10 0
      vertex 27.35 10 0
    endloop
  endfacet
  facet normal 0 0 -1
    outer loop
      vertex 12.6273 9.65411 0
      vertex 27.3727 9.65411 0
      vertex 27.4403 9.31413 0
    endloop
  endfacet
  facet normal 0 0 -1
    outer loop
      vertex 12.5597 9.31413 0
      vertex 27.4403 9.31413 0
      vertex 27.5517 8.98589 0
    endloop
  endfacet
  facet normal 0 0 -1
    outer loop
      vertex 12.4483 8.98589 0
      vertex 27.5517 8.98589 0
      vertex 27.705 8.675 0
    endloop
  endfacet
  facet normal 0 0 -1
    outer loop
      vertex 12.295 8.675 0
      vertex 27.705 8.675 0
      vertex 27.8976 8.38678 0
    endloop
  endfacet
  facet normal 0 0 -1
    outer loop
      vertex 12.1024 8.38678 0
      vertex 27.8976 8.38678 0
      vertex 28.1262 8.12617 0
    endloop
  endfacet
  facet normal 0 0 -1
    outer loop
      vertex 11.8738 8.12617 0
      vertex 28.1262 8.12617 0
      vertex 28.3868 7.89761 0
    endloop
  endfacet
  facet normal 0 -0 -1
    outer loop
      vertex 11.325 7.70503 0
      vertex 28.675 7.70503 0
      vertex 11.0141 7.55172 0
    endloop
  endfacet
  facet normal 0 0 -1
    outer loop
      vertex 27.3727 9.65411 0
      vertex 12.6273 9.65411 0
      vertex 12.65 10 0
    endloop
  endfacet
  facet normal 0 0 -1
    outer loop
      vertex 27.4403 9.31413 0
      vertex 12.5597 9.31413 0
      vertex 12.6273 9.65411 0
    endloop
  endfacet
  facet normal 0 0 -1
    outer loop
      vertex 27.5517 8.98589 0
      vertex 12.4483 8.98589 0
      vertex 12.5597 9.31413 0
    endloop
  endfacet
  facet normal 0 0 -1
    outer loop
      vertex 27.705 8.675 0
      vertex 12.295 8.675 0
      vertex 12.4483 8.98589 0
    endloop
  endfacet
  facet normal 0 0 -1
    outer loop
      vertex 27.8976 8.38678 0
      vertex 12.1024 8.38678 0
      vertex 12.295 8.675 0
    endloop
  endfacet
  facet normal 0 0 -1
    outer loop
      vertex 28.1262 8.12617 0
      vertex 11.8738 8.12617 0
      vertex 12.1024 8.38678 0
    endloop
  endfacet
  facet normal 0 0 -1
    outer loop
      vertex 28.3868 7.89761 0
      vertex 11.6132 7.89761 0
      vertex 11.8738 8.12617 0
    endloop
  endfacet
  facet normal -0 0 -1
    outer loop
      vertex 28.3868 7.89761 0
      vertex 11.325 7.70503 0
      vertex 11.6132 7.89761 0
    endloop
  endfacet
  facet normal 0 0 -1
    outer loop
      vertex 28.675 7.70503 0
      vertex 11.325 7.70503 0
      vertex 28.3868 7.89761 0
    endloop
  endfacet
  facet normal 0 0 -1
    outer loop
      vertex 0 0 0
      vertex 11.0141 7.55172 0
      vertex 40 0 0
    endloop
  endfacet
  facet normal 0 0 -1
    outer loop
      vertex 11.0141 7.55172 0
      vertex 0 0 0
      vertex 10.6859 7.4403 0
    endloop
  endfacet
  facet normal 0 0 -1
    outer loop
      vertex 10.6859 7.4403 0
      vertex 0 0 0
      vertex 10.3459 7.37267 0
    endloop
  endfacet
  facet normal 0 0 -1
    outer loop
      vertex 10.3459 7.37267 0
      vertex 0 0 0
      vertex 10 7.35 0
    endloop
  endfacet
  facet normal -0 0 -1
    outer loop
      vertex 10 7.35 0
      vertex 0 0 0
      vertex 9.65411 7.37267 0
    endloop
  endfacet
  facet normal 0 0 -1
    outer loop
      vertex 7.4403 29.3141 0
      vertex 0 40 0
      vertex 7.37267 29.6541 0
    endloop
  endfacet
  facet normal -0 0 -1
    outer loop
      vertex 7.37267 9.65411 0
      vertex 0 0 0
      vertex 7.35 10 0
    endloop
  endfacet
  facet normal -0 0 -1
    outer loop
      vertex 7.4403 9.31413 0
      vertex 0 0 0
      vertex 7.37267 9.65411 0
    endloop
  endfacet
  facet normal -0 0 -1
    outer loop
      vertex 7.55172 8.98589 0
      vertex 0 0 0
      vertex 7.4403 9.31413 0
    endloop
  endfacet
  facet normal -0 0 -1
    outer loop
      vertex 7.70503 8.675 0
      vertex 0 0 0
      vertex 7.55172 8.98589 0
    endloop
  endfacet
  facet normal -0 0 -1
    outer loop
      vertex 7.89761 8.38678 0
      vertex 0 0 0
      vertex 7.70503 8.675 0
    endloop
  endfacet
  facet normal -0 0 -1
    outer loop
      vertex 8.12617 8.12617 0
      vertex 0 0 0
      vertex 7.89761 8.38678 0
    endloop
  endfacet
  facet normal -0 0 -1
    outer loop
      vertex 8.38678 7.89761 0
      vertex 0 0 0
      vertex 8.12617 8.12617 0
    endloop
  endfacet
  facet normal -0 0 -1
    outer loop
      vertex 8.675 7.70503 0
      vertex 0 0 0
      vertex 8.38678 7.89761 0
    endloop
  endfacet
  facet normal -0 0 -1
    outer loop
      vertex 8.98589 7.55172 0
      vertex 0 0 0
      vertex 8.675 7.70503 0
    endloop
  endfacet
  facet normal -0 0 -1
    outer loop
      vertex 9.31413 7.4403 0
      vertex 0 0 0
      vertex 8.98589 7.55172 0
    endloop
  endfacet
  facet normal -0 0 -1
    outer loop
      vertex 9.65411 7.37267 0
      vertex 0 0 0
      vertex 9.31413 7.4403 0
    endloop
  endfacet
  facet normal 0 0 -1
    outer loop
      vertex 32.5597 10.6859 0
      vertex 40 0 0
      vertex 32.6273 10.3459 0
    endloop
  endfacet
  facet normal 0 0 -1
    outer loop
      vertex 32.4483 11.0141 0
      vertex 40 0 0
      vertex 32.5597 10.6859 0
    endloop
  endfacet
  facet normal 0 0 -1
    outer loop
      vertex 40 0 0
      vertex 32.4483 11.0141 0
      vertex 40 40 0
    endloop
  endfacet
  facet normal 0 0 -1
    outer loop
      vertex 32.295 11.325 0
      vertex 40 40 0
      vertex 32.4483 11.0141 0
    endloop
  endfacet
  facet normal 0 0 -1
    outer loop
      vertex 32.1024 11.6132 0
      vertex 40 40 0
      vertex 32.295 11.325 0
    endloop
  endfacet
  facet normal 0 0 -1
    outer loop
      vertex 31.8738 11.8738 0
      vertex 40 40 0
      vertex 32.1024 11.6132 0
    endloop
  endfacet
  facet normal 0 0 -1
    outer loop
      vertex 31.6132 12.1024 0
      vertex 40 40 0
      vertex 31.8738 11.8738 0
    endloop
  endfacet
  facet normal 0 0 -1
    outer loop
      vertex 31.325 12.295 0
      vertex 40 40 0
      vertex 31.6132 12.1024 0
    endloop
  endfacet
  facet normal 0 0 -1
    outer loop
      vertex 31.0141 12.4483 0
      vertex 40 40 0
      vertex 31.325 12.295 0
    endloop
  endfacet
  facet normal 0 0 -1
    outer loop
      vertex 30.6859 12.5597 0
      vertex 40 40 0
      vertex 31.0141 12.4483 0
    endloop
  endfacet
  facet normal 0 0 -1
    outer loop
      vertex 30.3459 12.6273 0
      vertex 40 40 0
      vertex 30.6859 12.5597 0
    endloop
  endfacet
  facet normal 0 0 -1
    outer loop
      vertex 30 12.65 0
      vertex 40 40 0
      vertex 30.3459 12.6273 0
    endloop
  endfacet
  facet normal 0 0 -1
    outer loop
      vertex 29.6541 12.6273 0
      vertex 40 40 0
      vertex 30 12.65 0
    endloop
  endfacet
  facet normal 0 0 -1
    outer loop
      vertex 12.65 30 0
      vertex 29.6541 12.6273 0
      vertex 29.3141 12.5597 0
    endloop
  endfacet
  facet normal 0 0 -1
    outer loop
      vertex 12.65 30 0
      vertex 29.3141 12.5597 0
      vertex 28.9859 12.4483 0
    endloop
  endfacet
  facet normal 0 0 -1
    outer loop
      vertex 12.65 30 0
      vertex 28.9859 12.4483 0
      vertex 28.675 12.295 0
    endloop
  endfacet
  facet normal 0 0 -1
    outer loop
      vertex 12.65 30 0
      vertex 28.675 12.295 0
      vertex 28.3868 12.1024 0
    endloop
  endfacet
  facet normal 0 0 -1
    outer loop
      vertex 12.65 30 0
      vertex 28.3868 12.1024 0
      vertex 28.1262 11.8738 0
    endloop
  endfacet
  facet normal 0 0 -1
    outer loop
      vertex 12.4483 11.0141 0
      vertex 27.5517 11.0141 0
      vertex 12.5597 10.6859 0
    endloop
  endfacet
  facet normal 0 0 -1
    outer loop
      vertex 27.4403 10.6859 0
      vertex 12.5597 10.6859 0
      vertex 27.5517 11.0141 0
    endloop
  endfacet
  facet normal 0 0 -1
    outer loop
      vertex 12.5597 10.6859 0
      vertex 27.4403 10.6859 0
      vertex 12.6273 10.3459 0
    endloop
  endfacet
  facet normal 0 0 -1
    outer loop
      vertex 12.65 10 0
      vertex 27.3727 10.3459 0
      vertex 27.35 10 0
    endloop
  endfacet
  facet normal 0 0 -1
    outer loop
      vertex 12.6273 10.3459 0
      vertex 27.3727 10.3459 0
      vertex 12.65 10 0
    endloop
  endfacet
  facet normal 0 0 -1
    outer loop
      vertex 27.3727 10.3459 0
      vertex 12.6273 10.3459 0
      vertex 27.4403 10.6859 0
    endloop
  endfacet
  facet normal 0 0 -1
    outer loop
      vertex 27.5517 11.0141 0
      vertex 12.4483 11.0141 0
      vertex 27.705 11.325 0
    endloop
  endfacet
  facet normal 0 0 -1
    outer loop
      vertex 29.6541 12.6273 0
      vertex 12.65 30 0
      vertex 40 40 0
    endloop
  endfacet
  facet normal 0 0 -1
    outer loop
      vertex 12.6273 30.3459 0
      vertex 40 40 0
      vertex 12.65 30 0
    endloop
  endfacet
  facet normal 0 0 -1
    outer loop
      vertex 12.5597 30.6859 0
      vertex 40 40 0
      vertex 12.6273 30.3459 0
    endloop
  endfacet
  facet normal 0 0 -1
    outer loop
      vertex 12.4483 31.0141 0
      vertex 40 40 0
      vertex 12.5597 30.6859 0
    endloop
  endfacet
  facet normal 0 0 -1
    outer loop
      vertex 12.295 31.325 0
      vertex 40 40 0
      vertex 12.4483 31.0141 0
    endloop
  endfacet
  facet normal 0 0 -1
    outer loop
      vertex 12.1024 31.6132 0
      vertex 40 40 0
      vertex 12.295 31.325 0
    endloop
  endfacet
  facet normal 0 0 -1
    outer loop
      vertex 11.8738 31.8738 0
      vertex 40 40 0
      vertex 12.1024 31.6132 0
    endloop
  endfacet
  facet normal 0 0 -1
    outer loop
      vertex 11.6132 32.1024 0
      vertex 40 40 0
      vertex 11.8738 31.8738 0
    endloop
  endfacet
  facet normal 0 0 -1
    outer loop
      vertex 11.325 32.295 0
      vertex 40 40 0
      vertex 11.6132 32.1024 0
    endloop
  endfacet
  facet normal 0 0 -1
    outer loop
      vertex 11.0141 32.4483 0
      vertex 40 40 0
      vertex 11.325 32.295 0
    endloop
  endfacet
  facet normal 0 0 -1
    outer loop
      vertex 0 40 0
      vertex 11.0141 32.4483 0
      vertex 10.6859 32.5597 0
    endloop
  endfacet
  facet normal 0 0 -1
    outer loop
      vertex 0 40 0
      vertex 10.6859 32.5597 0
      vertex 10.3459 32.6273 0
    endloop
  endfacet
  facet normal 0 0 -1
    outer loop
      vertex 0 40 0
      vertex 10.3459 32.6273 0
      vertex 10 32.65 0
    endloop
  endfacet
  facet normal 0 0 -1
    outer loop
      vertex 0 40 0
      vertex 10 32.65 0
      vertex 9.65411 32.6273 0
    endloop
  endfacet
  facet normal 0 0 -1
    outer loop
      vertex 0 40 0
      vertex 9.65411 32.6273 0
      vertex 9.31413 32.5597 0
    endloop
  endfacet
  facet normal 0 0 -1
    outer loop
      vertex 7.37267 29.6541 0
      vertex 0 40 0
      vertex 7.35 30 0
    endloop
  endfacet
  facet normal 0 0 -1
    outer loop
      vertex 7.35 30 0
      vertex 0 40 0
      vertex 7.37267 30.3459 0
    endloop
  endfacet
  facet normal 0 0 -1
    outer loop
      vertex 11.0141 32.4483 0
      vertex 0 40 0
      vertex 40 40 0
    endloop
  endfacet
  facet normal 0 0 -1
    outer loop
      vertex 8.98589 32.4483 0
      vertex 0 40 0
      vertex 9.31413 32.5597 0
    endloop
  endfacet
  facet normal 0 0 -1
    outer loop
      vertex 8.675 32.295 0
      vertex 0 40 0
      vertex 8.98589 32.4483 0
    endloop
  endfacet
  facet normal 0 0 -1
    outer loop
      vertex 8.38678 32.1024 0
      vertex 0 40 0
      vertex 8.675 32.295 0
    endloop
  endfacet
  facet normal 0 0 -1
    outer loop
      vertex 8.12617 31.8738 0
      vertex 0 40 0
      vertex 8.38678 32.1024 0
    endloop
  endfacet
  facet normal 0 0 -1
    outer loop
      vertex 7.89761 31.6132 0
      vertex 0 40 0
      vertex 8.12617 31.8738 0
    endloop
  endfacet
  facet normal 0 0 -1
    outer loop
      vertex 7.70503 31.325 0
      vertex 0 40 0
      vertex 7.89761 31.6132 0
    endloop
  endfacet
  facet normal 0 0 -1
    outer loop
      vertex 7.55172 31.0141 0
      vertex 0 40 0
      vertex 7.70503 31.325 0
    endloop
  endfacet
  facet normal 0 0 -1
    outer loop
      vertex 7.4403 30.6859 0
      vertex 0 40 0
      vertex 7.55172 31.0141 0
    endloop
  endfacet
  facet normal 0 0 -1
    outer loop
      vertex 7.37267 30.3459 0
      vertex 0 40 0
      vertex 7.4403 30.6859 0
    endloop
  endfacet
  facet normal 0 -1 0
    outer loop
      vertex 0 0 24.9
      vertex 0 0 0
      vertex 20.3 0 24.9
    endloop
  endfacet
  facet normal 0 -1 0
    outer loop
      vertex 20.3 0 24.9
      vertex 24 0 25
      vertex 20.3 0 25
    endloop
  endfacet
  facet normal 0 -1 0
    outer loop
      vertex 40 0 0
      vertex 24 0 25
      vertex 20.3 0 24.9
    endloop
  endfacet
  facet normal 0 -1 0
    outer loop
      vertex 40 0 0
      vertex 20.3 0 24.9
      vertex 0 0 0
    endloop
  endfacet
  facet normal 0 -1 0
    outer loop
      vertex 24 0 25
      vertex 40 0 0
      vertex 40 0 25
    endloop
  endfacet
  facet normal -0 0 1
    outer loop
      vertex 0 40 25
      vertex 20 24 25
      vertex 20 40 25
    endloop
  endfacet
  facet normal 0 0 1
    outer loop
      vertex 20 24 25
      vertex 0 40 25
      vertex 0 24 25
    endloop
  endfacet
  facet normal -0 0 1
    outer loop
      vertex 24 20 25
      vertex 40 0 25
      vertex 40 20 25
    endloop
  endfacet
  facet normal 0 0 1
    outer loop
      vertex 40 0 25
      vertex 24 20 25
      vertex 24 0 25
    endloop
  endfacet
  facet normal 0 0 -1
    outer loop
      vertex 24 -4 25
      vertex 20.3 -0.299999 25
      vertex 24 0 25
    endloop
  endfacet
  facet normal 0 0 -1
    outer loop
      vertex 24 -4 25
      vertex -0.299999 -0.299999 25
      vertex 20.3 -0.299999 25
    endloop
  endfacet
  facet normal -0 0 -1
    outer loop
      vertex -0.299999 -0.299999 25
      vertex -4 -4 25
      vertex -0.299999 20.3 25
    endloop
  endfacet
  facet normal 0 0 -1
    outer loop
      vertex -4 -4 25
      vertex -0.299999 -0.299999 25
      vertex 24 -4 25
    endloop
  endfacet
  facet normal -0 0 -1
    outer loop
      vertex 24 0 25
      vertex 20.3 -0.299999 25
      vertex 20.3 0 25
    endloop
  endfacet
  facet normal 0 0 -1
    outer loop
      vertex -0.299999 20.3 25
      vertex 0 24 25
      vertex 0 20.3 25
    endloop
  endfacet
  facet normal 0 0 -1
    outer loop
      vertex -4 24 25
      vertex -0.299999 20.3 25
      vertex -4 -4 25
    endloop
  endfacet
  facet normal 0 0 -1
    outer loop
      vertex -0.299999 20.3 25
      vertex -4 24 25
      vertex 0 24 25
    endloop
  endfacet
  facet normal 0 0 -1
    outer loop
      vertex 20.3 20.3 25
      vertex 24 20 25
      vertex 20.3 20 25
    endloop
  endfacet
  facet normal 0 0 -1
    outer loop
      vertex 24 20 25
      vertex 20.3 20.3 25
      vertex 24 24 25
    endloop
  endfacet
  facet normal 0 0 -1
    outer loop
      vertex 20 24 25
      vertex 20.3 20.3 25
      vertex 20 20.3 25
    endloop
  endfacet
  facet normal 0 0 -1
    outer loop
      vertex 20.3 20.3 25
      vertex 20 24 25
      vertex 24 24 25
    endloop
  endfacet
  facet normal 0 1 -0
    outer loop
      vertex 40 20 5
      vertex 24 20 25
      vertex 40 20 25
    endloop
  endfacet
  facet normal 0 1 0
    outer loop
      vertex 24 20 25
      vertex 20.3 20 24.9
      vertex 20.3 20 25
    endloop
  endfacet
  facet normal 0 1 0
    outer loop
      vertex 20 20 5
      vertex 24 20 25
      vertex 40 20 5
    endloop
  endfacet
  facet normal 0 1 0
    outer loop
      vertex 24 20 25
      vertex 20 20 5
      vertex 20.3 20 24.9
    endloop
  endfacet
  facet normal 0 1 0
    outer loop
      vertex 20.3 20 24.9
      vertex 20 20 5
      vertex 20 20 24.9
    endloop
  endfacet
  facet normal 1 -0 0
    outer loop
      vertex 20 24 25
      vertex 20 40 5
      vertex 20 40 25
    endloop
  endfacet
  facet normal 1 0 0
    outer loop
      vertex 20 20.3 24.9
      vertex 20 24 25
      vertex 20 20.3 25
    endloop
  endfacet
  facet normal 1 0 0
    outer loop
      vertex 20 20 5
      vertex 20 24 25
      vertex 20 20.3 24.9
    endloop
  endfacet
  facet normal 1 0 0
    outer loop
      vertex 20 20 5
      vertex 20 20.3 24.9
      vertex 20 20 24.9
    endloop
  endfacet
  facet normal 1 0 0
    outer loop
      vertex 20 24 25
      vertex 20 20 5
      vertex 20 40 5
    endloop
  endfacet
  facet normal -1 0 0
    outer loop
      vertex -4 24 25
      vertex -4 12.65 35
      vertex -4 24 45
    endloop
  endfacet
  facet normal -1 0 0
    outer loop
      vertex -4 24 25
      vertex -4 12.6273 34.6541
      vertex -4 12.65 35
    endloop
  endfacet
  facet normal -1 0 0
    outer loop
      vertex -4 24 25
      vertex -4 12.5597 34.3141
      vertex -4 12.6273 34.6541
    endloop
  endfacet
  facet normal -1 0 0
    outer loop
      vertex -4 24 25
      vertex -4 12.4483 33.9859
      vertex -4 12.5597 34.3141
    endloop
  endfacet
  facet normal -1 0 0
    outer loop
      vertex -4 24 25
      vertex -4 12.295 33.675
      vertex -4 12.4483 33.9859
    endloop
  endfacet
  facet normal -1 0 0
    outer loop
      vertex -4 24 25
      vertex -4 12.1024 33.3868
      vertex -4 12.295 33.675
    endloop
  endfacet
  facet normal -1 0 0
    outer loop
      vertex -4 24 25
      vertex -4 11.8738 33.1262
      vertex -4 12.1024 33.3868
    endloop
  endfacet
  facet normal -1 0 0
    outer loop
      vertex -4 24 25
      vertex -4 11.6132 32.8976
      vertex -4 11.8738 33.1262
    endloop
  endfacet
  facet normal -1 0 0
    outer loop
      vertex -4 24 25
      vertex -4 11.325 32.705
      vertex -4 11.6132 32.8976
    endloop
  endfacet
  facet normal -1 0 0
    outer loop
      vertex -4 24 25
      vertex -4 11.0141 32.5517
      vertex -4 11.325 32.705
    endloop
  endfacet
  facet normal -1 0 0
    outer loop
      vertex -4 24 25
      vertex -4 10.6859 32.4403
      vertex -4 11.0141 32.5517
    endloop
  endfacet
  facet normal -1 0 0
    outer loop
      vertex -4 24 25
      vertex -4 10.3459 32.3727
      vertex -4 10.6859 32.4403
    endloop
  endfacet
  facet normal -1 0 0
    outer loop
      vertex -4 24 25
      vertex -4 10 32.35
      vertex -4 10.3459 32.3727
    endloop
  endfacet
  facet normal -1 0 0
    outer loop
      vertex -4 -4 25
      vertex -4 10 32.35
      vertex -4 24 25
    endloop
  endfacet
  facet normal -1 -0 0
    outer loop
      vertex -4 10 32.35
      vertex -4 -4 25
      vertex -4 9.65411 32.3727
    endloop
  endfacet
  facet normal -1 -0 0
    outer loop
      vertex -4 9.65411 32.3727
      vertex -4 -4 25
      vertex -4 9.31413 32.4403
    endloop
  endfacet
  facet normal -1 -0 0
    outer loop
      vertex -4 9.31413 32.4403
      vertex -4 -4 25
      vertex -4 8.98589 32.5517
    endloop
  endfacet
  facet normal -1 -0 0
    outer loop
      vertex -4 7.37267 34.6541
      vertex -4 -4 25
      vertex -4 7.35 35
    endloop
  endfacet
  facet normal -1 -0 0
    outer loop
      vertex -4 7.4403 34.3141
      vertex -4 -4 25
      vertex -4 7.37267 34.6541
    endloop
  endfacet
  facet normal -1 -0 0
    outer loop
      vertex -4 7.55172 33.9859
      vertex -4 -4 25
      vertex -4 7.4403 34.3141
    endloop
  endfacet
  facet normal -1 -0 0
    outer loop
      vertex -4 7.70503 33.675
      vertex -4 -4 25
      vertex -4 7.55172 33.9859
    endloop
  endfacet
  facet normal -1 -0 0
    outer loop
      vertex -4 7.89761 33.3868
      vertex -4 -4 25
      vertex -4 7.70503 33.675
    endloop
  endfacet
  facet normal -1 -0 0
    outer loop
      vertex -4 8.12617 33.1262
      vertex -4 -4 25
      vertex -4 7.89761 33.3868
    endloop
  endfacet
  facet normal -1 -0 0
    outer loop
      vertex -4 8.38678 32.8976
      vertex -4 -4 25
      vertex -4 8.12617 33.1262
    endloop
  endfacet
  facet normal -1 -0 0
    outer loop
      vertex -4 8.675 32.705
      vertex -4 -4 25
      vertex -4 8.38678 32.8976
    endloop
  endfacet
  facet normal -1 -0 0
    outer loop
      vertex -4 8.98589 32.5517
      vertex -4 -4 25
      vertex -4 8.675 32.705
    endloop
  endfacet
  facet normal -1 0 0
    outer loop
      vertex -4 12.6273 35.3459
      vertex -4 24 45
      vertex -4 12.65 35
    endloop
  endfacet
  facet normal -1 0 0
    outer loop
      vertex -4 12.5597 35.6859
      vertex -4 24 45
      vertex -4 12.6273 35.3459
    endloop
  endfacet
  facet normal -1 0 0
    outer loop
      vertex -4 12.4483 36.0141
      vertex -4 24 45
      vertex -4 12.5597 35.6859
    endloop
  endfacet
  facet normal -1 0 0
    outer loop
      vertex -4 12.295 36.325
      vertex -4 24 45
      vertex -4 12.4483 36.0141
    endloop
  endfacet
  facet normal -1 0 0
    outer loop
      vertex -4 12.1024 36.6132
      vertex -4 24 45
      vertex -4 12.295 36.325
    endloop
  endfacet
  facet normal -1 0 0
    outer loop
      vertex -4 11.8738 36.8738
      vertex -4 24 45
      vertex -4 12.1024 36.6132
    endloop
  endfacet
  facet normal -1 0 0
    outer loop
      vertex -4 11.6132 37.1024
      vertex -4 24 45
      vertex -4 11.8738 36.8738
    endloop
  endfacet
  facet normal -1 0 0
    outer loop
      vertex -4 11.325 37.295
      vertex -4 24 45
      vertex -4 11.6132 37.1024
    endloop
  endfacet
  facet normal -1 0 0
    outer loop
      vertex -4 11.0141 37.4483
      vertex -4 24 45
      vertex -4 11.325 37.295
    endloop
  endfacet
  facet normal -1 0 0
    outer loop
      vertex -4 10.6859 37.5597
      vertex -4 24 45
      vertex -4 11.0141 37.4483
    endloop
  endfacet
  facet normal -1 0 0
    outer loop
      vertex -4 10.3459 37.6273
      vertex -4 24 45
      vertex -4 10.6859 37.5597
    endloop
  endfacet
  facet normal -1 0 0
    outer loop
      vertex -4 10 37.65
      vertex -4 24 45
      vertex -4 10.3459 37.6273
    endloop
  endfacet
  facet normal -1 0 0
    outer loop
      vertex -4 -4 45
      vertex -4 10 37.65
      vertex -4 9.65411 37.6273
    endloop
  endfacet
  facet normal -1 0 0
    outer loop
      vertex -4 -4 45
      vertex -4 9.65411 37.6273
      vertex -4 9.31413 37.5597
    endloop
  endfacet
  facet normal -1 0 0
    outer loop
      vertex -4 -4 45
      vertex -4 9.31413 37.5597
      vertex -4 8.98589 37.4483
    endloop
  endfacet
  facet normal -1 0 0
    outer loop
      vertex -4 -4 45
      vertex -4 8.98589 37.4483
      vertex -4 8.675 37.295
    endloop
  endfacet
  facet normal -1 0 0
    outer loop
      vertex -4 -4 45
      vertex -4 7.35 35
      vertex -4 -4 25
    endloop
  endfacet
  facet normal -1 0 0
    outer loop
      vertex -4 7.35 35
      vertex -4 -4 45
      vertex -4 7.37267 35.3459
    endloop
  endfacet
  facet normal -1 0 0
    outer loop
      vertex -4 7.37267 35.3459
      vertex -4 -4 45
      vertex -4 7.4403 35.6859
    endloop
  endfacet
  facet normal -1 0 0
    outer loop
      vertex -4 7.4403 35.6859
      vertex -4 -4 45
      vertex -4 7.55172 36.0141
    endloop
  endfacet
  facet normal -1 0 0
    outer loop
      vertex -4 7.55172 36.0141
      vertex -4 -4 45
      vertex -4 7.70503 36.325
    endloop
  endfacet
  facet normal -1 0 0
    outer loop
      vertex -4 7.70503 36.325
      vertex -4 -4 45
      vertex -4 7.89761 36.6132
    endloop
  endfacet
  facet normal -1 0 0
    outer loop
      vertex -4 10 37.65
      vertex -4 -4 45
      vertex -4 24 45
    endloop
  endfacet
  facet normal -1 0 0
    outer loop
      vertex -4 8.38678 37.1024
      vertex -4 -4 45
      vertex -4 8.675 37.295
    endloop
  endfacet
  facet normal -1 0 0
    outer loop
      vertex -4 8.12617 36.8738
      vertex -4 -4 45
      vertex -4 8.38678 37.1024
    endloop
  endfacet
  facet normal -1 0 0
    outer loop
      vertex -4 7.89761 36.6132
      vertex -4 -4 45
      vertex -4 8.12617 36.8738
    endloop
  endfacet
  facet normal 0 0 1
    outer loop
      vertex 24 24 45
      vertex 20.3 20.3 45
      vertex 24 -4 45
    endloop
  endfacet
  facet normal 0 0 1
    outer loop
      vertex 24 24 45
      vertex -0.299999 20.3 45
      vertex 20.3 20.3 45
    endloop
  endfacet
  facet normal 0 0 1
    outer loop
      vertex -0.299999 20.3 45
      vertex -4 24 45
      vertex -0.299999 -0.299999 45
    endloop
  endfacet
  facet normal -0 0 1
    outer loop
      vertex -4 24 45
      vertex -0.299999 20.3 45
      vertex 24 24 45
    endloop
  endfacet
  facet normal -0 0 1
    outer loop
      vertex 20.3 -0.299999 45
      vertex 24 -4 45
      vertex 20.3 20.3 45
    endloop
  endfacet
  facet normal -0 0 1
    outer loop
      vertex -0.299999 -0.299999 45
      vertex 24 -4 45
      vertex 20.3 -0.299999 45
    endloop
  endfacet
  facet normal 0 0 1
    outer loop
      vertex -0.299999 -0.299999 45
      vertex -4 -4 45
      vertex 24 -4 45
    endloop
  endfacet
  facet normal 0 0 1
    outer loop
      vertex -4 -4 45
      vertex -0.299999 -0.299999 45
      vertex -4 24 45
    endloop
  endfacet
  facet normal 1 -0 0
    outer loop
      vertex 24 12.65 35
      vertex 24 24 25
      vertex 24 24 45
    endloop
  endfacet
  facet normal 1 0 0
    outer loop
      vertex 24 24 25
      vertex 24 12.65 35
      vertex 24 20 25
    endloop
  endfacet
  facet normal 1 0 0
    outer loop
      vertex 24 24 45
      vertex 24 12.6273 35.3459
      vertex 24 12.65 35
    endloop
  endfacet
  facet normal 1 0 0
    outer loop
      vertex 24 24 45
      vertex 24 12.5597 35.6859
      vertex 24 12.6273 35.3459
    endloop
  endfacet
  facet normal 1 0 0
    outer loop
      vertex 24 24 45
      vertex 24 12.4483 36.0141
      vertex 24 12.5597 35.6859
    endloop
  endfacet
  facet normal 1 0 0
    outer loop
      vertex 24 24 45
      vertex 24 12.295 36.325
      vertex 24 12.4483 36.0141
    endloop
  endfacet
  facet normal 1 0 0
    outer loop
      vertex 24 24 45
      vertex 24 12.1024 36.6132
      vertex 24 12.295 36.325
    endloop
  endfacet
  facet normal 1 0 0
    outer loop
      vertex 24 24 45
      vertex 24 11.8738 36.8738
      vertex 24 12.1024 36.6132
    endloop
  endfacet
  facet normal 1 0 0
    outer loop
      vertex 24 24 45
      vertex 24 11.6132 37.1024
      vertex 24 11.8738 36.8738
    endloop
  endfacet
  facet normal 1 0 0
    outer loop
      vertex 24 24 45
      vertex 24 11.325 37.295
      vertex 24 11.6132 37.1024
    endloop
  endfacet
  facet normal 1 0 0
    outer loop
      vertex 24 24 45
      vertex 24 11.0141 37.4483
      vertex 24 11.325 37.295
    endloop
  endfacet
  facet normal 1 0 0
    outer loop
      vertex 24 24 45
      vertex 24 10.6859 37.5597
      vertex 24 11.0141 37.4483
    endloop
  endfacet
  facet normal 1 0 0
    outer loop
      vertex 24 24 45
      vertex 24 10.3459 37.6273
      vertex 24 10.6859 37.5597
    endloop
  endfacet
  facet normal 1 0 0
    outer loop
      vertex 24 24 45
      vertex 24 10 37.65
      vertex 24 10.3459 37.6273
    endloop
  endfacet
  facet normal 1 -0 0
    outer loop
      vertex 24 -4 45
      vertex 24 10 37.65
      vertex 24 24 45
    endloop
  endfacet
  facet normal 1 0 0
    outer loop
      vertex 24 10 37.65
      vertex 24 -4 45
      vertex 24 9.65411 37.6273
    endloop
  endfacet
  facet normal 1 0 0
    outer loop
      vertex 24 9.65411 37.6273
      vertex 24 -4 45
      vertex 24 9.31413 37.5597
    endloop
  endfacet
  facet normal 1 0 0
    outer loop
      vertex 24 9.31413 37.5597
      vertex 24 -4 45
      vertex 24 8.98589 37.4483
    endloop
  endfacet
  facet normal 1 0 0
    outer loop
      vertex 24 -4 45
      vertex 24 7.35 35
      vertex 24 7.37267 35.3459
    endloop
  endfacet
  facet normal 1 0 0
    outer loop
      vertex 24 -4 45
      vertex 24 7.37267 35.3459
      vertex 24 7.4403 35.6859
    endloop
  endfacet
  facet normal 1 0 0
    outer loop
      vertex 24 -4 45
      vertex 24 7.4403 35.6859
      vertex 24 7.55172 36.0141
    endloop
  endfacet
  facet normal 1 0 0
    outer loop
      vertex 24 -4 45
      vertex 24 7.55172 36.0141
      vertex 24 7.70503 36.325
    endloop
  endfacet
  facet normal 1 0 0
    outer loop
      vertex 24 -4 45
      vertex 24 7.70503 36.325
      vertex 24 7.89761 36.6132
    endloop
  endfacet
  facet normal 1 0 0
    outer loop
      vertex 24 8.98589 37.4483
      vertex 24 -4 45
      vertex 24 8.675 37.295
    endloop
  endfacet
  facet normal 1 0 0
    outer loop
      vertex 24 -4 45
      vertex 24 8.38678 37.1024
      vertex 24 8.675 37.295
    endloop
  endfacet
  facet normal 1 0 0
    outer loop
      vertex 24 -4 45
      vertex 24 8.12617 36.8738
      vertex 24 8.38678 37.1024
    endloop
  endfacet
  facet normal 1 0 0
    outer loop
      vertex 24 -4 45
      vertex 24 7.89761 36.6132
      vertex 24 8.12617 36.8738
    endloop
  endfacet
  facet normal 1 0 0
    outer loop
      vertex 24 7.35 35
      vertex 24 -4 45
      vertex 24 -4 25
    endloop
  endfacet
  facet normal 1 0 0
    outer loop
      vertex 24 7.35 35
      vertex 24 -4 25
      vertex 24 0 25
    endloop
  endfacet
  facet normal 1 -0 0
    outer loop
      vertex 24 12.6273 34.6541
      vertex 24 20 25
      vertex 24 12.65 35
    endloop
  endfacet
  facet normal 1 -0 0
    outer loop
      vertex 24 12.5597 34.3141
      vertex 24 20 25
      vertex 24 12.6273 34.6541
    endloop
  endfacet
  facet normal 1 -0 0
    outer loop
      vertex 24 12.4483 33.9859
      vertex 24 20 25
      vertex 24 12.5597 34.3141
    endloop
  endfacet
  facet normal 1 -0 0
    outer loop
      vertex 24 12.295 33.675
      vertex 24 20 25
      vertex 24 12.4483 33.9859
    endloop
  endfacet
  facet normal 1 -0 0
    outer loop
      vertex 24 12.1024 33.3868
      vertex 24 20 25
      vertex 24 12.295 33.675
    endloop
  endfacet
  facet normal 1 -0 0
    outer loop
      vertex 24 11.8738 33.1262
      vertex 24 20 25
      vertex 24 12.1024 33.3868
    endloop
  endfacet
  facet normal 1 -0 0
    outer loop
      vertex 24 11.6132 32.8976
      vertex 24 20 25
      vertex 24 11.8738 33.1262
    endloop
  endfacet
  facet normal 1 -0 0
    outer loop
      vertex 24 11.325 32.705
      vertex 24 20 25
      vertex 24 11.6132 32.8976
    endloop
  endfacet
  facet normal 1 -0 0
    outer loop
      vertex 24 11.0141 32.5517
      vertex 24 20 25
      vertex 24 11.325 32.705
    endloop
  endfacet
  facet normal 1 -0 0
    outer loop
      vertex 24 10.6859 32.4403
      vertex 24 20 25
      vertex 24 11.0141 32.5517
    endloop
  endfacet
  facet normal 1 -0 0
    outer loop
      vertex 24 10.3459 32.3727
      vertex 24 20 25
      vertex 24 10.6859 32.4403
    endloop
  endfacet
  facet normal 1 -0 0
    outer loop
      vertex 24 10 32.35
      vertex 24 20 25
      vertex 24 10.3459 32.3727
    endloop
  endfacet
  facet normal 1 0 0
    outer loop
      vertex 24 0 25
      vertex 24 10 32.35
      vertex 24 9.65411 32.3727
    endloop
  endfacet
  facet normal 1 0 0
    outer loop
      vertex 24 0 25
      vertex 24 9.65411 32.3727
      vertex 24 9.31413 32.4403
    endloop
  endfacet
  facet normal 1 0 0
    outer loop
      vertex 24 0 25
      vertex 24 9.31413 32.4403
      vertex 24 8.98589 32.5517
    endloop
  endfacet
  facet normal 1 0 0
    outer loop
      vertex 24 0 25
      vertex 24 8.98589 32.5517
      vertex 24 8.675 32.705
    endloop
  endfacet
  facet normal 1 0 0
    outer loop
      vertex 24 0 25
      vertex 24 8.675 32.705
      vertex 24 8.38678 32.8976
    endloop
  endfacet
  facet normal 1 0 0
    outer loop
      vertex 24 10 32.35
      vertex 24 0 25
      vertex 24 20 25
    endloop
  endfacet
  facet normal 1 0 0
    outer loop
      vertex 24 8.12617 33.1262
      vertex 24 0 25
      vertex 24 8.38678 32.8976
    endloop
  endfacet
  facet normal 1 0 0
    outer loop
      vertex 24 7.89761 33.3868
      vertex 24 0 25
      vertex 24 8.12617 33.1262
    endloop
  endfacet
  facet normal 1 0 0
    outer loop
      vertex 24 7.70503 33.675
      vertex 24 0 25
      vertex 24 7.89761 33.3868
    endloop
  endfacet
  facet normal 1 0 0
    outer loop
      vertex 24 7.55172 33.9859
      vertex 24 0 25
      vertex 24 7.70503 33.675
    endloop
  endfacet
  facet normal 1 0 0
    outer loop
      vertex 24 7.4403 34.3141
      vertex 24 0 25
      vertex 24 7.55172 33.9859
    endloop
  endfacet
  facet normal 1 0 0
    outer loop
      vertex 24 7.37267 34.6541
      vertex 24 0 25
      vertex 24 7.4403 34.3141
    endloop
  endfacet
  facet normal 1 0 0
    outer loop
      vertex 24 0 25
      vertex 24 7.37267 34.6541
      vertex 24 7.35 35
    endloop
  endfacet
  facet normal 0 1 0
    outer loop
      vertex 24 24 45
      vertex 10 24 37.65
      vertex -4 24 45
    endloop
  endfacet
  facet normal 0 1 0
    outer loop
      vertex 24 24 45
      vertex 10.3459 24 37.6273
      vertex 10 24 37.65
    endloop
  endfacet
  facet normal 0 1 0
    outer loop
      vertex 24 24 45
      vertex 10.6859 24 37.5597
      vertex 10.3459 24 37.6273
    endloop
  endfacet
  facet normal 0 1 0
    outer loop
      vertex 24 24 45
      vertex 11.0141 24 37.4483
      vertex 10.6859 24 37.5597
    endloop
  endfacet
  facet normal 0 1 0
    outer loop
      vertex 24 24 45
      vertex 11.325 24 37.295
      vertex 11.0141 24 37.4483
    endloop
  endfacet
  facet normal 0 1 0
    outer loop
      vertex 24 24 45
      vertex 11.6132 24 37.1024
      vertex 11.325 24 37.295
    endloop
  endfacet
  facet normal 0 1 0
    outer loop
      vertex 24 24 45
      vertex 11.8738 24 36.8738
      vertex 11.6132 24 37.1024
    endloop
  endfacet
  facet normal 0 1 0
    outer loop
      vertex 24 24 45
      vertex 12.1024 24 36.6132
      vertex 11.8738 24 36.8738
    endloop
  endfacet
  facet normal 0 1 0
    outer loop
      vertex 24 24 45
      vertex 12.295 24 36.325
      vertex 12.1024 24 36.6132
    endloop
  endfacet
  facet normal 0 1 0
    outer loop
      vertex 24 24 45
      vertex 12.4483 24 36.0141
      vertex 12.295 24 36.325
    endloop
  endfacet
  facet normal 0 1 0
    outer loop
      vertex 24 24 45
      vertex 12.5597 24 35.6859
      vertex 12.4483 24 36.0141
    endloop
  endfacet
  facet normal 0 1 0
    outer loop
      vertex 24 24 45
      vertex 12.6273 24 35.3459
      vertex 12.5597 24 35.6859
    endloop
  endfacet
  facet normal 0 1 0
    outer loop
      vertex 24 24 45
      vertex 12.65 24 35
      vertex 12.6273 24 35.3459
    endloop
  endfacet
  facet normal 0 1 -0
    outer loop
      vertex 24 24 25
      vertex 12.65 24 35
      vertex 24 24 45
    endloop
  endfacet
  facet normal 0 1 0
    outer loop
      vertex 12.65 24 35
      vertex 24 24 25
      vertex 12.6273 24 34.6541
    endloop
  endfacet
  facet normal 0 1 -0
    outer loop
      vertex 20 24 25
      vertex 12.6273 24 34.6541
      vertex 24 24 25
    endloop
  endfacet
  facet normal 0 1 0
    outer loop
      vertex 12.6273 24 34.6541
      vertex 20 24 25
      vertex 12.5597 24 34.3141
    endloop
  endfacet
  facet normal 0 1 0
    outer loop
      vertex 12.5597 24 34.3141
      vertex 20 24 25
      vertex 12.4483 24 33.9859
    endloop
  endfacet
  facet normal 0 1 0
    outer loop
      vertex 12.4483 24 33.9859
      vertex 20 24 25
      vertex 12.295 24 33.675
    endloop
  endfacet
  facet normal 0 1 0
    outer loop
      vertex 10.6859 24 32.4403
      vertex 20 24 25
      vertex 10.3459 24 32.3727
    endloop
  endfacet
  facet normal 0 1 0
    outer loop
      vertex 11.0141 24 32.5517
      vertex 20 24 25
      vertex 10.6859 24 32.4403
    endloop
  endfacet
  facet normal 0 1 0
    outer loop
      vertex 11.325 24 32.705
      vertex 20 24 25
      vertex 11.0141 24 32.5517
    endloop
  endfacet
  facet normal 0 1 0
    outer loop
      vertex 11.6132 24 32.8976
      vertex 20 24 25
      vertex 11.325 24 32.705
    endloop
  endfacet
  facet normal 0 1 0
    outer loop
      vertex 11.8738 24 33.1262
      vertex 20 24 25
      vertex 11.6132 24 32.8976
    endloop
  endfacet
  facet normal 0 1 0
    outer loop
      vertex 12.1024 24 33.3868
      vertex 20 24 25
      vertex 11.8738 24 33.1262
    endloop
  endfacet
  facet normal 0 1 0
    outer loop
      vertex 12.295 24 33.675
      vertex 20 24 25
      vertex 12.1024 24 33.3868
    endloop
  endfacet
  facet normal 0 1 -0
    outer loop
      vertex 9.65411 24 37.6273
      vertex -4 24 45
      vertex 10 24 37.65
    endloop
  endfacet
  facet normal 0 1 -0
    outer loop
      vertex 9.31413 24 37.5597
      vertex -4 24 45
      vertex 9.65411 24 37.6273
    endloop
  endfacet
  facet normal 0 1 -0
    outer loop
      vertex 8.98589 24 37.4483
      vertex -4 24 45
      vertex 9.31413 24 37.5597
    endloop
  endfacet
  facet normal 0 1 -0
    outer loop
      vertex 8.675 24 37.295
      vertex -4 24 45
      vertex 8.98589 24 37.4483
    endloop
  endfacet
  facet normal 0 1 -0
    outer loop
      vertex 8.38678 24 37.1024
      vertex -4 24 45
      vertex 8.675 24 37.295
    endloop
  endfacet
  facet normal 0 1 -0
    outer loop
      vertex 8.12617 24 36.8738
      vertex -4 24 45
      vertex 8.38678 24 37.1024
    endloop
  endfacet
  facet normal 0 1 -0
    outer loop
      vertex 7.89761 24 36.6132
      vertex -4 24 45
      vertex 8.12617 24 36.8738
    endloop
  endfacet
  facet normal 0 1 -0
    outer loop
      vertex 7.70503 24 36.325
      vertex -4 24 45
      vertex 7.89761 24 36.6132
    endloop
  endfacet
  facet normal 0 1 -0
    outer loop
      vertex 7.55172 24 36.0141
      vertex -4 24 45
      vertex 7.70503 24 36.325
    endloop
  endfacet
  facet normal 0 1 -0
    outer loop
      vertex 7.4403 24 35.6859
      vertex -4 24 45
      vertex 7.55172 24 36.0141
    endloop
  endfacet
  facet normal 0 1 -0
    outer loop
      vertex 7.37267 24 35.3459
      vertex -4 24 45
      vertex 7.4403 24 35.6859
    endloop
  endfacet
  facet normal 0 1 -0
    outer loop
      vertex 7.35 24 35
      vertex -4 24 45
      vertex 7.37267 24 35.3459
    endloop
  endfacet
  facet normal 0 1 0
    outer loop
      vertex -4 24 25
      vertex 7.35 24 35
      vertex 7.37267 24 34.6541
    endloop
  endfacet
  facet normal 0 1 0
    outer loop
      vertex 0 24 25
      vertex 7.37267 24 34.6541
      vertex 7.4403 24 34.3141
    endloop
  endfacet
  facet normal 0 1 0
    outer loop
      vertex 0 24 25
      vertex 7.4403 24 34.3141
      vertex 7.55172 24 33.9859
    endloop
  endfacet
  facet normal 0 1 0
    outer loop
      vertex 0 24 25
      vertex 7.55172 24 33.9859
      vertex 7.70503 24 33.675
    endloop
  endfacet
  facet normal 0 1 0
    outer loop
      vertex 0 24 25
      vertex 7.70503 24 33.675
      vertex 7.89761 24 33.3868
    endloop
  endfacet
  facet normal 0 1 0
    outer loop
      vertex 0 24 25
      vertex 7.89761 24 33.3868
      vertex 8.12617 24 33.1262
    endloop
  endfacet
  facet normal 0 1 0
    outer loop
      vertex 10.3459 24 32.3727
      vertex 20 24 25
      vertex 10 24 32.35
    endloop
  endfacet
  facet normal 0 1 0
    outer loop
      vertex 0 24 25
      vertex 10 24 32.35
      vertex 20 24 25
    endloop
  endfacet
  facet normal 0 1 0
    outer loop
      vertex 10 24 32.35
      vertex 0 24 25
      vertex 9.65411 24 32.3727
    endloop
  endfacet
  facet normal 0 1 0
    outer loop
      vertex 9.65411 24 32.3727
      vertex 0 24 25
      vertex 9.31413 24 32.4403
    endloop
  endfacet
  facet normal 0 1 0
    outer loop
      vertex 9.31413 24 32.4403
      vertex 0 24 25
      vertex 8.98589 24 32.5517
    endloop
  endfacet
  facet normal 0 1 0
    outer loop
      vertex 8.98589 24 32.5517
      vertex 0 24 25
      vertex 8.675 24 32.705
    endloop
  endfacet
  facet normal 0 1 0
    outer loop
      vertex 8.675 24 32.705
      vertex 0 24 25
      vertex 8.38678 24 32.8976
    endloop
  endfacet
  facet normal 0 1 0
    outer loop
      vertex 0 24 25
      vertex 8.12617 24 33.1262
      vertex 8.38678 24 32.8976
    endloop
  endfacet
  facet normal 0 1 0
    outer loop
      vertex 7.37267 24 34.6541
      vertex 0 24 25
      vertex -4 24 25
    endloop
  endfacet
  facet normal 0 1 0
    outer loop
      vertex 7.35 24 35
      vertex -4 24 25
      vertex -4 24 45
    endloop
  endfacet
  facet normal 0 -1 0
    outer loop
      vertex -4 -4 45
      vertex 10 -4 37.65
      vertex 24 -4 45
    endloop
  endfacet
  facet normal 0 -1 0
    outer loop
      vertex -4 -4 45
      vertex 9.65411 -4 37.6273
      vertex 10 -4 37.65
    endloop
  endfacet
  facet normal 0 -1 0
    outer loop
      vertex -4 -4 45
      vertex 9.31413 -4 37.5597
      vertex 9.65411 -4 37.6273
    endloop
  endfacet
  facet normal 0 -1 0
    outer loop
      vertex -4 -4 45
      vertex 8.98589 -4 37.4483
      vertex 9.31413 -4 37.5597
    endloop
  endfacet
  facet normal 0 -1 0
    outer loop
      vertex -4 -4 45
      vertex 8.675 -4 37.295
      vertex 8.98589 -4 37.4483
    endloop
  endfacet
  facet normal 0 -1 0
    outer loop
      vertex -4 -4 45
      vertex 8.38678 -4 37.1024
      vertex 8.675 -4 37.295
    endloop
  endfacet
  facet normal 0 -1 0
    outer loop
      vertex -4 -4 45
      vertex 8.12617 -4 36.8738
      vertex 8.38678 -4 37.1024
    endloop
  endfacet
  facet normal 0 -1 0
    outer loop
      vertex -4 -4 45
      vertex 7.89761 -4 36.6132
      vertex 8.12617 -4 36.8738
    endloop
  endfacet
  facet normal 0 -1 0
    outer loop
      vertex -4 -4 45
      vertex 7.70503 -4 36.325
      vertex 7.89761 -4 36.6132
    endloop
  endfacet
  facet normal 0 -1 0
    outer loop
      vertex -4 -4 45
      vertex 7.55172 -4 36.0141
      vertex 7.70503 -4 36.325
    endloop
  endfacet
  facet normal 0 -1 0
    outer loop
      vertex -4 -4 45
      vertex 7.4403 -4 35.6859
      vertex 7.55172 -4 36.0141
    endloop
  endfacet
  facet normal 0 -1 0
    outer loop
      vertex -4 -4 45
      vertex 7.37267 -4 35.3459
      vertex 7.4403 -4 35.6859
    endloop
  endfacet
  facet normal 0 -1 0
    outer loop
      vertex -4 -4 45
      vertex 7.35 -4 35
      vertex 7.37267 -4 35.3459
    endloop
  endfacet
  facet normal 0 -1 0
    outer loop
      vertex -4 -4 25
      vertex 7.35 -4 35
      vertex -4 -4 45
    endloop
  endfacet
  facet normal 0 -1 -0
    outer loop
      vertex 7.35 -4 35
      vertex -4 -4 25
      vertex 7.37267 -4 34.6541
    endloop
  endfacet
  facet normal 0 -1 -0
    outer loop
      vertex 7.37267 -4 34.6541
      vertex -4 -4 25
      vertex 7.4403 -4 34.3141
    endloop
  endfacet
  facet normal 0 -1 -0
    outer loop
      vertex 7.4403 -4 34.3141
      vertex -4 -4 25
      vertex 7.55172 -4 33.9859
    endloop
  endfacet
  facet normal 0 -1 -0
    outer loop
      vertex 7.55172 -4 33.9859
      vertex -4 -4 25
      vertex 7.70503 -4 33.675
    endloop
  endfacet
  facet normal 0 -1 -0
    outer loop
      vertex 7.70503 -4 33.675
      vertex -4 -4 25
      vertex 7.89761 -4 33.3868
    endloop
  endfacet
  facet normal 0 -1 -0
    outer loop
      vertex 9.65411 -4 32.3727
      vertex -4 -4 25
      vertex 10 -4 32.35
    endloop
  endfacet
  facet normal 0 -1 -0
    outer loop
      vertex 9.31413 -4 32.4403
      vertex -4 -4 25
      vertex 9.65411 -4 32.3727
    endloop
  endfacet
  facet normal 0 -1 -0
    outer loop
      vertex 8.98589 -4 32.5517
      vertex -4 -4 25
      vertex 9.31413 -4 32.4403
    endloop
  endfacet
  facet normal 0 -1 -0
    outer loop
      vertex 8.675 -4 32.705
      vertex -4 -4 25
      vertex 8.98589 -4 32.5517
    endloop
  endfacet
  facet normal 0 -1 -0
    outer loop
      vertex 8.38678 -4 32.8976
      vertex -4 -4 25
      vertex 8.675 -4 32.705
    endloop
  endfacet
  facet normal 0 -1 -0
    outer loop
      vertex 8.12617 -4 33.1262
      vertex -4 -4 25
      vertex 8.38678 -4 32.8976
    endloop
  endfacet
  facet normal 0 -1 -0
    outer loop
      vertex 7.89761 -4 33.3868
      vertex -4 -4 25
      vertex 8.12617 -4 33.1262
    endloop
  endfacet
  facet normal 0 -1 0
    outer loop
      vertex 10.3459 -4 37.6273
      vertex 24 -4 45
      vertex 10 -4 37.65
    endloop
  endfacet
  facet normal 0 -1 0
    outer loop
      vertex 10.6859 -4 37.5597
      vertex 24 -4 45
      vertex 10.3459 -4 37.6273
    endloop
  endfacet
  facet normal 0 -1 0
    outer loop
      vertex 11.0141 -4 37.4483
      vertex 24 -4 45
      vertex 10.6859 -4 37.5597
    endloop
  endfacet
  facet normal 0 -1 0
    outer loop
      vertex 11.325 -4 37.295
      vertex 24 -4 45
      vertex 11.0141 -4 37.4483
    endloop
  endfacet
  facet normal 0 -1 0
    outer loop
      vertex 11.6132 -4 37.1024
      vertex 24 -4 45
      vertex 11.325 -4 37.295
    endloop
  endfacet
  facet normal 0 -1 0
    outer loop
      vertex 11.8738 -4 36.8738
      vertex 24 -4 45
      vertex 11.6132 -4 37.1024
    endloop
  endfacet
  facet normal 0 -1 0
    outer loop
      vertex 12.1024 -4 36.6132
      vertex 24 -4 45
      vertex 11.8738 -4 36.8738
    endloop
  endfacet
  facet normal 0 -1 0
    outer loop
      vertex 12.295 -4 36.325
      vertex 24 -4 45
      vertex 12.1024 -4 36.6132
    endloop
  endfacet
  facet normal 0 -1 0
    outer loop
      vertex 12.4483 -4 36.0141
      vertex 24 -4 45
      vertex 12.295 -4 36.325
    endloop
  endfacet
  facet normal 0 -1 0
    outer loop
      vertex 12.5597 -4 35.6859
      vertex 24 -4 45
      vertex 12.4483 -4 36.0141
    endloop
  endfacet
  facet normal 0 -1 0
    outer loop
      vertex 12.6273 -4 35.3459
      vertex 24 -4 45
      vertex 12.5597 -4 35.6859
    endloop
  endfacet
  facet normal 0 -1 0
    outer loop
      vertex 12.65 -4 35
      vertex 24 -4 45
      vertex 12.6273 -4 35.3459
    endloop
  endfacet
  facet normal 0 -1 0
    outer loop
      vertex 24 -4 25
      vertex 12.65 -4 35
      vertex 12.6273 -4 34.6541
    endloop
  endfacet
  facet normal 0 -1 0
    outer loop
      vertex 24 -4 25
      vertex 12.6273 -4 34.6541
      vertex 12.5597 -4 34.3141
    endloop
  endfacet
  facet normal 0 -1 0
    outer loop
      vertex 24 -4 25
      vertex 12.5597 -4 34.3141
      vertex 12.4483 -4 33.9859
    endloop
  endfacet
  facet normal 0 -1 0
    outer loop
      vertex 24 -4 25
      vertex 12.4483 -4 33.9859
      vertex 12.295 -4 33.675
    endloop
  endfacet
  facet normal 0 -1 0
    outer loop
      vertex 24 -4 25
      vertex 12.295 -4 33.675
      vertex 12.1024 -4 33.3868
    endloop
  endfacet
  facet normal 0 -1 0
    outer loop
      vertex 24 -4 25
      vertex 12.1024 -4 33.3868
      vertex 11.8738 -4 33.1262
    endloop
  endfacet
  facet normal 0 -1 0
    outer loop
      vertex 24 -4 25
      vertex 10 -4 32.35
      vertex -4 -4 25
    endloop
  endfacet
  facet normal 0 -1 0
    outer loop
      vertex 10 -4 32.35
      vertex 24 -4 25
      vertex 10.3459 -4 32.3727
    endloop
  endfacet
  facet normal 0 -1 0
    outer loop
      vertex 10.3459 -4 32.3727
      vertex 24 -4 25
      vertex 10.6859 -4 32.4403
    endloop
  endfacet
  facet normal 0 -1 0
    outer loop
      vertex 10.6859 -4 32.4403
      vertex 24 -4 25
      vertex 11.0141 -4 32.5517
    endloop
  endfacet
  facet normal 0 -1 0
    outer loop
      vertex 12.65 -4 35
      vertex 24 -4 25
      vertex 24 -4 45
    endloop
  endfacet
  facet normal 0 -1 0
    outer loop
      vertex 11.6132 -4 32.8976
      vertex 24 -4 25
      vertex 11.8738 -4 33.1262
    endloop
  endfacet
  facet normal 0 -1 0
    outer loop
      vertex 11.325 -4 32.705
      vertex 24 -4 25
      vertex 11.6132 -4 32.8976
    endloop
  endfacet
  facet normal 0 -1 0
    outer loop
      vertex 11.0141 -4 32.5517
      vertex 24 -4 25
      vertex 11.325 -4 32.705
    endloop
  endfacet
  facet normal -0.555632 -0.831428 0
    outer loop
      vertex 11.325 12.295 0
      vertex 11.6132 12.1024 5.1
      vertex 11.325 12.295 5.1
    endloop
  endfacet
  facet normal -0.555632 -0.831428 -0
    outer loop
      vertex 11.6132 12.1024 5.1
      vertex 11.325 12.295 0
      vertex 11.6132 12.1024 0
    endloop
  endfacet
  facet normal 0.980785 -0.19509 0
    outer loop
      vertex 7.37267 10.3459 5.1
      vertex 7.4403 10.6859 0
      vertex 7.4403 10.6859 5.1
    endloop
  endfacet
  facet normal 0.980785 -0.19509 0
    outer loop
      vertex 7.4403 10.6859 0
      vertex 7.37267 10.3459 5.1
      vertex 7.37267 10.3459 0
    endloop
  endfacet
  facet normal -0.9808 0.195018 0
    outer loop
      vertex 12.5597 9.31413 0
      vertex 12.6273 9.65411 5.1
      vertex 12.6273 9.65411 0
    endloop
  endfacet
  facet normal -0.9808 0.195018 0
    outer loop
      vertex 12.6273 9.65411 5.1
      vertex 12.5597 9.31413 0
      vertex 12.5597 9.31413 5.1
    endloop
  endfacet
  facet normal 0.195101 0.980783 -0
    outer loop
      vertex 9.65411 7.37267 0
      vertex 9.31413 7.4403 5.1
      vertex 9.65411 7.37267 5.1
    endloop
  endfacet
  facet normal 0.195101 0.980783 0
    outer loop
      vertex 9.31413 7.4403 5.1
      vertex 9.65411 7.37267 0
      vertex 9.31413 7.4403 0
    endloop
  endfacet
  facet normal 0.442256 -0.896889 0
    outer loop
      vertex 8.675 12.295 0
      vertex 8.98589 12.4483 5.1
      vertex 8.675 12.295 5.1
    endloop
  endfacet
  facet normal 0.442256 -0.896889 0
    outer loop
      vertex 8.98589 12.4483 5.1
      vertex 8.675 12.295 0
      vertex 8.98589 12.4483 0
    endloop
  endfacet
  facet normal 0.94692 -0.321468 0
    outer loop
      vertex 7.4403 10.6859 5.1
      vertex 7.55172 11.0141 0
      vertex 7.55172 11.0141 5.1
    endloop
  endfacet
  facet normal 0.94692 -0.321468 0
    outer loop
      vertex 7.55172 11.0141 0
      vertex 7.4403 10.6859 5.1
      vertex 7.4403 10.6859 0
    endloop
  endfacet
  facet normal -0.751767 0.659429 0
    outer loop
      vertex 11.8738 8.12617 0
      vertex 12.1024 8.38678 5.1
      vertex 12.1024 8.38678 0
    endloop
  endfacet
  facet normal -0.751767 0.659429 0
    outer loop
      vertex 12.1024 8.38678 5.1
      vertex 11.8738 8.12617 0
      vertex 11.8738 8.12617 5.1
    endloop
  endfacet
  facet normal -0.997853 0.0654869 0
    outer loop
      vertex 12.6273 9.65411 0
      vertex 12.65 10 5.1
      vertex 12.65 10 0
    endloop
  endfacet
  facet normal -0.997853 0.0654869 0
    outer loop
      vertex 12.65 10 5.1
      vertex 12.6273 9.65411 0
      vertex 12.6273 9.65411 5.1
    endloop
  endfacet
  facet normal -0.896894 -0.442245 0
    outer loop
      vertex 12.4483 11.0141 0
      vertex 12.295 11.325 5.1
      vertex 12.295 11.325 0
    endloop
  endfacet
  facet normal -0.896894 -0.442245 0
    outer loop
      vertex 12.295 11.325 5.1
      vertex 12.4483 11.0141 0
      vertex 12.4483 11.0141 5.1
    endloop
  endfacet
  facet normal -0.831428 -0.555632 0
    outer loop
      vertex 12.295 11.325 0
      vertex 12.1024 11.6132 5.1
      vertex 12.1024 11.6132 0
    endloop
  endfacet
  facet normal -0.831428 -0.555632 0
    outer loop
      vertex 12.1024 11.6132 5.1
      vertex 12.295 11.325 0
      vertex 12.295 11.325 5.1
    endloop
  endfacet
  facet normal -0.659444 -0.751754 0
    outer loop
      vertex 11.6132 12.1024 0
      vertex 11.8738 11.8738 5.1
      vertex 11.6132 12.1024 5.1
    endloop
  endfacet
  facet normal -0.659444 -0.751754 -0
    outer loop
      vertex 11.8738 11.8738 5.1
      vertex 11.6132 12.1024 0
      vertex 11.8738 11.8738 0
    endloop
  endfacet
  facet normal -0.321416 -0.946938 0
    outer loop
      vertex 10.6859 12.5597 0
      vertex 11.0141 12.4483 5.1
      vertex 10.6859 12.5597 5.1
    endloop
  endfacet
  facet normal -0.321416 -0.946938 -0
    outer loop
      vertex 11.0141 12.4483 5.1
      vertex 10.6859 12.5597 0
      vertex 11.0141 12.4483 0
    endloop
  endfacet
  facet normal -0.195007 -0.980802 0
    outer loop
      vertex 10.3459 12.6273 0
      vertex 10.6859 12.5597 5.1
      vertex 10.3459 12.6273 5.1
    endloop
  endfacet
  facet normal -0.195007 -0.980802 -0
    outer loop
      vertex 10.6859 12.5597 5.1
      vertex 10.3459 12.6273 0
      vertex 10.6859 12.5597 0
    endloop
  endfacet
  facet normal -0.065485 -0.997854 0
    outer loop
      vertex 10 12.65 0
      vertex 10.3459 12.6273 5.1
      vertex 10 12.65 5.1
    endloop
  endfacet
  facet normal -0.065485 -0.997854 -0
    outer loop
      vertex 10.3459 12.6273 5.1
      vertex 10 12.65 0
      vertex 10.3459 12.6273 0
    endloop
  endfacet
  facet normal 0.997859 -0.0653989 0
    outer loop
      vertex 7.35 10 5.1
      vertex 7.37267 10.3459 0
      vertex 7.37267 10.3459 5.1
    endloop
  endfacet
  facet normal 0.997859 -0.0653989 0
    outer loop
      vertex 7.37267 10.3459 0
      vertex 7.35 10 5.1
      vertex 7.35 10 0
    endloop
  endfacet
  facet normal 0.831455 -0.555592 0
    outer loop
      vertex 7.70503 11.325 5.1
      vertex 7.89761 11.6132 0
      vertex 7.89761 11.6132 5.1
    endloop
  endfacet
  facet normal 0.831455 -0.555592 0
    outer loop
      vertex 7.89761 11.6132 0
      vertex 7.70503 11.325 5.1
      vertex 7.70503 11.325 0
    endloop
  endfacet
  facet normal 0.321381 -0.94695 0
    outer loop
      vertex 8.98589 12.4483 0
      vertex 9.31413 12.5597 5.1
      vertex 8.98589 12.4483 5.1
    endloop
  endfacet
  facet normal 0.321381 -0.94695 0
    outer loop
      vertex 9.31413 12.5597 5.1
      vertex 8.98589 12.4483 0
      vertex 9.31413 12.5597 0
    endloop
  endfacet
  facet normal 0.751811 -0.659378 0
    outer loop
      vertex 7.89761 11.6132 5.1
      vertex 8.12617 11.8738 0
      vertex 8.12617 11.8738 5.1
    endloop
  endfacet
  facet normal 0.751811 -0.659378 0
    outer loop
      vertex 8.12617 11.8738 0
      vertex 7.89761 11.6132 5.1
      vertex 7.89761 11.6132 0
    endloop
  endfacet
  facet normal -0.94695 0.321381 0
    outer loop
      vertex 12.4483 8.98589 0
      vertex 12.5597 9.31413 5.1
      vertex 12.5597 9.31413 0
    endloop
  endfacet
  facet normal -0.94695 0.321381 0
    outer loop
      vertex 12.5597 9.31413 5.1
      vertex 12.4483 8.98589 0
      vertex 12.4483 8.98589 5.1
    endloop
  endfacet
  facet normal -0.442268 0.896883 0
    outer loop
      vertex 11.325 7.70503 0
      vertex 11.0141 7.55172 5.1
      vertex 11.325 7.70503 5.1
    endloop
  endfacet
  facet normal -0.442268 0.896883 0
    outer loop
      vertex 11.0141 7.55172 5.1
      vertex 11.325 7.70503 0
      vertex 11.0141 7.55172 0
    endloop
  endfacet
  facet normal 0.0654007 0.997859 -0
    outer loop
      vertex 10 7.35 0
      vertex 9.65411 7.37267 5.1
      vertex 10 7.35 5.1
    endloop
  endfacet
  facet normal 0.0654007 0.997859 0
    outer loop
      vertex 9.65411 7.37267 5.1
      vertex 10 7.35 0
      vertex 9.65411 7.37267 0
    endloop
  endfacet
  facet normal 0.555565 0.831473 -0
    outer loop
      vertex 8.675 7.70503 0
      vertex 8.38678 7.89761 5.1
      vertex 8.675 7.70503 5.1
    endloop
  endfacet
  facet normal 0.555565 0.831473 0
    outer loop
      vertex 8.38678 7.89761 5.1
      vertex 8.675 7.70503 0
      vertex 8.38678 7.89761 0
    endloop
  endfacet
  facet normal 0.659364 0.751824 -0
    outer loop
      vertex 8.38678 7.89761 0
      vertex 8.12617 8.12617 5.1
      vertex 8.38678 7.89761 5.1
    endloop
  endfacet
  facet normal 0.659364 0.751824 0
    outer loop
      vertex 8.12617 8.12617 5.1
      vertex 8.38678 7.89761 0
      vertex 8.12617 8.12617 0
    endloop
  endfacet
  facet normal -0.980802 -0.195007 0
    outer loop
      vertex 12.6273 10.3459 0
      vertex 12.5597 10.6859 5.1
      vertex 12.5597 10.6859 0
    endloop
  endfacet
  facet normal -0.980802 -0.195007 0
    outer loop
      vertex 12.5597 10.6859 5.1
      vertex 12.6273 10.3459 0
      vertex 12.6273 10.3459 5.1
    endloop
  endfacet
  facet normal -0.946938 -0.321416 0
    outer loop
      vertex 12.5597 10.6859 0
      vertex 12.4483 11.0141 5.1
      vertex 12.4483 11.0141 0
    endloop
  endfacet
  facet normal -0.946938 -0.321416 0
    outer loop
      vertex 12.4483 11.0141 5.1
      vertex 12.5597 10.6859 0
      vertex 12.5597 10.6859 5.1
    endloop
  endfacet
  facet normal -0.751754 -0.659444 0
    outer loop
      vertex 12.1024 11.6132 0
      vertex 11.8738 11.8738 5.1
      vertex 11.8738 11.8738 0
    endloop
  endfacet
  facet normal -0.751754 -0.659444 0
    outer loop
      vertex 11.8738 11.8738 5.1
      vertex 12.1024 11.6132 0
      vertex 12.1024 11.6132 5.1
    endloop
  endfacet
  facet normal 0.0654869 -0.997853 0
    outer loop
      vertex 9.65411 12.6273 0
      vertex 10 12.65 5.1
      vertex 9.65411 12.6273 5.1
    endloop
  endfacet
  facet normal 0.0654869 -0.997853 0
    outer loop
      vertex 10 12.65 5.1
      vertex 9.65411 12.6273 0
      vertex 10 12.65 0
    endloop
  endfacet
  facet normal -0.442245 -0.896894 0
    outer loop
      vertex 11.0141 12.4483 0
      vertex 11.325 12.295 5.1
      vertex 11.0141 12.4483 5.1
    endloop
  endfacet
  facet normal -0.442245 -0.896894 -0
    outer loop
      vertex 11.325 12.295 5.1
      vertex 11.0141 12.4483 0
      vertex 11.325 12.295 0
    endloop
  endfacet
  facet normal 0 0 -1
    outer loop
      vertex 12.6273 9.65411 5.1
      vertex 12.6273 10.3459 5.1
      vertex 12.65 10 5.1
    endloop
  endfacet
  facet normal 0 0 -1
    outer loop
      vertex 12.5597 9.31413 5.1
      vertex 12.6273 10.3459 5.1
      vertex 12.6273 9.65411 5.1
    endloop
  endfacet
  facet normal 0 0 -1
    outer loop
      vertex 12.5597 9.31413 5.1
      vertex 12.5597 10.6859 5.1
      vertex 12.6273 10.3459 5.1
    endloop
  endfacet
  facet normal 0 0 -1
    outer loop
      vertex 12.4483 8.98589 5.1
      vertex 12.5597 10.6859 5.1
      vertex 12.5597 9.31413 5.1
    endloop
  endfacet
  facet normal 0 0 -1
    outer loop
      vertex 12.4483 8.98589 5.1
      vertex 12.4483 11.0141 5.1
      vertex 12.5597 10.6859 5.1
    endloop
  endfacet
  facet normal 0 0 -1
    outer loop
      vertex 12.295 8.675 5.1
      vertex 12.4483 11.0141 5.1
      vertex 12.4483 8.98589 5.1
    endloop
  endfacet
  facet normal 0 0 -1
    outer loop
      vertex 12.295 8.675 5.1
      vertex 12.295 11.325 5.1
      vertex 12.4483 11.0141 5.1
    endloop
  endfacet
  facet normal 0 0 -1
    outer loop
      vertex 12.1024 8.38678 5.1
      vertex 12.295 11.325 5.1
      vertex 12.295 8.675 5.1
    endloop
  endfacet
  facet normal 0 0 -1
    outer loop
      vertex 12.1024 8.38678 5.1
      vertex 12.1024 11.6132 5.1
      vertex 12.295 11.325 5.1
    endloop
  endfacet
  facet normal 0 0 -1
    outer loop
      vertex 11.8738 8.12617 5.1
      vertex 12.1024 11.6132 5.1
      vertex 12.1024 8.38678 5.1
    endloop
  endfacet
  facet normal 0 0 -1
    outer loop
      vertex 11.8738 8.12617 5.1
      vertex 11.8738 11.8738 5.1
      vertex 12.1024 11.6132 5.1
    endloop
  endfacet
  facet normal 0 0 -1
    outer loop
      vertex 11.6132 7.89761 5.1
      vertex 11.8738 11.8738 5.1
      vertex 11.8738 8.12617 5.1
    endloop
  endfacet
  facet normal 0 0 -1
    outer loop
      vertex 11.6132 7.89761 5.1
      vertex 11.6132 12.1024 5.1
      vertex 11.8738 11.8738 5.1
    endloop
  endfacet
  facet normal 0 0 -1
    outer loop
      vertex 11.325 7.70503 5.1
      vertex 11.6132 12.1024 5.1
      vertex 11.6132 7.89761 5.1
    endloop
  endfacet
  facet normal 0 0 -1
    outer loop
      vertex 11.325 7.70503 5.1
      vertex 11.325 12.295 5.1
      vertex 11.6132 12.1024 5.1
    endloop
  endfacet
  facet normal 0 0 -1
    outer loop
      vertex 11.0141 7.55172 5.1
      vertex 11.325 12.295 5.1
      vertex 11.325 7.70503 5.1
    endloop
  endfacet
  facet normal 0 0 -1
    outer loop
      vertex 11.0141 7.55172 5.1
      vertex 11.0141 12.4483 5.1
      vertex 11.325 12.295 5.1
    endloop
  endfacet
  facet normal 0 0 -1
    outer loop
      vertex 10.6859 7.4403 5.1
      vertex 11.0141 12.4483 5.1
      vertex 11.0141 7.55172 5.1
    endloop
  endfacet
  facet normal 0 0 -1
    outer loop
      vertex 10.6859 7.4403 5.1
      vertex 10.6859 12.5597 5.1
      vertex 11.0141 12.4483 5.1
    endloop
  endfacet
  facet normal 0 0 -1
    outer loop
      vertex 10.3459 7.37267 5.1
      vertex 10.6859 12.5597 5.1
      vertex 10.6859 7.4403 5.1
    endloop
  endfacet
  facet normal 0 0 -1
    outer loop
      vertex 10.3459 7.37267 5.1
      vertex 10.3459 12.6273 5.1
      vertex 10.6859 12.5597 5.1
    endloop
  endfacet
  facet normal 0 0 -1
    outer loop
      vertex 10 7.35 5.1
      vertex 10.3459 12.6273 5.1
      vertex 10.3459 7.37267 5.1
    endloop
  endfacet
  facet normal 0 0 -1
    outer loop
      vertex 10 7.35 5.1
      vertex 10 12.65 5.1
      vertex 10.3459 12.6273 5.1
    endloop
  endfacet
  facet normal 0 0 -1
    outer loop
      vertex 9.65411 7.37267 5.1
      vertex 10 12.65 5.1
      vertex 10 7.35 5.1
    endloop
  endfacet
  facet normal 0 0 -1
    outer loop
      vertex 9.65411 7.37267 5.1
      vertex 9.65411 12.6273 5.1
      vertex 10 12.65 5.1
    endloop
  endfacet
  facet normal 0 0 -1
    outer loop
      vertex 9.31413 7.4403 5.1
      vertex 9.65411 12.6273 5.1
      vertex 9.65411 7.37267 5.1
    endloop
  endfacet
  facet normal 0 0 -1
    outer loop
      vertex 9.31413 7.4403 5.1
      vertex 9.31413 12.5597 5.1
      vertex 9.65411 12.6273 5.1
    endloop
  endfacet
  facet normal 0 0 -1
    outer loop
      vertex 8.98589 7.55172 5.1
      vertex 9.31413 12.5597 5.1
      vertex 9.31413 7.4403 5.1
    endloop
  endfacet
  facet normal 0 0 -1
    outer loop
      vertex 8.98589 7.55172 5.1
      vertex 8.98589 12.4483 5.1
      vertex 9.31413 12.5597 5.1
    endloop
  endfacet
  facet normal 0 0 -1
    outer loop
      vertex 8.675 7.70503 5.1
      vertex 8.98589 12.4483 5.1
      vertex 8.98589 7.55172 5.1
    endloop
  endfacet
  facet normal 0 0 -1
    outer loop
      vertex 8.675 7.70503 5.1
      vertex 8.675 12.295 5.1
      vertex 8.98589 12.4483 5.1
    endloop
  endfacet
  facet normal 0 0 -1
    outer loop
      vertex 8.38678 7.89761 5.1
      vertex 8.675 12.295 5.1
      vertex 8.675 7.70503 5.1
    endloop
  endfacet
  facet normal 0 0 -1
    outer loop
      vertex 8.38678 7.89761 5.1
      vertex 8.38678 12.1024 5.1
      vertex 8.675 12.295 5.1
    endloop
  endfacet
  facet normal 0 0 -1
    outer loop
      vertex 8.12617 8.12617 5.1
      vertex 8.38678 12.1024 5.1
      vertex 8.38678 7.89761 5.1
    endloop
  endfacet
  facet normal 0 0 -1
    outer loop
      vertex 8.12617 8.12617 5.1
      vertex 8.12617 11.8738 5.1
      vertex 8.38678 12.1024 5.1
    endloop
  endfacet
  facet normal 0 0 -1
    outer loop
      vertex 7.89761 8.38678 5.1
      vertex 8.12617 11.8738 5.1
      vertex 8.12617 8.12617 5.1
    endloop
  endfacet
  facet normal 0 0 -1
    outer loop
      vertex 7.89761 8.38678 5.1
      vertex 7.89761 11.6132 5.1
      vertex 8.12617 11.8738 5.1
    endloop
  endfacet
  facet normal 0 0 -1
    outer loop
      vertex 7.70503 8.675 5.1
      vertex 7.89761 11.6132 5.1
      vertex 7.89761 8.38678 5.1
    endloop
  endfacet
  facet normal 0 0 -1
    outer loop
      vertex 7.70503 8.675 5.1
      vertex 7.70503 11.325 5.1
      vertex 7.89761 11.6132 5.1
    endloop
  endfacet
  facet normal 0 0 -1
    outer loop
      vertex 7.55172 8.98589 5.1
      vertex 7.70503 11.325 5.1
      vertex 7.70503 8.675 5.1
    endloop
  endfacet
  facet normal 0 0 -1
    outer loop
      vertex 7.55172 8.98589 5.1
      vertex 7.55172 11.0141 5.1
      vertex 7.70503 11.325 5.1
    endloop
  endfacet
  facet normal 0 0 -1
    outer loop
      vertex 7.4403 9.31413 5.1
      vertex 7.55172 11.0141 5.1
      vertex 7.55172 8.98589 5.1
    endloop
  endfacet
  facet normal 0 0 -1
    outer loop
      vertex 7.4403 9.31413 5.1
      vertex 7.4403 10.6859 5.1
      vertex 7.55172 11.0141 5.1
    endloop
  endfacet
  facet normal 0 0 -1
    outer loop
      vertex 7.37267 9.65411 5.1
      vertex 7.4403 10.6859 5.1
      vertex 7.4403 9.31413 5.1
    endloop
  endfacet
  facet normal 0 0 -1
    outer loop
      vertex 7.37267 9.65411 5.1
      vertex 7.37267 10.3459 5.1
      vertex 7.4403 10.6859 5.1
    endloop
  endfacet
  facet normal 0 -0 -1
    outer loop
      vertex 7.37267 10.3459 5.1
      vertex 7.37267 9.65411 5.1
      vertex 7.35 10 5.1
    endloop
  endfacet
  facet normal 0.896883 -0.442268 0
    outer loop
      vertex 7.55172 11.0141 5.1
      vertex 7.70503 11.325 0
      vertex 7.70503 11.325 5.1
    endloop
  endfacet
  facet normal 0.896883 -0.442268 0
    outer loop
      vertex 7.70503 11.325 0
      vertex 7.55172 11.0141 5.1
      vertex 7.55172 11.0141 0
    endloop
  endfacet
  facet normal 0.195018 -0.9808 0
    outer loop
      vertex 9.31413 12.5597 0
      vertex 9.65411 12.6273 5.1
      vertex 9.31413 12.5597 5.1
    endloop
  endfacet
  facet normal 0.195018 -0.9808 0
    outer loop
      vertex 9.65411 12.6273 5.1
      vertex 9.31413 12.5597 0
      vertex 9.65411 12.6273 0
    endloop
  endfacet
  facet normal 0.659429 -0.751767 0
    outer loop
      vertex 8.12617 11.8738 0
      vertex 8.38678 12.1024 5.1
      vertex 8.12617 11.8738 5.1
    endloop
  endfacet
  facet normal 0.659429 -0.751767 0
    outer loop
      vertex 8.38678 12.1024 5.1
      vertex 8.12617 11.8738 0
      vertex 8.38678 12.1024 0
    endloop
  endfacet
  facet normal 0.555605 -0.831446 0
    outer loop
      vertex 8.38678 12.1024 0
      vertex 8.675 12.295 5.1
      vertex 8.38678 12.1024 5.1
    endloop
  endfacet
  facet normal 0.555605 -0.831446 0
    outer loop
      vertex 8.675 12.295 5.1
      vertex 8.38678 12.1024 0
      vertex 8.675 12.295 0
    endloop
  endfacet
  facet normal -0.997854 -0.065485 0
    outer loop
      vertex 12.65 10 0
      vertex 12.6273 10.3459 5.1
      vertex 12.6273 10.3459 0
    endloop
  endfacet
  facet normal -0.997854 -0.065485 0
    outer loop
      vertex 12.6273 10.3459 5.1
      vertex 12.65 10 0
      vertex 12.65 10 5.1
    endloop
  endfacet
  facet normal -0.19509 0.980785 0
    outer loop
      vertex 10.6859 7.4403 0
      vertex 10.3459 7.37267 5.1
      vertex 10.6859 7.4403 5.1
    endloop
  endfacet
  facet normal -0.19509 0.980785 0
    outer loop
      vertex 10.3459 7.37267 5.1
      vertex 10.6859 7.4403 0
      vertex 10.3459 7.37267 0
    endloop
  endfacet
  facet normal -0.831446 0.555605 0
    outer loop
      vertex 12.1024 8.38678 0
      vertex 12.295 8.675 5.1
      vertex 12.295 8.675 0
    endloop
  endfacet
  facet normal -0.831446 0.555605 0
    outer loop
      vertex 12.295 8.675 5.1
      vertex 12.1024 8.38678 0
      vertex 12.1024 8.38678 5.1
    endloop
  endfacet
  facet normal -0.896889 0.442256 0
    outer loop
      vertex 12.295 8.675 0
      vertex 12.4483 8.98589 5.1
      vertex 12.4483 8.98589 0
    endloop
  endfacet
  facet normal -0.896889 0.442256 0
    outer loop
      vertex 12.4483 8.98589 5.1
      vertex 12.295 8.675 0
      vertex 12.295 8.675 5.1
    endloop
  endfacet
  facet normal -0.555592 0.831455 0
    outer loop
      vertex 11.6132 7.89761 0
      vertex 11.325 7.70503 5.1
      vertex 11.6132 7.89761 5.1
    endloop
  endfacet
  facet normal -0.555592 0.831455 0
    outer loop
      vertex 11.325 7.70503 5.1
      vertex 11.6132 7.89761 0
      vertex 11.325 7.70503 0
    endloop
  endfacet
  facet normal -0.0653989 0.997859 0
    outer loop
      vertex 10.3459 7.37267 0
      vertex 10 7.35 5.1
      vertex 10.3459 7.37267 5.1
    endloop
  endfacet
  facet normal -0.0653989 0.997859 0
    outer loop
      vertex 10 7.35 5.1
      vertex 10.3459 7.37267 0
      vertex 10 7.35 0
    endloop
  endfacet
  facet normal 0.442279 0.896877 -0
    outer loop
      vertex 8.98589 7.55172 0
      vertex 8.675 7.70503 5.1
      vertex 8.98589 7.55172 5.1
    endloop
  endfacet
  facet normal 0.442279 0.896877 0
    outer loop
      vertex 8.675 7.70503 5.1
      vertex 8.98589 7.55172 0
      vertex 8.675 7.70503 0
    endloop
  endfacet
  facet normal 0.896877 0.442279 0
    outer loop
      vertex 7.70503 8.675 5.1
      vertex 7.55172 8.98589 0
      vertex 7.55172 8.98589 5.1
    endloop
  endfacet
  facet normal 0.896877 0.442279 0
    outer loop
      vertex 7.55172 8.98589 0
      vertex 7.70503 8.675 5.1
      vertex 7.70503 8.675 0
    endloop
  endfacet
  facet normal 0.980783 0.195101 0
    outer loop
      vertex 7.4403 9.31413 5.1
      vertex 7.37267 9.65411 0
      vertex 7.37267 9.65411 5.1
    endloop
  endfacet
  facet normal 0.980783 0.195101 0
    outer loop
      vertex 7.37267 9.65411 0
      vertex 7.4403 9.31413 5.1
      vertex 7.4403 9.31413 0
    endloop
  endfacet
  facet normal 0.831473 0.555565 0
    outer loop
      vertex 7.89761 8.38678 5.1
      vertex 7.70503 8.675 0
      vertex 7.70503 8.675 5.1
    endloop
  endfacet
  facet normal 0.831473 0.555565 0
    outer loop
      vertex 7.70503 8.675 0
      vertex 7.89761 8.38678 5.1
      vertex 7.89761 8.38678 0
    endloop
  endfacet
  facet normal 0.997859 0.0654007 0
    outer loop
      vertex 7.37267 9.65411 5.1
      vertex 7.35 10 0
      vertex 7.35 10 5.1
    endloop
  endfacet
  facet normal 0.997859 0.0654007 0
    outer loop
      vertex 7.35 10 0
      vertex 7.37267 9.65411 5.1
      vertex 7.37267 9.65411 0
    endloop
  endfacet
  facet normal -0.321468 0.94692 0
    outer loop
      vertex 11.0141 7.55172 0
      vertex 10.6859 7.4403 5.1
      vertex 11.0141 7.55172 5.1
    endloop
  endfacet
  facet normal -0.321468 0.94692 0
    outer loop
      vertex 10.6859 7.4403 5.1
      vertex 11.0141 7.55172 0
      vertex 10.6859 7.4403 0
    endloop
  endfacet
  facet normal -0.659378 0.751811 0
    outer loop
      vertex 11.8738 8.12617 0
      vertex 11.6132 7.89761 5.1
      vertex 11.8738 8.12617 5.1
    endloop
  endfacet
  facet normal -0.659378 0.751811 0
    outer loop
      vertex 11.6132 7.89761 5.1
      vertex 11.8738 8.12617 0
      vertex 11.6132 7.89761 0
    endloop
  endfacet
  facet normal 0.321433 0.946932 -0
    outer loop
      vertex 9.31413 7.4403 0
      vertex 8.98589 7.55172 5.1
      vertex 9.31413 7.4403 5.1
    endloop
  endfacet
  facet normal 0.321433 0.946932 0
    outer loop
      vertex 8.98589 7.55172 5.1
      vertex 9.31413 7.4403 0
      vertex 8.98589 7.55172 0
    endloop
  endfacet
  facet normal 0.946932 0.321433 0
    outer loop
      vertex 7.55172 8.98589 5.1
      vertex 7.4403 9.31413 0
      vertex 7.4403 9.31413 5.1
    endloop
  endfacet
  facet normal 0.946932 0.321433 0
    outer loop
      vertex 7.4403 9.31413 0
      vertex 7.55172 8.98589 5.1
      vertex 7.55172 8.98589 0
    endloop
  endfacet
  facet normal 0.751824 0.659364 0
    outer loop
      vertex 8.12617 8.12617 5.1
      vertex 7.89761 8.38678 0
      vertex 7.89761 8.38678 5.1
    endloop
  endfacet
  facet normal 0.751824 0.659364 0
    outer loop
      vertex 7.89761 8.38678 0
      vertex 8.12617 8.12617 5.1
      vertex 8.12617 8.12617 0
    endloop
  endfacet
  facet normal -0.555632 -0.831428 0
    outer loop
      vertex 31.325 12.295 0
      vertex 31.6132 12.1024 5.1
      vertex 31.325 12.295 5.1
    endloop
  endfacet
  facet normal -0.555632 -0.831428 -0
    outer loop
      vertex 31.6132 12.1024 5.1
      vertex 31.325 12.295 0
      vertex 31.6132 12.1024 0
    endloop
  endfacet
  facet normal 0.980802 -0.195007 0
    outer loop
      vertex 27.3727 10.3459 5.1
      vertex 27.4403 10.6859 0
      vertex 27.4403 10.6859 5.1
    endloop
  endfacet
  facet normal 0.980802 -0.195007 0
    outer loop
      vertex 27.4403 10.6859 0
      vertex 27.3727 10.3459 5.1
      vertex 27.3727 10.3459 0
    endloop
  endfacet
  facet normal -0.9808 0.195018 0
    outer loop
      vertex 32.5597 9.31413 0
      vertex 32.6273 9.65411 5.1
      vertex 32.6273 9.65411 0
    endloop
  endfacet
  facet normal -0.9808 0.195018 0
    outer loop
      vertex 32.6273 9.65411 5.1
      vertex 32.5597 9.31413 0
      vertex 32.5597 9.31413 5.1
    endloop
  endfacet
  facet normal 0.19509 0.980785 -0
    outer loop
      vertex 29.6541 7.37267 0
      vertex 29.3141 7.4403 5.1
      vertex 29.6541 7.37267 5.1
    endloop
  endfacet
  facet normal 0.19509 0.980785 0
    outer loop
      vertex 29.3141 7.4403 5.1
      vertex 29.6541 7.37267 0
      vertex 29.3141 7.4403 0
    endloop
  endfacet
  facet normal 0.442245 -0.896894 0
    outer loop
      vertex 28.675 12.295 0
      vertex 28.9859 12.4483 5.1
      vertex 28.675 12.295 5.1
    endloop
  endfacet
  facet normal 0.442245 -0.896894 0
    outer loop
      vertex 28.9859 12.4483 5.1
      vertex 28.675 12.295 0
      vertex 28.9859 12.4483 0
    endloop
  endfacet
  facet normal 0.946938 -0.321416 0
    outer loop
      vertex 27.4403 10.6859 5.1
      vertex 27.5517 11.0141 0
      vertex 27.5517 11.0141 5.1
    endloop
  endfacet
  facet normal 0.946938 -0.321416 0
    outer loop
      vertex 27.5517 11.0141 0
      vertex 27.4403 10.6859 5.1
      vertex 27.4403 10.6859 0
    endloop
  endfacet
  facet normal -0.997853 0.0654869 0
    outer loop
      vertex 32.6273 9.65411 0
      vertex 32.65 10 5.1
      vertex 32.65 10 0
    endloop
  endfacet
  facet normal -0.997853 0.0654869 0
    outer loop
      vertex 32.65 10 5.1
      vertex 32.6273 9.65411 0
      vertex 32.6273 9.65411 5.1
    endloop
  endfacet
  facet normal -0.896894 -0.442245 0
    outer loop
      vertex 32.4483 11.0141 0
      vertex 32.295 11.325 5.1
      vertex 32.295 11.325 0
    endloop
  endfacet
  facet normal -0.896894 -0.442245 0
    outer loop
      vertex 32.295 11.325 5.1
      vertex 32.4483 11.0141 0
      vertex 32.4483 11.0141 5.1
    endloop
  endfacet
  facet normal -0.831428 -0.555632 0
    outer loop
      vertex 32.295 11.325 0
      vertex 32.1024 11.6132 5.1
      vertex 32.1024 11.6132 0
    endloop
  endfacet
  facet normal -0.831428 -0.555632 0
    outer loop
      vertex 32.1024 11.6132 5.1
      vertex 32.295 11.325 0
      vertex 32.295 11.325 5.1
    endloop
  endfacet
  facet normal -0.659444 -0.751754 0
    outer loop
      vertex 31.6132 12.1024 0
      vertex 31.8738 11.8738 5.1
      vertex 31.6132 12.1024 5.1
    endloop
  endfacet
  facet normal -0.659444 -0.751754 -0
    outer loop
      vertex 31.8738 11.8738 5.1
      vertex 31.6132 12.1024 0
      vertex 31.8738 11.8738 0
    endloop
  endfacet
  facet normal -0.321416 -0.946938 0
    outer loop
      vertex 30.6859 12.5597 0
      vertex 31.0141 12.4483 5.1
      vertex 30.6859 12.5597 5.1
    endloop
  endfacet
  facet normal -0.321416 -0.946938 -0
    outer loop
      vertex 31.0141 12.4483 5.1
      vertex 30.6859 12.5597 0
      vertex 31.0141 12.4483 0
    endloop
  endfacet
  facet normal -0.195007 -0.980802 0
    outer loop
      vertex 30.3459 12.6273 0
      vertex 30.6859 12.5597 5.1
      vertex 30.3459 12.6273 5.1
    endloop
  endfacet
  facet normal -0.195007 -0.980802 -0
    outer loop
      vertex 30.6859 12.5597 5.1
      vertex 30.3459 12.6273 0
      vertex 30.6859 12.5597 0
    endloop
  endfacet
  facet normal -0.065485 -0.997854 0
    outer loop
      vertex 30 12.65 0
      vertex 30.3459 12.6273 5.1
      vertex 30 12.65 5.1
    endloop
  endfacet
  facet normal -0.065485 -0.997854 -0
    outer loop
      vertex 30.3459 12.6273 5.1
      vertex 30 12.65 0
      vertex 30.3459 12.6273 0
    endloop
  endfacet
  facet normal 0.997854 -0.065485 0
    outer loop
      vertex 27.35 10 5.1
      vertex 27.3727 10.3459 0
      vertex 27.3727 10.3459 5.1
    endloop
  endfacet
  facet normal 0.997854 -0.065485 0
    outer loop
      vertex 27.3727 10.3459 0
      vertex 27.35 10 5.1
      vertex 27.35 10 0
    endloop
  endfacet
  facet normal 0.831428 -0.555632 0
    outer loop
      vertex 27.705 11.325 5.1
      vertex 27.8976 11.6132 0
      vertex 27.8976 11.6132 5.1
    endloop
  endfacet
  facet normal 0.831428 -0.555632 0
    outer loop
      vertex 27.8976 11.6132 0
      vertex 27.705 11.325 5.1
      vertex 27.705 11.325 0
    endloop
  endfacet
  facet normal 0.321416 -0.946938 0
    outer loop
      vertex 28.9859 12.4483 0
      vertex 29.3141 12.5597 5.1
      vertex 28.9859 12.4483 5.1
    endloop
  endfacet
  facet normal 0.321416 -0.946938 0
    outer loop
      vertex 29.3141 12.5597 5.1
      vertex 28.9859 12.4483 0
      vertex 29.3141 12.5597 0
    endloop
  endfacet
  facet normal 0.751754 -0.659444 0
    outer loop
      vertex 27.8976 11.6132 5.1
      vertex 28.1262 11.8738 0
      vertex 28.1262 11.8738 5.1
    endloop
  endfacet
  facet normal 0.751754 -0.659444 0
    outer loop
      vertex 28.1262 11.8738 0
      vertex 27.8976 11.6132 5.1
      vertex 27.8976 11.6132 0
    endloop
  endfacet
  facet normal -0.94695 0.321381 0
    outer loop
      vertex 32.4483 8.98589 0
      vertex 32.5597 9.31413 5.1
      vertex 32.5597 9.31413 0
    endloop
  endfacet
  facet normal -0.94695 0.321381 0
    outer loop
      vertex 32.5597 9.31413 5.1
      vertex 32.4483 8.98589 0
      vertex 32.4483 8.98589 5.1
    endloop
  endfacet
  facet normal -0.442268 0.896883 0
    outer loop
      vertex 31.325 7.70503 0
      vertex 31.0141 7.55172 5.1
      vertex 31.325 7.70503 5.1
    endloop
  endfacet
  facet normal -0.442268 0.896883 0
    outer loop
      vertex 31.0141 7.55172 5.1
      vertex 31.325 7.70503 0
      vertex 31.0141 7.55172 0
    endloop
  endfacet
  facet normal 0.0653989 0.997859 -0
    outer loop
      vertex 30 7.35 0
      vertex 29.6541 7.37267 5.1
      vertex 30 7.35 5.1
    endloop
  endfacet
  facet normal 0.0653989 0.997859 0
    outer loop
      vertex 29.6541 7.37267 5.1
      vertex 30 7.35 0
      vertex 29.6541 7.37267 0
    endloop
  endfacet
  facet normal 0.555592 0.831455 -0
    outer loop
      vertex 28.675 7.70503 0
      vertex 28.3868 7.89761 5.1
      vertex 28.675 7.70503 5.1
    endloop
  endfacet
  facet normal 0.555592 0.831455 0
    outer loop
      vertex 28.3868 7.89761 5.1
      vertex 28.675 7.70503 0
      vertex 28.3868 7.89761 0
    endloop
  endfacet
  facet normal 0.659378 0.751811 -0
    outer loop
      vertex 28.3868 7.89761 0
      vertex 28.1262 8.12617 5.1
      vertex 28.3868 7.89761 5.1
    endloop
  endfacet
  facet normal 0.659378 0.751811 0
    outer loop
      vertex 28.1262 8.12617 5.1
      vertex 28.3868 7.89761 0
      vertex 28.1262 8.12617 0
    endloop
  endfacet
  facet normal -0.980802 -0.195007 0
    outer loop
      vertex 32.6273 10.3459 0
      vertex 32.5597 10.6859 5.1
      vertex 32.5597 10.6859 0
    endloop
  endfacet
  facet normal -0.980802 -0.195007 0
    outer loop
      vertex 32.5597 10.6859 5.1
      vertex 32.6273 10.3459 0
      vertex 32.6273 10.3459 5.1
    endloop
  endfacet
  facet normal -0.946938 -0.321416 0
    outer loop
      vertex 32.5597 10.6859 0
      vertex 32.4483 11.0141 5.1
      vertex 32.4483 11.0141 0
    endloop
  endfacet
  facet normal -0.946938 -0.321416 0
    outer loop
      vertex 32.4483 11.0141 5.1
      vertex 32.5597 10.6859 0
      vertex 32.5597 10.6859 5.1
    endloop
  endfacet
  facet normal -0.751754 -0.659444 0
    outer loop
      vertex 32.1024 11.6132 0
      vertex 31.8738 11.8738 5.1
      vertex 31.8738 11.8738 0
    endloop
  endfacet
  facet normal -0.751754 -0.659444 0
    outer loop
      vertex 31.8738 11.8738 5.1
      vertex 32.1024 11.6132 0
      vertex 32.1024 11.6132 5.1
    endloop
  endfacet
  facet normal 0.065485 -0.997854 0
    outer loop
      vertex 29.6541 12.6273 0
      vertex 30 12.65 5.1
      vertex 29.6541 12.6273 5.1
    endloop
  endfacet
  facet normal 0.065485 -0.997854 0
    outer loop
      vertex 30 12.65 5.1
      vertex 29.6541 12.6273 0
      vertex 30 12.65 0
    endloop
  endfacet
  facet normal -0.442245 -0.896894 0
    outer loop
      vertex 31.0141 12.4483 0
      vertex 31.325 12.295 5.1
      vertex 31.0141 12.4483 5.1
    endloop
  endfacet
  facet normal -0.442245 -0.896894 -0
    outer loop
      vertex 31.325 12.295 5.1
      vertex 31.0141 12.4483 0
      vertex 31.325 12.295 0
    endloop
  endfacet
  facet normal 0 0 -1
    outer loop
      vertex 32.6273 9.65411 5.1
      vertex 32.6273 10.3459 5.1
      vertex 32.65 10 5.1
    endloop
  endfacet
  facet normal 0 0 -1
    outer loop
      vertex 32.5597 9.31413 5.1
      vertex 32.6273 10.3459 5.1
      vertex 32.6273 9.65411 5.1
    endloop
  endfacet
  facet normal 0 0 -1
    outer loop
      vertex 32.5597 9.31413 5.1
      vertex 32.5597 10.6859 5.1
      vertex 32.6273 10.3459 5.1
    endloop
  endfacet
  facet normal 0 0 -1
    outer loop
      vertex 32.4483 8.98589 5.1
      vertex 32.5597 10.6859 5.1
      vertex 32.5597 9.31413 5.1
    endloop
  endfacet
  facet normal 0 0 -1
    outer loop
      vertex 32.4483 8.98589 5.1
      vertex 32.4483 11.0141 5.1
      vertex 32.5597 10.6859 5.1
    endloop
  endfacet
  facet normal 0 0 -1
    outer loop
      vertex 32.295 8.675 5.1
      vertex 32.4483 11.0141 5.1
      vertex 32.4483 8.98589 5.1
    endloop
  endfacet
  facet normal 0 0 -1
    outer loop
      vertex 32.295 8.675 5.1
      vertex 32.295 11.325 5.1
      vertex 32.4483 11.0141 5.1
    endloop
  endfacet
  facet normal 0 0 -1
    outer loop
      vertex 32.1024 8.38678 5.1
      vertex 32.295 11.325 5.1
      vertex 32.295 8.675 5.1
    endloop
  endfacet
  facet normal 0 0 -1
    outer loop
      vertex 32.1024 8.38678 5.1
      vertex 32.1024 11.6132 5.1
      vertex 32.295 11.325 5.1
    endloop
  endfacet
  facet normal 0 0 -1
    outer loop
      vertex 31.8738 8.12617 5.1
      vertex 32.1024 11.6132 5.1
      vertex 32.1024 8.38678 5.1
    endloop
  endfacet
  facet normal 0 0 -1
    outer loop
      vertex 31.8738 8.12617 5.1
      vertex 31.8738 11.8738 5.1
      vertex 32.1024 11.6132 5.1
    endloop
  endfacet
  facet normal 0 0 -1
    outer loop
      vertex 31.6132 7.89761 5.1
      vertex 31.8738 11.8738 5.1
      vertex 31.8738 8.12617 5.1
    endloop
  endfacet
  facet normal 0 0 -1
    outer loop
      vertex 31.6132 7.89761 5.1
      vertex 31.6132 12.1024 5.1
      vertex 31.8738 11.8738 5.1
    endloop
  endfacet
  facet normal 0 0 -1
    outer loop
      vertex 31.325 7.70503 5.1
      vertex 31.6132 12.1024 5.1
      vertex 31.6132 7.89761 5.1
    endloop
  endfacet
  facet normal 0 0 -1
    outer loop
      vertex 31.325 7.70503 5.1
      vertex 31.325 12.295 5.1
      vertex 31.6132 12.1024 5.1
    endloop
  endfacet
  facet normal 0 0 -1
    outer loop
      vertex 31.0141 7.55172 5.1
      vertex 31.325 12.295 5.1
      vertex 31.325 7.70503 5.1
    endloop
  endfacet
  facet normal 0 0 -1
    outer loop
      vertex 31.0141 7.55172 5.1
      vertex 31.0141 12.4483 5.1
      vertex 31.325 12.295 5.1
    endloop
  endfacet
  facet normal 0 0 -1
    outer loop
      vertex 30.6859 7.4403 5.1
      vertex 31.0141 12.4483 5.1
      vertex 31.0141 7.55172 5.1
    endloop
  endfacet
  facet normal 0 0 -1
    outer loop
      vertex 30.6859 7.4403 5.1
      vertex 30.6859 12.5597 5.1
      vertex 31.0141 12.4483 5.1
    endloop
  endfacet
  facet normal 0 0 -1
    outer loop
      vertex 30.3459 7.37267 5.1
      vertex 30.6859 12.5597 5.1
      vertex 30.6859 7.4403 5.1
    endloop
  endfacet
  facet normal 0 0 -1
    outer loop
      vertex 30.3459 7.37267 5.1
      vertex 30.3459 12.6273 5.1
      vertex 30.6859 12.5597 5.1
    endloop
  endfacet
  facet normal 0 0 -1
    outer loop
      vertex 30 7.35 5.1
      vertex 30.3459 12.6273 5.1
      vertex 30.3459 7.37267 5.1
    endloop
  endfacet
  facet normal 0 0 -1
    outer loop
      vertex 30 7.35 5.1
      vertex 30 12.65 5.1
      vertex 30.3459 12.6273 5.1
    endloop
  endfacet
  facet normal 0 0 -1
    outer loop
      vertex 29.6541 7.37267 5.1
      vertex 30 12.65 5.1
      vertex 30 7.35 5.1
    endloop
  endfacet
  facet normal 0 0 -1
    outer loop
      vertex 29.6541 7.37267 5.1
      vertex 29.6541 12.6273 5.1
      vertex 30 12.65 5.1
    endloop
  endfacet
  facet normal 0 0 -1
    outer loop
      vertex 29.3141 7.4403 5.1
      vertex 29.6541 12.6273 5.1
      vertex 29.6541 7.37267 5.1
    endloop
  endfacet
  facet normal 0 0 -1
    outer loop
      vertex 29.3141 7.4403 5.1
      vertex 29.3141 12.5597 5.1
      vertex 29.6541 12.6273 5.1
    endloop
  endfacet
  facet normal 0 0 -1
    outer loop
      vertex 28.9859 7.55172 5.1
      vertex 29.3141 12.5597 5.1
      vertex 29.3141 7.4403 5.1
    endloop
  endfacet
  facet normal 0 0 -1
    outer loop
      vertex 28.9859 7.55172 5.1
      vertex 28.9859 12.4483 5.1
      vertex 29.3141 12.5597 5.1
    endloop
  endfacet
  facet normal 0 0 -1
    outer loop
      vertex 28.675 7.70503 5.1
      vertex 28.9859 12.4483 5.1
      vertex 28.9859 7.55172 5.1
    endloop
  endfacet
  facet normal 0 0 -1
    outer loop
      vertex 28.675 7.70503 5.1
      vertex 28.675 12.295 5.1
      vertex 28.9859 12.4483 5.1
    endloop
  endfacet
  facet normal 0 0 -1
    outer loop
      vertex 28.3868 7.89761 5.1
      vertex 28.675 12.295 5.1
      vertex 28.675 7.70503 5.1
    endloop
  endfacet
  facet normal 0 0 -1
    outer loop
      vertex 28.3868 7.89761 5.1
      vertex 28.3868 12.1024 5.1
      vertex 28.675 12.295 5.1
    endloop
  endfacet
  facet normal 0 0 -1
    outer loop
      vertex 28.1262 8.12617 5.1
      vertex 28.3868 12.1024 5.1
      vertex 28.3868 7.89761 5.1
    endloop
  endfacet
  facet normal 0 0 -1
    outer loop
      vertex 28.1262 8.12617 5.1
      vertex 28.1262 11.8738 5.1
      vertex 28.3868 12.1024 5.1
    endloop
  endfacet
  facet normal 0 0 -1
    outer loop
      vertex 27.8976 8.38678 5.1
      vertex 28.1262 11.8738 5.1
      vertex 28.1262 8.12617 5.1
    endloop
  endfacet
  facet normal 0 0 -1
    outer loop
      vertex 27.8976 8.38678 5.1
      vertex 27.8976 11.6132 5.1
      vertex 28.1262 11.8738 5.1
    endloop
  endfacet
  facet normal 0 0 -1
    outer loop
      vertex 27.705 8.675 5.1
      vertex 27.8976 11.6132 5.1
      vertex 27.8976 8.38678 5.1
    endloop
  endfacet
  facet normal 0 0 -1
    outer loop
      vertex 27.705 8.675 5.1
      vertex 27.705 11.325 5.1
      vertex 27.8976 11.6132 5.1
    endloop
  endfacet
  facet normal 0 0 -1
    outer loop
      vertex 27.5517 8.98589 5.1
      vertex 27.705 11.325 5.1
      vertex 27.705 8.675 5.1
    endloop
  endfacet
  facet normal 0 0 -1
    outer loop
      vertex 27.5517 8.98589 5.1
      vertex 27.5517 11.0141 5.1
      vertex 27.705 11.325 5.1
    endloop
  endfacet
  facet normal 0 0 -1
    outer loop
      vertex 27.4403 9.31413 5.1
      vertex 27.5517 11.0141 5.1
      vertex 27.5517 8.98589 5.1
    endloop
  endfacet
  facet normal 0 0 -1
    outer loop
      vertex 27.4403 9.31413 5.1
      vertex 27.4403 10.6859 5.1
      vertex 27.5517 11.0141 5.1
    endloop
  endfacet
  facet normal 0 0 -1
    outer loop
      vertex 27.3727 9.65411 5.1
      vertex 27.4403 10.6859 5.1
      vertex 27.4403 9.31413 5.1
    endloop
  endfacet
  facet normal 0 0 -1
    outer loop
      vertex 27.3727 9.65411 5.1
      vertex 27.3727 10.3459 5.1
      vertex 27.4403 10.6859 5.1
    endloop
  endfacet
  facet normal 0 -0 -1
    outer loop
      vertex 27.3727 10.3459 5.1
      vertex 27.3727 9.65411 5.1
      vertex 27.35 10 5.1
    endloop
  endfacet
  facet normal 0.896894 -0.442245 0
    outer loop
      vertex 27.5517 11.0141 5.1
      vertex 27.705 11.325 0
      vertex 27.705 11.325 5.1
    endloop
  endfacet
  facet normal 0.896894 -0.442245 0
    outer loop
      vertex 27.705 11.325 0
      vertex 27.5517 11.0141 5.1
      vertex 27.5517 11.0141 0
    endloop
  endfacet
  facet normal 0.195007 -0.980802 0
    outer loop
      vertex 29.3141 12.5597 0
      vertex 29.6541 12.6273 5.1
      vertex 29.3141 12.5597 5.1
    endloop
  endfacet
  facet normal 0.195007 -0.980802 0
    outer loop
      vertex 29.6541 12.6273 5.1
      vertex 29.3141 12.5597 0
      vertex 29.6541 12.6273 0
    endloop
  endfacet
  facet normal 0.659444 -0.751754 0
    outer loop
      vertex 28.1262 11.8738 0
      vertex 28.3868 12.1024 5.1
      vertex 28.1262 11.8738 5.1
    endloop
  endfacet
  facet normal 0.659444 -0.751754 0
    outer loop
      vertex 28.3868 12.1024 5.1
      vertex 28.1262 11.8738 0
      vertex 28.3868 12.1024 0
    endloop
  endfacet
  facet normal 0.555632 -0.831428 0
    outer loop
      vertex 28.3868 12.1024 0
      vertex 28.675 12.295 5.1
      vertex 28.3868 12.1024 5.1
    endloop
  endfacet
  facet normal 0.555632 -0.831428 0
    outer loop
      vertex 28.675 12.295 5.1
      vertex 28.3868 12.1024 0
      vertex 28.675 12.295 0
    endloop
  endfacet
  facet normal -0.997854 -0.065485 0
    outer loop
      vertex 32.65 10 0
      vertex 32.6273 10.3459 5.1
      vertex 32.6273 10.3459 0
    endloop
  endfacet
  facet normal -0.997854 -0.065485 0
    outer loop
      vertex 32.6273 10.3459 5.1
      vertex 32.65 10 0
      vertex 32.65 10 5.1
    endloop
  endfacet
  facet normal -0.19509 0.980785 0
    outer loop
      vertex 30.6859 7.4403 0
      vertex 30.3459 7.37267 5.1
      vertex 30.6859 7.4403 5.1
    endloop
  endfacet
  facet normal -0.19509 0.980785 0
    outer loop
      vertex 30.3459 7.37267 5.1
      vertex 30.6859 7.4403 0
      vertex 30.3459 7.37267 0
    endloop
  endfacet
  facet normal -0.831446 0.555605 0
    outer loop
      vertex 32.1024 8.38678 0
      vertex 32.295 8.675 5.1
      vertex 32.295 8.675 0
    endloop
  endfacet
  facet normal -0.831446 0.555605 0
    outer loop
      vertex 32.295 8.675 5.1
      vertex 32.1024 8.38678 0
      vertex 32.1024 8.38678 5.1
    endloop
  endfacet
  facet normal -0.896889 0.442256 0
    outer loop
      vertex 32.295 8.675 0
      vertex 32.4483 8.98589 5.1
      vertex 32.4483 8.98589 0
    endloop
  endfacet
  facet normal -0.896889 0.442256 0
    outer loop
      vertex 32.4483 8.98589 5.1
      vertex 32.295 8.675 0
      vertex 32.295 8.675 5.1
    endloop
  endfacet
  facet normal -0.751767 0.659429 0
    outer loop
      vertex 31.8738 8.12617 0
      vertex 32.1024 8.38678 5.1
      vertex 32.1024 8.38678 0
    endloop
  endfacet
  facet normal -0.751767 0.659429 0
    outer loop
      vertex 32.1024 8.38678 5.1
      vertex 31.8738 8.12617 0
      vertex 31.8738 8.12617 5.1
    endloop
  endfacet
  facet normal -0.555592 0.831455 0
    outer loop
      vertex 31.6132 7.89761 0
      vertex 31.325 7.70503 5.1
      vertex 31.6132 7.89761 5.1
    endloop
  endfacet
  facet normal -0.555592 0.831455 0
    outer loop
      vertex 31.325 7.70503 5.1
      vertex 31.6132 7.89761 0
      vertex 31.325 7.70503 0
    endloop
  endfacet
  facet normal 0.442268 0.896883 -0
    outer loop
      vertex 28.9859 7.55172 0
      vertex 28.675 7.70503 5.1
      vertex 28.9859 7.55172 5.1
    endloop
  endfacet
  facet normal 0.442268 0.896883 0
    outer loop
      vertex 28.675 7.70503 5.1
      vertex 28.9859 7.55172 0
      vertex 28.675 7.70503 0
    endloop
  endfacet
  facet normal 0.896889 0.442256 0
    outer loop
      vertex 27.705 8.675 5.1
      vertex 27.5517 8.98589 0
      vertex 27.5517 8.98589 5.1
    endloop
  endfacet
  facet normal 0.896889 0.442256 0
    outer loop
      vertex 27.5517 8.98589 0
      vertex 27.705 8.675 5.1
      vertex 27.705 8.675 0
    endloop
  endfacet
  facet normal 0.9808 0.195018 0
    outer loop
      vertex 27.4403 9.31413 5.1
      vertex 27.3727 9.65411 0
      vertex 27.3727 9.65411 5.1
    endloop
  endfacet
  facet normal 0.9808 0.195018 0
    outer loop
      vertex 27.3727 9.65411 0
      vertex 27.4403 9.31413 5.1
      vertex 27.4403 9.31413 0
    endloop
  endfacet
  facet normal 0.831446 0.555605 0
    outer loop
      vertex 27.8976 8.38678 5.1
      vertex 27.705 8.675 0
      vertex 27.705 8.675 5.1
    endloop
  endfacet
  facet normal 0.831446 0.555605 0
    outer loop
      vertex 27.705 8.675 0
      vertex 27.8976 8.38678 5.1
      vertex 27.8976 8.38678 0
    endloop
  endfacet
  facet normal 0.997853 0.0654869 0
    outer loop
      vertex 27.3727 9.65411 5.1
      vertex 27.35 10 0
      vertex 27.35 10 5.1
    endloop
  endfacet
  facet normal 0.997853 0.0654869 0
    outer loop
      vertex 27.35 10 0
      vertex 27.3727 9.65411 5.1
      vertex 27.3727 9.65411 0
    endloop
  endfacet
  facet normal -0.321468 0.94692 0
    outer loop
      vertex 31.0141 7.55172 0
      vertex 30.6859 7.4403 5.1
      vertex 31.0141 7.55172 5.1
    endloop
  endfacet
  facet normal -0.321468 0.94692 0
    outer loop
      vertex 30.6859 7.4403 5.1
      vertex 31.0141 7.55172 0
      vertex 30.6859 7.4403 0
    endloop
  endfacet
  facet normal -0.659378 0.751811 0
    outer loop
      vertex 31.8738 8.12617 0
      vertex 31.6132 7.89761 5.1
      vertex 31.8738 8.12617 5.1
    endloop
  endfacet
  facet normal -0.659378 0.751811 0
    outer loop
      vertex 31.6132 7.89761 5.1
      vertex 31.8738 8.12617 0
      vertex 31.6132 7.89761 0
    endloop
  endfacet
  facet normal -0.0653989 0.997859 0
    outer loop
      vertex 30.3459 7.37267 0
      vertex 30 7.35 5.1
      vertex 30.3459 7.37267 5.1
    endloop
  endfacet
  facet normal -0.0653989 0.997859 0
    outer loop
      vertex 30 7.35 5.1
      vertex 30.3459 7.37267 0
      vertex 30 7.35 0
    endloop
  endfacet
  facet normal 0.321468 0.94692 -0
    outer loop
      vertex 29.3141 7.4403 0
      vertex 28.9859 7.55172 5.1
      vertex 29.3141 7.4403 5.1
    endloop
  endfacet
  facet normal 0.321468 0.94692 0
    outer loop
      vertex 28.9859 7.55172 5.1
      vertex 29.3141 7.4403 0
      vertex 28.9859 7.55172 0
    endloop
  endfacet
  facet normal 0.94695 0.321381 0
    outer loop
      vertex 27.5517 8.98589 5.1
      vertex 27.4403 9.31413 0
      vertex 27.4403 9.31413 5.1
    endloop
  endfacet
  facet normal 0.94695 0.321381 0
    outer loop
      vertex 27.4403 9.31413 0
      vertex 27.5517 8.98589 5.1
      vertex 27.5517 8.98589 0
    endloop
  endfacet
  facet normal 0.751767 0.659429 0
    outer loop
      vertex 28.1262 8.12617 5.1
      vertex 27.8976 8.38678 0
      vertex 27.8976 8.38678 5.1
    endloop
  endfacet
  facet normal 0.751767 0.659429 0
    outer loop
      vertex 27.8976 8.38678 0
      vertex 28.1262 8.12617 5.1
      vertex 28.1262 8.12617 0
    endloop
  endfacet
  facet normal -0.555632 -0.831428 0
    outer loop
      vertex 11.325 32.295 0
      vertex 11.6132 32.1024 5.1
      vertex 11.325 32.295 5.1
    endloop
  endfacet
  facet normal -0.555632 -0.831428 -0
    outer loop
      vertex 11.6132 32.1024 5.1
      vertex 11.325 32.295 0
      vertex 11.6132 32.1024 0
    endloop
  endfacet
  facet normal 0.980785 -0.19509 0
    outer loop
      vertex 7.37267 30.3459 5.1
      vertex 7.4403 30.6859 0
      vertex 7.4403 30.6859 5.1
    endloop
  endfacet
  facet normal 0.980785 -0.19509 0
    outer loop
      vertex 7.4403 30.6859 0
      vertex 7.37267 30.3459 5.1
      vertex 7.37267 30.3459 0
    endloop
  endfacet
  facet normal -0.980802 0.195007 0
    outer loop
      vertex 12.5597 29.3141 0
      vertex 12.6273 29.6541 5.1
      vertex 12.6273 29.6541 0
    endloop
  endfacet
  facet normal -0.980802 0.195007 0
    outer loop
      vertex 12.6273 29.6541 5.1
      vertex 12.5597 29.3141 0
      vertex 12.5597 29.3141 5.1
    endloop
  endfacet
  facet normal 0.195018 0.9808 -0
    outer loop
      vertex 9.65411 27.3727 0
      vertex 9.31413 27.4403 5.1
      vertex 9.65411 27.3727 5.1
    endloop
  endfacet
  facet normal 0.195018 0.9808 0
    outer loop
      vertex 9.31413 27.4403 5.1
      vertex 9.65411 27.3727 0
      vertex 9.31413 27.4403 0
    endloop
  endfacet
  facet normal 0.442256 -0.896889 0
    outer loop
      vertex 8.675 32.295 0
      vertex 8.98589 32.4483 5.1
      vertex 8.675 32.295 5.1
    endloop
  endfacet
  facet normal 0.442256 -0.896889 0
    outer loop
      vertex 8.98589 32.4483 5.1
      vertex 8.675 32.295 0
      vertex 8.98589 32.4483 0
    endloop
  endfacet
  facet normal 0.94692 -0.321468 0
    outer loop
      vertex 7.4403 30.6859 5.1
      vertex 7.55172 31.0141 0
      vertex 7.55172 31.0141 5.1
    endloop
  endfacet
  facet normal 0.94692 -0.321468 0
    outer loop
      vertex 7.55172 31.0141 0
      vertex 7.4403 30.6859 5.1
      vertex 7.4403 30.6859 0
    endloop
  endfacet
  facet normal -0.751754 0.659444 0
    outer loop
      vertex 11.8738 28.1262 0
      vertex 12.1024 28.3868 5.1
      vertex 12.1024 28.3868 0
    endloop
  endfacet
  facet normal -0.751754 0.659444 0
    outer loop
      vertex 12.1024 28.3868 5.1
      vertex 11.8738 28.1262 0
      vertex 11.8738 28.1262 5.1
    endloop
  endfacet
  facet normal -0.997854 0.065485 0
    outer loop
      vertex 12.6273 29.6541 0
      vertex 12.65 30 5.1
      vertex 12.65 30 0
    endloop
  endfacet
  facet normal -0.997854 0.065485 0
    outer loop
      vertex 12.65 30 5.1
      vertex 12.6273 29.6541 0
      vertex 12.6273 29.6541 5.1
    endloop
  endfacet
  facet normal 0.321381 0.94695 -0
    outer loop
      vertex 9.31413 27.4403 0
      vertex 8.98589 27.5517 5.1
      vertex 9.31413 27.4403 5.1
    endloop
  endfacet
  facet normal 0.321381 0.94695 0
    outer loop
      vertex 8.98589 27.5517 5.1
      vertex 9.31413 27.4403 0
      vertex 8.98589 27.5517 0
    endloop
  endfacet
  facet normal -0.896894 -0.442245 0
    outer loop
      vertex 12.4483 31.0141 0
      vertex 12.295 31.325 5.1
      vertex 12.295 31.325 0
    endloop
  endfacet
  facet normal -0.896894 -0.442245 0
    outer loop
      vertex 12.295 31.325 5.1
      vertex 12.4483 31.0141 0
      vertex 12.4483 31.0141 5.1
    endloop
  endfacet
  facet normal -0.831428 -0.555632 0
    outer loop
      vertex 12.295 31.325 0
      vertex 12.1024 31.6132 5.1
      vertex 12.1024 31.6132 0
    endloop
  endfacet
  facet normal -0.831428 -0.555632 0
    outer loop
      vertex 12.1024 31.6132 5.1
      vertex 12.295 31.325 0
      vertex 12.295 31.325 5.1
    endloop
  endfacet
  facet normal -0.659444 -0.751754 0
    outer loop
      vertex 11.6132 32.1024 0
      vertex 11.8738 31.8738 5.1
      vertex 11.6132 32.1024 5.1
    endloop
  endfacet
  facet normal -0.659444 -0.751754 -0
    outer loop
      vertex 11.8738 31.8738 5.1
      vertex 11.6132 32.1024 0
      vertex 11.8738 31.8738 0
    endloop
  endfacet
  facet normal -0.321416 -0.946938 0
    outer loop
      vertex 10.6859 32.5597 0
      vertex 11.0141 32.4483 5.1
      vertex 10.6859 32.5597 5.1
    endloop
  endfacet
  facet normal -0.321416 -0.946938 -0
    outer loop
      vertex 11.0141 32.4483 5.1
      vertex 10.6859 32.5597 0
      vertex 11.0141 32.4483 0
    endloop
  endfacet
  facet normal -0.195007 -0.980802 0
    outer loop
      vertex 10.3459 32.6273 0
      vertex 10.6859 32.5597 5.1
      vertex 10.3459 32.6273 5.1
    endloop
  endfacet
  facet normal -0.195007 -0.980802 -0
    outer loop
      vertex 10.6859 32.5597 5.1
      vertex 10.3459 32.6273 0
      vertex 10.6859 32.5597 0
    endloop
  endfacet
  facet normal 0.831455 -0.555592 0
    outer loop
      vertex 7.70503 31.325 5.1
      vertex 7.89761 31.6132 0
      vertex 7.89761 31.6132 5.1
    endloop
  endfacet
  facet normal 0.831455 -0.555592 0
    outer loop
      vertex 7.89761 31.6132 0
      vertex 7.70503 31.325 5.1
      vertex 7.70503 31.325 0
    endloop
  endfacet
  facet normal 0.321381 -0.94695 0
    outer loop
      vertex 8.98589 32.4483 0
      vertex 9.31413 32.5597 5.1
      vertex 8.98589 32.4483 5.1
    endloop
  endfacet
  facet normal 0.321381 -0.94695 0
    outer loop
      vertex 9.31413 32.5597 5.1
      vertex 8.98589 32.4483 0
      vertex 9.31413 32.5597 0
    endloop
  endfacet
  facet normal 0.751811 -0.659378 0
    outer loop
      vertex 7.89761 31.6132 5.1
      vertex 8.12617 31.8738 0
      vertex 8.12617 31.8738 5.1
    endloop
  endfacet
  facet normal 0.751811 -0.659378 0
    outer loop
      vertex 8.12617 31.8738 0
      vertex 7.89761 31.6132 5.1
      vertex 7.89761 31.6132 0
    endloop
  endfacet
  facet normal -0.946938 0.321416 0
    outer loop
      vertex 12.4483 28.9859 0
      vertex 12.5597 29.3141 5.1
      vertex 12.5597 29.3141 0
    endloop
  endfacet
  facet normal -0.946938 0.321416 0
    outer loop
      vertex 12.5597 29.3141 5.1
      vertex 12.4483 28.9859 0
      vertex 12.4483 28.9859 5.1
    endloop
  endfacet
  facet normal -0.442245 0.896894 0
    outer loop
      vertex 11.325 27.705 0
      vertex 11.0141 27.5517 5.1
      vertex 11.325 27.705 5.1
    endloop
  endfacet
  facet normal -0.442245 0.896894 0
    outer loop
      vertex 11.0141 27.5517 5.1
      vertex 11.325 27.705 0
      vertex 11.0141 27.5517 0
    endloop
  endfacet
  facet normal 0.0654869 0.997853 -0
    outer loop
      vertex 10 27.35 0
      vertex 9.65411 27.3727 5.1
      vertex 10 27.35 5.1
    endloop
  endfacet
  facet normal 0.0654869 0.997853 0
    outer loop
      vertex 9.65411 27.3727 5.1
      vertex 10 27.35 0
      vertex 9.65411 27.3727 0
    endloop
  endfacet
  facet normal 0.555605 0.831446 -0
    outer loop
      vertex 8.675 27.705 0
      vertex 8.38678 27.8976 5.1
      vertex 8.675 27.705 5.1
    endloop
  endfacet
  facet normal 0.555605 0.831446 0
    outer loop
      vertex 8.38678 27.8976 5.1
      vertex 8.675 27.705 0
      vertex 8.38678 27.8976 0
    endloop
  endfacet
  facet normal 0.94692 0.321468 0
    outer loop
      vertex 7.55172 28.9859 5.1
      vertex 7.4403 29.3141 0
      vertex 7.4403 29.3141 5.1
    endloop
  endfacet
  facet normal 0.94692 0.321468 0
    outer loop
      vertex 7.4403 29.3141 0
      vertex 7.55172 28.9859 5.1
      vertex 7.55172 28.9859 0
    endloop
  endfacet
  facet normal 0.659429 0.751767 -0
    outer loop
      vertex 8.38678 27.8976 0
      vertex 8.12617 28.1262 5.1
      vertex 8.38678 27.8976 5.1
    endloop
  endfacet
  facet normal 0.659429 0.751767 0
    outer loop
      vertex 8.12617 28.1262 5.1
      vertex 8.38678 27.8976 0
      vertex 8.12617 28.1262 0
    endloop
  endfacet
  facet normal -0.946938 -0.321416 0
    outer loop
      vertex 12.5597 30.6859 0
      vertex 12.4483 31.0141 5.1
      vertex 12.4483 31.0141 0
    endloop
  endfacet
  facet normal -0.946938 -0.321416 0
    outer loop
      vertex 12.4483 31.0141 5.1
      vertex 12.5597 30.6859 0
      vertex 12.5597 30.6859 5.1
    endloop
  endfacet
  facet normal -0.751754 -0.659444 0
    outer loop
      vertex 12.1024 31.6132 0
      vertex 11.8738 31.8738 5.1
      vertex 11.8738 31.8738 0
    endloop
  endfacet
  facet normal -0.751754 -0.659444 0
    outer loop
      vertex 11.8738 31.8738 5.1
      vertex 12.1024 31.6132 0
      vertex 12.1024 31.6132 5.1
    endloop
  endfacet
  facet normal 0.0654869 -0.997853 0
    outer loop
      vertex 9.65411 32.6273 0
      vertex 10 32.65 5.1
      vertex 9.65411 32.6273 5.1
    endloop
  endfacet
  facet normal 0.0654869 -0.997853 0
    outer loop
      vertex 10 32.65 5.1
      vertex 9.65411 32.6273 0
      vertex 10 32.65 0
    endloop
  endfacet
  facet normal -0.442245 -0.896894 0
    outer loop
      vertex 11.0141 32.4483 0
      vertex 11.325 32.295 5.1
      vertex 11.0141 32.4483 5.1
    endloop
  endfacet
  facet normal -0.442245 -0.896894 -0
    outer loop
      vertex 11.325 32.295 5.1
      vertex 11.0141 32.4483 0
      vertex 11.325 32.295 0
    endloop
  endfacet
  facet normal 0.997859 0.0653989 0
    outer loop
      vertex 7.37267 29.6541 5.1
      vertex 7.35 30 0
      vertex 7.35 30 5.1
    endloop
  endfacet
  facet normal 0.997859 0.0653989 0
    outer loop
      vertex 7.35 30 0
      vertex 7.37267 29.6541 5.1
      vertex 7.37267 29.6541 0
    endloop
  endfacet
  facet normal 0.896883 -0.442268 0
    outer loop
      vertex 7.55172 31.0141 5.1
      vertex 7.70503 31.325 0
      vertex 7.70503 31.325 5.1
    endloop
  endfacet
  facet normal 0.896883 -0.442268 0
    outer loop
      vertex 7.70503 31.325 0
      vertex 7.55172 31.0141 5.1
      vertex 7.55172 31.0141 0
    endloop
  endfacet
  facet normal 0.195018 -0.9808 0
    outer loop
      vertex 9.31413 32.5597 0
      vertex 9.65411 32.6273 5.1
      vertex 9.31413 32.5597 5.1
    endloop
  endfacet
  facet normal 0.195018 -0.9808 0
    outer loop
      vertex 9.65411 32.6273 5.1
      vertex 9.31413 32.5597 0
      vertex 9.65411 32.6273 0
    endloop
  endfacet
  facet normal 0.659429 -0.751767 0
    outer loop
      vertex 8.12617 31.8738 0
      vertex 8.38678 32.1024 5.1
      vertex 8.12617 31.8738 5.1
    endloop
  endfacet
  facet normal 0.659429 -0.751767 0
    outer loop
      vertex 8.38678 32.1024 5.1
      vertex 8.12617 31.8738 0
      vertex 8.38678 32.1024 0
    endloop
  endfacet
  facet normal 0.555605 -0.831446 0
    outer loop
      vertex 8.38678 32.1024 0
      vertex 8.675 32.295 5.1
      vertex 8.38678 32.1024 5.1
    endloop
  endfacet
  facet normal 0.555605 -0.831446 0
    outer loop
      vertex 8.675 32.295 5.1
      vertex 8.38678 32.1024 0
      vertex 8.675 32.295 0
    endloop
  endfacet
  facet normal -0.997854 -0.065485 0
    outer loop
      vertex 12.65 30 0
      vertex 12.6273 30.3459 5.1
      vertex 12.6273 30.3459 0
    endloop
  endfacet
  facet normal -0.997854 -0.065485 0
    outer loop
      vertex 12.6273 30.3459 5.1
      vertex 12.65 30 0
      vertex 12.65 30 5.1
    endloop
  endfacet
  facet normal -0.195007 0.980802 0
    outer loop
      vertex 10.6859 27.4403 0
      vertex 10.3459 27.3727 5.1
      vertex 10.6859 27.4403 5.1
    endloop
  endfacet
  facet normal -0.195007 0.980802 0
    outer loop
      vertex 10.3459 27.3727 5.1
      vertex 10.6859 27.4403 0
      vertex 10.3459 27.3727 0
    endloop
  endfacet
  facet normal -0.831428 0.555632 0
    outer loop
      vertex 12.1024 28.3868 0
      vertex 12.295 28.675 5.1
      vertex 12.295 28.675 0
    endloop
  endfacet
  facet normal -0.831428 0.555632 0
    outer loop
      vertex 12.295 28.675 5.1
      vertex 12.1024 28.3868 0
      vertex 12.1024 28.3868 5.1
    endloop
  endfacet
  facet normal -0.896894 0.442245 0
    outer loop
      vertex 12.295 28.675 0
      vertex 12.4483 28.9859 5.1
      vertex 12.4483 28.9859 0
    endloop
  endfacet
  facet normal -0.896894 0.442245 0
    outer loop
      vertex 12.4483 28.9859 5.1
      vertex 12.295 28.675 0
      vertex 12.295 28.675 5.1
    endloop
  endfacet
  facet normal -0.321416 0.946938 0
    outer loop
      vertex 11.0141 27.5517 0
      vertex 10.6859 27.4403 5.1
      vertex 11.0141 27.5517 5.1
    endloop
  endfacet
  facet normal -0.321416 0.946938 0
    outer loop
      vertex 10.6859 27.4403 5.1
      vertex 11.0141 27.5517 0
      vertex 10.6859 27.4403 0
    endloop
  endfacet
  facet normal -0.555632 0.831428 0
    outer loop
      vertex 11.6132 27.8976 0
      vertex 11.325 27.705 5.1
      vertex 11.6132 27.8976 5.1
    endloop
  endfacet
  facet normal -0.555632 0.831428 0
    outer loop
      vertex 11.325 27.705 5.1
      vertex 11.6132 27.8976 0
      vertex 11.325 27.705 0
    endloop
  endfacet
  facet normal -0.065485 0.997854 0
    outer loop
      vertex 10.3459 27.3727 0
      vertex 10 27.35 5.1
      vertex 10.3459 27.3727 5.1
    endloop
  endfacet
  facet normal -0.065485 0.997854 0
    outer loop
      vertex 10 27.35 5.1
      vertex 10.3459 27.3727 0
      vertex 10 27.35 0
    endloop
  endfacet
  facet normal 0.442256 0.896889 -0
    outer loop
      vertex 8.98589 27.5517 0
      vertex 8.675 27.705 5.1
      vertex 8.98589 27.5517 5.1
    endloop
  endfacet
  facet normal 0.442256 0.896889 0
    outer loop
      vertex 8.675 27.705 5.1
      vertex 8.98589 27.5517 0
      vertex 8.675 27.705 0
    endloop
  endfacet
  facet normal 0.896883 0.442268 0
    outer loop
      vertex 7.70503 28.675 5.1
      vertex 7.55172 28.9859 0
      vertex 7.55172 28.9859 5.1
    endloop
  endfacet
  facet normal 0.896883 0.442268 0
    outer loop
      vertex 7.55172 28.9859 0
      vertex 7.70503 28.675 5.1
      vertex 7.70503 28.675 0
    endloop
  endfacet
  facet normal 0.980785 0.19509 0
    outer loop
      vertex 7.4403 29.3141 5.1
      vertex 7.37267 29.6541 0
      vertex 7.37267 29.6541 5.1
    endloop
  endfacet
  facet normal 0.980785 0.19509 0
    outer loop
      vertex 7.37267 29.6541 0
      vertex 7.4403 29.3141 5.1
      vertex 7.4403 29.3141 0
    endloop
  endfacet
  facet normal 0.831455 0.555592 0
    outer loop
      vertex 7.89761 28.3868 5.1
      vertex 7.70503 28.675 0
      vertex 7.70503 28.675 5.1
    endloop
  endfacet
  facet normal 0.831455 0.555592 0
    outer loop
      vertex 7.70503 28.675 0
      vertex 7.89761 28.3868 5.1
      vertex 7.89761 28.3868 0
    endloop
  endfacet
  facet normal -0.980802 -0.195007 0
    outer loop
      vertex 12.6273 30.3459 0
      vertex 12.5597 30.6859 5.1
      vertex 12.5597 30.6859 0
    endloop
  endfacet
  facet normal -0.980802 -0.195007 0
    outer loop
      vertex 12.5597 30.6859 5.1
      vertex 12.6273 30.3459 0
      vertex 12.6273 30.3459 5.1
    endloop
  endfacet
  facet normal -0.065485 -0.997854 0
    outer loop
      vertex 10 32.65 0
      vertex 10.3459 32.6273 5.1
      vertex 10 32.65 5.1
    endloop
  endfacet
  facet normal -0.065485 -0.997854 -0
    outer loop
      vertex 10.3459 32.6273 5.1
      vertex 10 32.65 0
      vertex 10.3459 32.6273 0
    endloop
  endfacet
  facet normal 0 0 -1
    outer loop
      vertex 12.6273 29.6541 5.1
      vertex 12.6273 30.3459 5.1
      vertex 12.65 30 5.1
    endloop
  endfacet
  facet normal 0 0 -1
    outer loop
      vertex 12.5597 29.3141 5.1
      vertex 12.6273 30.3459 5.1
      vertex 12.6273 29.6541 5.1
    endloop
  endfacet
  facet normal 0 0 -1
    outer loop
      vertex 12.5597 29.3141 5.1
      vertex 12.5597 30.6859 5.1
      vertex 12.6273 30.3459 5.1
    endloop
  endfacet
  facet normal 0 0 -1
    outer loop
      vertex 12.4483 28.9859 5.1
      vertex 12.5597 30.6859 5.1
      vertex 12.5597 29.3141 5.1
    endloop
  endfacet
  facet normal 0 0 -1
    outer loop
      vertex 12.4483 28.9859 5.1
      vertex 12.4483 31.0141 5.1
      vertex 12.5597 30.6859 5.1
    endloop
  endfacet
  facet normal 0 0 -1
    outer loop
      vertex 12.295 28.675 5.1
      vertex 12.4483 31.0141 5.1
      vertex 12.4483 28.9859 5.1
    endloop
  endfacet
  facet normal 0 0 -1
    outer loop
      vertex 12.295 28.675 5.1
      vertex 12.295 31.325 5.1
      vertex 12.4483 31.0141 5.1
    endloop
  endfacet
  facet normal 0 0 -1
    outer loop
      vertex 12.1024 28.3868 5.1
      vertex 12.295 31.325 5.1
      vertex 12.295 28.675 5.1
    endloop
  endfacet
  facet normal 0 0 -1
    outer loop
      vertex 12.1024 28.3868 5.1
      vertex 12.1024 31.6132 5.1
      vertex 12.295 31.325 5.1
    endloop
  endfacet
  facet normal 0 0 -1
    outer loop
      vertex 11.8738 28.1262 5.1
      vertex 12.1024 31.6132 5.1
      vertex 12.1024 28.3868 5.1
    endloop
  endfacet
  facet normal 0 0 -1
    outer loop
      vertex 11.8738 28.1262 5.1
      vertex 11.8738 31.8738 5.1
      vertex 12.1024 31.6132 5.1
    endloop
  endfacet
  facet normal 0 0 -1
    outer loop
      vertex 11.6132 27.8976 5.1
      vertex 11.8738 31.8738 5.1
      vertex 11.8738 28.1262 5.1
    endloop
  endfacet
  facet normal 0 0 -1
    outer loop
      vertex 11.6132 27.8976 5.1
      vertex 11.6132 32.1024 5.1
      vertex 11.8738 31.8738 5.1
    endloop
  endfacet
  facet normal 0 0 -1
    outer loop
      vertex 11.325 27.705 5.1
      vertex 11.6132 32.1024 5.1
      vertex 11.6132 27.8976 5.1
    endloop
  endfacet
  facet normal 0 0 -1
    outer loop
      vertex 11.325 27.705 5.1
      vertex 11.325 32.295 5.1
      vertex 11.6132 32.1024 5.1
    endloop
  endfacet
  facet normal 0 0 -1
    outer loop
      vertex 11.0141 27.5517 5.1
      vertex 11.325 32.295 5.1
      vertex 11.325 27.705 5.1
    endloop
  endfacet
  facet normal 0 0 -1
    outer loop
      vertex 11.0141 27.5517 5.1
      vertex 11.0141 32.4483 5.1
      vertex 11.325 32.295 5.1
    endloop
  endfacet
  facet normal 0 0 -1
    outer loop
      vertex 10.6859 27.4403 5.1
      vertex 11.0141 32.4483 5.1
      vertex 11.0141 27.5517 5.1
    endloop
  endfacet
  facet normal 0 0 -1
    outer loop
      vertex 10.6859 27.4403 5.1
      vertex 10.6859 32.5597 5.1
      vertex 11.0141 32.4483 5.1
    endloop
  endfacet
  facet normal 0 0 -1
    outer loop
      vertex 10.3459 27.3727 5.1
      vertex 10.6859 32.5597 5.1
      vertex 10.6859 27.4403 5.1
    endloop
  endfacet
  facet normal 0 0 -1
    outer loop
      vertex 10.3459 27.3727 5.1
      vertex 10.3459 32.6273 5.1
      vertex 10.6859 32.5597 5.1
    endloop
  endfacet
  facet normal 0 0 -1
    outer loop
      vertex 10 27.35 5.1
      vertex 10.3459 32.6273 5.1
      vertex 10.3459 27.3727 5.1
    endloop
  endfacet
  facet normal 0 0 -1
    outer loop
      vertex 10 27.35 5.1
      vertex 10 32.65 5.1
      vertex 10.3459 32.6273 5.1
    endloop
  endfacet
  facet normal 0 0 -1
    outer loop
      vertex 9.65411 27.3727 5.1
      vertex 10 32.65 5.1
      vertex 10 27.35 5.1
    endloop
  endfacet
  facet normal 0 0 -1
    outer loop
      vertex 9.65411 27.3727 5.1
      vertex 9.65411 32.6273 5.1
      vertex 10 32.65 5.1
    endloop
  endfacet
  facet normal 0 0 -1
    outer loop
      vertex 9.31413 27.4403 5.1
      vertex 9.65411 32.6273 5.1
      vertex 9.65411 27.3727 5.1
    endloop
  endfacet
  facet normal 0 0 -1
    outer loop
      vertex 9.31413 27.4403 5.1
      vertex 9.31413 32.5597 5.1
      vertex 9.65411 32.6273 5.1
    endloop
  endfacet
  facet normal 0 0 -1
    outer loop
      vertex 8.98589 27.5517 5.1
      vertex 9.31413 32.5597 5.1
      vertex 9.31413 27.4403 5.1
    endloop
  endfacet
  facet normal 0 0 -1
    outer loop
      vertex 8.98589 27.5517 5.1
      vertex 8.98589 32.4483 5.1
      vertex 9.31413 32.5597 5.1
    endloop
  endfacet
  facet normal 0 0 -1
    outer loop
      vertex 8.675 27.705 5.1
      vertex 8.98589 32.4483 5.1
      vertex 8.98589 27.5517 5.1
    endloop
  endfacet
  facet normal 0 0 -1
    outer loop
      vertex 8.675 27.705 5.1
      vertex 8.675 32.295 5.1
      vertex 8.98589 32.4483 5.1
    endloop
  endfacet
  facet normal 0 0 -1
    outer loop
      vertex 8.38678 27.8976 5.1
      vertex 8.675 32.295 5.1
      vertex 8.675 27.705 5.1
    endloop
  endfacet
  facet normal 0 0 -1
    outer loop
      vertex 8.38678 27.8976 5.1
      vertex 8.38678 32.1024 5.1
      vertex 8.675 32.295 5.1
    endloop
  endfacet
  facet normal 0 0 -1
    outer loop
      vertex 8.12617 28.1262 5.1
      vertex 8.38678 32.1024 5.1
      vertex 8.38678 27.8976 5.1
    endloop
  endfacet
  facet normal 0 0 -1
    outer loop
      vertex 8.12617 28.1262 5.1
      vertex 8.12617 31.8738 5.1
      vertex 8.38678 32.1024 5.1
    endloop
  endfacet
  facet normal 0 0 -1
    outer loop
      vertex 7.89761 28.3868 5.1
      vertex 8.12617 31.8738 5.1
      vertex 8.12617 28.1262 5.1
    endloop
  endfacet
  facet normal 0 0 -1
    outer loop
      vertex 7.89761 28.3868 5.1
      vertex 7.89761 31.6132 5.1
      vertex 8.12617 31.8738 5.1
    endloop
  endfacet
  facet normal 0 0 -1
    outer loop
      vertex 7.70503 28.675 5.1
      vertex 7.89761 31.6132 5.1
      vertex 7.89761 28.3868 5.1
    endloop
  endfacet
  facet normal 0 0 -1
    outer loop
      vertex 7.70503 28.675 5.1
      vertex 7.70503 31.325 5.1
      vertex 7.89761 31.6132 5.1
    endloop
  endfacet
  facet normal 0 0 -1
    outer loop
      vertex 7.55172 28.9859 5.1
      vertex 7.70503 31.325 5.1
      vertex 7.70503 28.675 5.1
    endloop
  endfacet
  facet normal 0 0 -1
    outer loop
      vertex 7.55172 28.9859 5.1
      vertex 7.55172 31.0141 5.1
      vertex 7.70503 31.325 5.1
    endloop
  endfacet
  facet normal 0 0 -1
    outer loop
      vertex 7.4403 29.3141 5.1
      vertex 7.55172 31.0141 5.1
      vertex 7.55172 28.9859 5.1
    endloop
  endfacet
  facet normal 0 0 -1
    outer loop
      vertex 7.4403 29.3141 5.1
      vertex 7.4403 30.6859 5.1
      vertex 7.55172 31.0141 5.1
    endloop
  endfacet
  facet normal 0 0 -1
    outer loop
      vertex 7.37267 29.6541 5.1
      vertex 7.4403 30.6859 5.1
      vertex 7.4403 29.3141 5.1
    endloop
  endfacet
  facet normal 0 0 -1
    outer loop
      vertex 7.37267 29.6541 5.1
      vertex 7.37267 30.3459 5.1
      vertex 7.4403 30.6859 5.1
    endloop
  endfacet
  facet normal 0 -0 -1
    outer loop
      vertex 7.37267 30.3459 5.1
      vertex 7.37267 29.6541 5.1
      vertex 7.35 30 5.1
    endloop
  endfacet
  facet normal 0.997859 -0.0653989 0
    outer loop
      vertex 7.35 30 5.1
      vertex 7.37267 30.3459 0
      vertex 7.37267 30.3459 5.1
    endloop
  endfacet
  facet normal 0.997859 -0.0653989 0
    outer loop
      vertex 7.37267 30.3459 0
      vertex 7.35 30 5.1
      vertex 7.35 30 0
    endloop
  endfacet
  facet normal -0.659444 0.751754 0
    outer loop
      vertex 11.8738 28.1262 0
      vertex 11.6132 27.8976 5.1
      vertex 11.8738 28.1262 5.1
    endloop
  endfacet
  facet normal -0.659444 0.751754 0
    outer loop
      vertex 11.6132 27.8976 5.1
      vertex 11.8738 28.1262 0
      vertex 11.6132 27.8976 0
    endloop
  endfacet
  facet normal 0.751811 0.659378 0
    outer loop
      vertex 8.12617 28.1262 5.1
      vertex 7.89761 28.3868 0
      vertex 7.89761 28.3868 5.1
    endloop
  endfacet
  facet normal 0.751811 0.659378 0
    outer loop
      vertex 7.89761 28.3868 0
      vertex 8.12617 28.1262 5.1
      vertex 8.12617 28.1262 0
    endloop
  endfacet
  facet normal 0 -0.555632 0.831428
    outer loop
      vertex 20.3 11.6132 32.8976
      vertex 24 11.325 32.705
      vertex 24 11.6132 32.8976
    endloop
  endfacet
  facet normal 0 -0.555632 0.831428
    outer loop
      vertex 24 11.325 32.705
      vertex 20.3 11.6132 32.8976
      vertex 20.3 11.325 32.705
    endloop
  endfacet
  facet normal 0 -0.555632 0.831428
    outer loop
      vertex -4 11.6132 32.8976
      vertex -0.299999 11.325 32.705
      vertex -0.299999 11.6132 32.8976
    endloop
  endfacet
  facet normal 0 -0.555632 0.831428
    outer loop
      vertex -0.299999 11.325 32.705
      vertex -4 11.6132 32.8976
      vertex -4 11.325 32.705
    endloop
  endfacet
  facet normal 0 -0.980802 0.195007
    outer loop
      vertex -4 12.5597 34.3141
      vertex -0.299999 12.6273 34.6541
      vertex -4 12.6273 34.6541
    endloop
  endfacet
  facet normal 0 -0.980802 0.195007
    outer loop
      vertex -0.299999 12.6273 34.6541
      vertex -4 12.5597 34.3141
      vertex -0.299999 12.5597 34.3141
    endloop
  endfacet
  facet normal 0 -0.980802 0.195007
    outer loop
      vertex 20.3 12.5597 34.3141
      vertex 24 12.6273 34.6541
      vertex 20.3 12.6273 34.6541
    endloop
  endfacet
  facet normal 0 -0.980802 0.195007
    outer loop
      vertex 24 12.6273 34.6541
      vertex 20.3 12.5597 34.3141
      vertex 24 12.5597 34.3141
    endloop
  endfacet
  facet normal 0 -0.946938 -0.321416
    outer loop
      vertex -4 12.5597 35.6859
      vertex -0.299999 12.4483 36.0141
      vertex -4 12.4483 36.0141
    endloop
  endfacet
  facet normal 0 -0.946938 -0.321416
    outer loop
      vertex -0.299999 12.4483 36.0141
      vertex -4 12.5597 35.6859
      vertex -0.299999 12.5597 35.6859
    endloop
  endfacet
  facet normal 0 -0.946938 -0.321416
    outer loop
      vertex 20.3 12.5597 35.6859
      vertex 24 12.4483 36.0141
      vertex 20.3 12.4483 36.0141
    endloop
  endfacet
  facet normal 0 -0.946938 -0.321416
    outer loop
      vertex 24 12.4483 36.0141
      vertex 20.3 12.5597 35.6859
      vertex 24 12.5597 35.6859
    endloop
  endfacet
  facet normal 0 -0.442245 -0.896894
    outer loop
      vertex -4 11.0141 37.4483
      vertex -0.299999 11.325 37.295
      vertex -0.299999 11.0141 37.4483
    endloop
  endfacet
  facet normal -0 -0.442245 -0.896894
    outer loop
      vertex -0.299999 11.325 37.295
      vertex -4 11.0141 37.4483
      vertex -4 11.325 37.295
    endloop
  endfacet
  facet normal 0 -0.442245 -0.896894
    outer loop
      vertex 20.3 11.0141 37.4483
      vertex 24 11.325 37.295
      vertex 24 11.0141 37.4483
    endloop
  endfacet
  facet normal -0 -0.442245 -0.896894
    outer loop
      vertex 24 11.325 37.295
      vertex 20.3 11.0141 37.4483
      vertex 20.3 11.325 37.295
    endloop
  endfacet
  facet normal -0 0.0654869 0.997853
    outer loop
      vertex -4 10 32.35
      vertex -0.299999 9.65411 32.3727
      vertex -0.299999 10 32.35
    endloop
  endfacet
  facet normal 0 0.0654869 0.997853
    outer loop
      vertex -0.299999 9.65411 32.3727
      vertex -4 10 32.35
      vertex -4 9.65411 32.3727
    endloop
  endfacet
  facet normal -0 0.0654869 0.997853
    outer loop
      vertex 20.3 10 32.35
      vertex 24 9.65411 32.3727
      vertex 24 10 32.35
    endloop
  endfacet
  facet normal 0 0.0654869 0.997853
    outer loop
      vertex 24 9.65411 32.3727
      vertex 20.3 10 32.35
      vertex 20.3 9.65411 32.3727
    endloop
  endfacet
  facet normal 0 -0.442245 0.896894
    outer loop
      vertex 20.3 11.325 32.705
      vertex 24 11.0141 32.5517
      vertex 24 11.325 32.705
    endloop
  endfacet
  facet normal 0 -0.442245 0.896894
    outer loop
      vertex 24 11.0141 32.5517
      vertex 20.3 11.325 32.705
      vertex 20.3 11.0141 32.5517
    endloop
  endfacet
  facet normal 0 -0.442245 0.896894
    outer loop
      vertex -4 11.325 32.705
      vertex -0.299999 11.0141 32.5517
      vertex -0.299999 11.325 32.705
    endloop
  endfacet
  facet normal 0 -0.442245 0.896894
    outer loop
      vertex -0.299999 11.0141 32.5517
      vertex -4 11.325 32.705
      vertex -4 11.0141 32.5517
    endloop
  endfacet
  facet normal 0 -0.997854 0.065485
    outer loop
      vertex -4 12.6273 34.6541
      vertex -0.299999 12.65 35
      vertex -4 12.65 35
    endloop
  endfacet
  facet normal 0 -0.997854 0.065485
    outer loop
      vertex -0.299999 12.65 35
      vertex -4 12.6273 34.6541
      vertex -0.299999 12.6273 34.6541
    endloop
  endfacet
  facet normal 0 -0.997854 0.065485
    outer loop
      vertex 20.3 12.6273 34.6541
      vertex 24 12.65 35
      vertex 20.3 12.65 35
    endloop
  endfacet
  facet normal 0 -0.997854 0.065485
    outer loop
      vertex 24 12.65 35
      vertex 20.3 12.6273 34.6541
      vertex 24 12.6273 34.6541
    endloop
  endfacet
  facet normal 0 -0.831428 0.555632
    outer loop
      vertex -4 12.1024 33.3868
      vertex -0.299999 12.295 33.675
      vertex -4 12.295 33.675
    endloop
  endfacet
  facet normal 0 -0.831428 0.555632
    outer loop
      vertex -0.299999 12.295 33.675
      vertex -4 12.1024 33.3868
      vertex -0.299999 12.1024 33.3868
    endloop
  endfacet
  facet normal 0 -0.831428 0.555632
    outer loop
      vertex 20.3 12.1024 33.3868
      vertex 24 12.295 33.675
      vertex 20.3 12.295 33.675
    endloop
  endfacet
  facet normal 0 -0.831428 0.555632
    outer loop
      vertex 24 12.295 33.675
      vertex 20.3 12.1024 33.3868
      vertex 24 12.1024 33.3868
    endloop
  endfacet
  facet normal 0 -0.065485 -0.997854
    outer loop
      vertex -4 10 37.65
      vertex -0.299999 10.3459 37.6273
      vertex -0.299999 10 37.65
    endloop
  endfacet
  facet normal -0 -0.065485 -0.997854
    outer loop
      vertex -0.299999 10.3459 37.6273
      vertex -4 10 37.65
      vertex -4 10.3459 37.6273
    endloop
  endfacet
  facet normal 0 -0.065485 -0.997854
    outer loop
      vertex 20.3 10 37.65
      vertex 24 10.3459 37.6273
      vertex 24 10 37.65
    endloop
  endfacet
  facet normal -0 -0.065485 -0.997854
    outer loop
      vertex 24 10.3459 37.6273
      vertex 20.3 10 37.65
      vertex 20.3 10.3459 37.6273
    endloop
  endfacet
  facet normal 0 -0.659444 -0.751754
    outer loop
      vertex 20.3 11.6132 37.1024
      vertex 24 11.8738 36.8738
      vertex 24 11.6132 37.1024
    endloop
  endfacet
  facet normal -0 -0.659444 -0.751754
    outer loop
      vertex 24 11.8738 36.8738
      vertex 20.3 11.6132 37.1024
      vertex 20.3 11.8738 36.8738
    endloop
  endfacet
  facet normal 0 -0.659444 -0.751754
    outer loop
      vertex -4 11.6132 37.1024
      vertex -0.299999 11.8738 36.8738
      vertex -0.299999 11.6132 37.1024
    endloop
  endfacet
  facet normal -0 -0.659444 -0.751754
    outer loop
      vertex -0.299999 11.8738 36.8738
      vertex -4 11.6132 37.1024
      vertex -4 11.8738 36.8738
    endloop
  endfacet
  facet normal 0 -0.896894 -0.442245
    outer loop
      vertex -4 12.4483 36.0141
      vertex -0.299999 12.295 36.325
      vertex -4 12.295 36.325
    endloop
  endfacet
  facet normal 0 -0.896894 -0.442245
    outer loop
      vertex -0.299999 12.295 36.325
      vertex -4 12.4483 36.0141
      vertex -0.299999 12.4483 36.0141
    endloop
  endfacet
  facet normal 0 -0.896894 -0.442245
    outer loop
      vertex 20.3 12.4483 36.0141
      vertex 24 12.295 36.325
      vertex 20.3 12.295 36.325
    endloop
  endfacet
  facet normal 0 -0.896894 -0.442245
    outer loop
      vertex 24 12.295 36.325
      vertex 20.3 12.4483 36.0141
      vertex 24 12.4483 36.0141
    endloop
  endfacet
  facet normal 0 -0.980802 -0.195007
    outer loop
      vertex -4 12.6273 35.3459
      vertex -0.299999 12.5597 35.6859
      vertex -4 12.5597 35.6859
    endloop
  endfacet
  facet normal 0 -0.980802 -0.195007
    outer loop
      vertex -0.299999 12.5597 35.6859
      vertex -4 12.6273 35.3459
      vertex -0.299999 12.6273 35.3459
    endloop
  endfacet
  facet normal 0 -0.980802 -0.195007
    outer loop
      vertex 20.3 12.6273 35.3459
      vertex 24 12.5597 35.6859
      vertex 20.3 12.5597 35.6859
    endloop
  endfacet
  facet normal 0 -0.980802 -0.195007
    outer loop
      vertex 24 12.5597 35.6859
      vertex 20.3 12.6273 35.3459
      vertex 24 12.6273 35.3459
    endloop
  endfacet
  facet normal 0 0.831455 0.555592
    outer loop
      vertex 24 7.89761 33.3868
      vertex 20.3 7.70503 33.675
      vertex 24 7.70503 33.675
    endloop
  endfacet
  facet normal 0 0.831455 0.555592
    outer loop
      vertex 20.3 7.70503 33.675
      vertex 24 7.89761 33.3868
      vertex 20.3 7.89761 33.3868
    endloop
  endfacet
  facet normal 0 0.831455 0.555592
    outer loop
      vertex -0.299999 7.89761 33.3868
      vertex -4 7.70503 33.675
      vertex -0.299999 7.70503 33.675
    endloop
  endfacet
  facet normal 0 0.831455 0.555592
    outer loop
      vertex -4 7.70503 33.675
      vertex -0.299999 7.89761 33.3868
      vertex -4 7.89761 33.3868
    endloop
  endfacet
  facet normal 0 0.751811 -0.659378
    outer loop
      vertex 24 7.89761 36.6132
      vertex 20.3 8.12617 36.8738
      vertex 24 8.12617 36.8738
    endloop
  endfacet
  facet normal 0 0.751811 -0.659378
    outer loop
      vertex 20.3 8.12617 36.8738
      vertex 24 7.89761 36.6132
      vertex 20.3 7.89761 36.6132
    endloop
  endfacet
  facet normal 0 0.751811 -0.659378
    outer loop
      vertex -0.299999 7.89761 36.6132
      vertex -4 8.12617 36.8738
      vertex -0.299999 8.12617 36.8738
    endloop
  endfacet
  facet normal 0 0.751811 -0.659378
    outer loop
      vertex -4 8.12617 36.8738
      vertex -0.299999 7.89761 36.6132
      vertex -4 7.89761 36.6132
    endloop
  endfacet
  facet normal 0 -0.195007 0.980802
    outer loop
      vertex -4 10.6859 32.4403
      vertex -0.299999 10.3459 32.3727
      vertex -0.299999 10.6859 32.4403
    endloop
  endfacet
  facet normal 0 -0.195007 0.980802
    outer loop
      vertex -0.299999 10.3459 32.3727
      vertex -4 10.6859 32.4403
      vertex -4 10.3459 32.3727
    endloop
  endfacet
  facet normal 0 -0.195007 0.980802
    outer loop
      vertex 20.3 10.6859 32.4403
      vertex 24 10.3459 32.3727
      vertex 24 10.6859 32.4403
    endloop
  endfacet
  facet normal 0 -0.195007 0.980802
    outer loop
      vertex 24 10.3459 32.3727
      vertex 20.3 10.6859 32.4403
      vertex 20.3 10.3459 32.3727
    endloop
  endfacet
  facet normal 0 -0.321416 0.946938
    outer loop
      vertex 20.3 11.0141 32.5517
      vertex 24 10.6859 32.4403
      vertex 24 11.0141 32.5517
    endloop
  endfacet
  facet normal 0 -0.321416 0.946938
    outer loop
      vertex 24 10.6859 32.4403
      vertex 20.3 11.0141 32.5517
      vertex 20.3 10.6859 32.4403
    endloop
  endfacet
  facet normal 0 -0.321416 0.946938
    outer loop
      vertex -4 11.0141 32.5517
      vertex -0.299999 10.6859 32.4403
      vertex -0.299999 11.0141 32.5517
    endloop
  endfacet
  facet normal 0 -0.321416 0.946938
    outer loop
      vertex -0.299999 10.6859 32.4403
      vertex -4 11.0141 32.5517
      vertex -4 10.6859 32.4403
    endloop
  endfacet
  facet normal 0 -0.751754 0.659444
    outer loop
      vertex -4 11.8738 33.1262
      vertex -0.299999 12.1024 33.3868
      vertex -4 12.1024 33.3868
    endloop
  endfacet
  facet normal 0 -0.751754 0.659444
    outer loop
      vertex -0.299999 12.1024 33.3868
      vertex -4 11.8738 33.1262
      vertex -0.299999 11.8738 33.1262
    endloop
  endfacet
  facet normal 0 -0.751754 0.659444
    outer loop
      vertex 20.3 11.8738 33.1262
      vertex 24 12.1024 33.3868
      vertex 20.3 12.1024 33.3868
    endloop
  endfacet
  facet normal 0 -0.751754 0.659444
    outer loop
      vertex 24 12.1024 33.3868
      vertex 20.3 11.8738 33.1262
      vertex 24 11.8738 33.1262
    endloop
  endfacet
  facet normal 0 -0.997854 -0.065485
    outer loop
      vertex -4 12.65 35
      vertex -0.299999 12.6273 35.3459
      vertex -4 12.6273 35.3459
    endloop
  endfacet
  facet normal 0 -0.997854 -0.065485
    outer loop
      vertex -0.299999 12.6273 35.3459
      vertex -4 12.65 35
      vertex -0.299999 12.65 35
    endloop
  endfacet
  facet normal 0 -0.997854 -0.065485
    outer loop
      vertex 20.3 12.65 35
      vertex 24 12.6273 35.3459
      vertex 20.3 12.6273 35.3459
    endloop
  endfacet
  facet normal 0 -0.997854 -0.065485
    outer loop
      vertex 24 12.6273 35.3459
      vertex 20.3 12.65 35
      vertex 24 12.65 35
    endloop
  endfacet
  facet normal 0 -0.896894 0.442245
    outer loop
      vertex -4 12.295 33.675
      vertex -0.299999 12.4483 33.9859
      vertex -4 12.4483 33.9859
    endloop
  endfacet
  facet normal 0 -0.896894 0.442245
    outer loop
      vertex -0.299999 12.4483 33.9859
      vertex -4 12.295 33.675
      vertex -0.299999 12.295 33.675
    endloop
  endfacet
  facet normal 0 -0.896894 0.442245
    outer loop
      vertex 20.3 12.295 33.675
      vertex 24 12.4483 33.9859
      vertex 20.3 12.4483 33.9859
    endloop
  endfacet
  facet normal 0 -0.896894 0.442245
    outer loop
      vertex 24 12.4483 33.9859
      vertex 20.3 12.295 33.675
      vertex 24 12.295 33.675
    endloop
  endfacet
  facet normal 0 -0.321416 -0.946938
    outer loop
      vertex -4 10.6859 37.5597
      vertex -0.299999 11.0141 37.4483
      vertex -0.299999 10.6859 37.5597
    endloop
  endfacet
  facet normal -0 -0.321416 -0.946938
    outer loop
      vertex -0.299999 11.0141 37.4483
      vertex -4 10.6859 37.5597
      vertex -4 11.0141 37.4483
    endloop
  endfacet
  facet normal 0 -0.321416 -0.946938
    outer loop
      vertex 20.3 10.6859 37.5597
      vertex 24 11.0141 37.4483
      vertex 24 10.6859 37.5597
    endloop
  endfacet
  facet normal -0 -0.321416 -0.946938
    outer loop
      vertex 24 11.0141 37.4483
      vertex 20.3 10.6859 37.5597
      vertex 20.3 11.0141 37.4483
    endloop
  endfacet
  facet normal 0 -0.195007 -0.980802
    outer loop
      vertex -4 10.3459 37.6273
      vertex -0.299999 10.6859 37.5597
      vertex -0.299999 10.3459 37.6273
    endloop
  endfacet
  facet normal -0 -0.195007 -0.980802
    outer loop
      vertex -0.299999 10.6859 37.5597
      vertex -4 10.3459 37.6273
      vertex -4 10.6859 37.5597
    endloop
  endfacet
  facet normal 0 -0.195007 -0.980802
    outer loop
      vertex 20.3 10.3459 37.6273
      vertex 24 10.6859 37.5597
      vertex 24 10.3459 37.6273
    endloop
  endfacet
  facet normal -0 -0.195007 -0.980802
    outer loop
      vertex 24 10.6859 37.5597
      vertex 20.3 10.3459 37.6273
      vertex 20.3 10.6859 37.5597
    endloop
  endfacet
  facet normal 0 -0.555632 -0.831428
    outer loop
      vertex -4 11.325 37.295
      vertex -0.299999 11.6132 37.1024
      vertex -0.299999 11.325 37.295
    endloop
  endfacet
  facet normal -0 -0.555632 -0.831428
    outer loop
      vertex -0.299999 11.6132 37.1024
      vertex -4 11.325 37.295
      vertex -4 11.6132 37.1024
    endloop
  endfacet
  facet normal 0 -0.555632 -0.831428
    outer loop
      vertex 20.3 11.325 37.295
      vertex 24 11.6132 37.1024
      vertex 24 11.325 37.295
    endloop
  endfacet
  facet normal -0 -0.555632 -0.831428
    outer loop
      vertex 24 11.6132 37.1024
      vertex 20.3 11.325 37.295
      vertex 20.3 11.6132 37.1024
    endloop
  endfacet
  facet normal 0 -0.831428 -0.555632
    outer loop
      vertex 20.3 12.295 36.325
      vertex 24 12.1024 36.6132
      vertex 20.3 12.1024 36.6132
    endloop
  endfacet
  facet normal 0 -0.831428 -0.555632
    outer loop
      vertex 24 12.1024 36.6132
      vertex 20.3 12.295 36.325
      vertex 24 12.295 36.325
    endloop
  endfacet
  facet normal 0 -0.831428 -0.555632
    outer loop
      vertex -4 12.295 36.325
      vertex -0.299999 12.1024 36.6132
      vertex -4 12.1024 36.6132
    endloop
  endfacet
  facet normal 0 -0.831428 -0.555632
    outer loop
      vertex -0.299999 12.1024 36.6132
      vertex -4 12.295 36.325
      vertex -0.299999 12.295 36.325
    endloop
  endfacet
  facet normal 0 -0.751754 -0.659444
    outer loop
      vertex 20.3 12.1024 36.6132
      vertex 24 11.8738 36.8738
      vertex 20.3 11.8738 36.8738
    endloop
  endfacet
  facet normal 0 -0.751754 -0.659444
    outer loop
      vertex 24 11.8738 36.8738
      vertex 20.3 12.1024 36.6132
      vertex 24 12.1024 36.6132
    endloop
  endfacet
  facet normal 0 -0.751754 -0.659444
    outer loop
      vertex -4 12.1024 36.6132
      vertex -0.299999 11.8738 36.8738
      vertex -4 11.8738 36.8738
    endloop
  endfacet
  facet normal 0 -0.751754 -0.659444
    outer loop
      vertex -0.299999 11.8738 36.8738
      vertex -4 12.1024 36.6132
      vertex -0.299999 12.1024 36.6132
    endloop
  endfacet
  facet normal 0 -0.065485 0.997854
    outer loop
      vertex -4 10.3459 32.3727
      vertex -0.299999 10 32.35
      vertex -0.299999 10.3459 32.3727
    endloop
  endfacet
  facet normal 0 -0.065485 0.997854
    outer loop
      vertex -0.299999 10 32.35
      vertex -4 10.3459 32.3727
      vertex -4 10 32.35
    endloop
  endfacet
  facet normal 0 -0.065485 0.997854
    outer loop
      vertex 20.3 10.3459 32.3727
      vertex 24 10 32.35
      vertex 24 10.3459 32.3727
    endloop
  endfacet
  facet normal 0 -0.065485 0.997854
    outer loop
      vertex 24 10 32.35
      vertex 20.3 10.3459 32.3727
      vertex 20.3 10 32.35
    endloop
  endfacet
  facet normal -0 0.195018 0.9808
    outer loop
      vertex -4 9.65411 32.3727
      vertex -0.299999 9.31413 32.4403
      vertex -0.299999 9.65411 32.3727
    endloop
  endfacet
  facet normal 0 0.195018 0.9808
    outer loop
      vertex -0.299999 9.31413 32.4403
      vertex -4 9.65411 32.3727
      vertex -4 9.31413 32.4403
    endloop
  endfacet
  facet normal -0 0.195018 0.9808
    outer loop
      vertex 20.3 9.65411 32.3727
      vertex 24 9.31413 32.4403
      vertex 24 9.65411 32.3727
    endloop
  endfacet
  facet normal 0 0.195018 0.9808
    outer loop
      vertex 24 9.31413 32.4403
      vertex 20.3 9.65411 32.3727
      vertex 20.3 9.31413 32.4403
    endloop
  endfacet
  facet normal -0 0.555605 0.831446
    outer loop
      vertex 20.3 8.675 32.705
      vertex 24 8.38678 32.8976
      vertex 24 8.675 32.705
    endloop
  endfacet
  facet normal 0 0.555605 0.831446
    outer loop
      vertex 24 8.38678 32.8976
      vertex 20.3 8.675 32.705
      vertex 20.3 8.38678 32.8976
    endloop
  endfacet
  facet normal -0 0.555605 0.831446
    outer loop
      vertex -4 8.675 32.705
      vertex -0.299999 8.38678 32.8976
      vertex -0.299999 8.675 32.705
    endloop
  endfacet
  facet normal 0 0.555605 0.831446
    outer loop
      vertex -0.299999 8.38678 32.8976
      vertex -4 8.675 32.705
      vertex -4 8.38678 32.8976
    endloop
  endfacet
  facet normal 0 0.997859 0.0653989
    outer loop
      vertex -0.299999 7.37267 34.6541
      vertex -4 7.35 35
      vertex -0.299999 7.35 35
    endloop
  endfacet
  facet normal 0 0.997859 0.0653989
    outer loop
      vertex -4 7.35 35
      vertex -0.299999 7.37267 34.6541
      vertex -4 7.37267 34.6541
    endloop
  endfacet
  facet normal 0 0.997859 0.0653989
    outer loop
      vertex 24 7.37267 34.6541
      vertex 20.3 7.35 35
      vertex 24 7.35 35
    endloop
  endfacet
  facet normal 0 0.997859 0.0653989
    outer loop
      vertex 20.3 7.35 35
      vertex 24 7.37267 34.6541
      vertex 20.3 7.37267 34.6541
    endloop
  endfacet
  facet normal 0 0.980785 0.19509
    outer loop
      vertex -0.299999 7.4403 34.3141
      vertex -4 7.37267 34.6541
      vertex -0.299999 7.37267 34.6541
    endloop
  endfacet
  facet normal 0 0.980785 0.19509
    outer loop
      vertex -4 7.37267 34.6541
      vertex -0.299999 7.4403 34.3141
      vertex -4 7.4403 34.3141
    endloop
  endfacet
  facet normal 0 0.980785 0.19509
    outer loop
      vertex 24 7.4403 34.3141
      vertex 20.3 7.37267 34.6541
      vertex 24 7.37267 34.6541
    endloop
  endfacet
  facet normal 0 0.980785 0.19509
    outer loop
      vertex 20.3 7.37267 34.6541
      vertex 24 7.4403 34.3141
      vertex 20.3 7.4403 34.3141
    endloop
  endfacet
  facet normal 0 -0.659444 0.751754
    outer loop
      vertex -4 11.8738 33.1262
      vertex -0.299999 11.6132 32.8976
      vertex -0.299999 11.8738 33.1262
    endloop
  endfacet
  facet normal 0 -0.659444 0.751754
    outer loop
      vertex -0.299999 11.6132 32.8976
      vertex -4 11.8738 33.1262
      vertex -4 11.6132 32.8976
    endloop
  endfacet
  facet normal 0 -0.659444 0.751754
    outer loop
      vertex 20.3 11.8738 33.1262
      vertex 24 11.6132 32.8976
      vertex 24 11.8738 33.1262
    endloop
  endfacet
  facet normal 0 -0.659444 0.751754
    outer loop
      vertex 24 11.6132 32.8976
      vertex 20.3 11.8738 33.1262
      vertex 20.3 11.6132 32.8976
    endloop
  endfacet
  facet normal 0 -0.946938 0.321416
    outer loop
      vertex -4 12.4483 33.9859
      vertex -0.299999 12.5597 34.3141
      vertex -4 12.5597 34.3141
    endloop
  endfacet
  facet normal 0 -0.946938 0.321416
    outer loop
      vertex -0.299999 12.5597 34.3141
      vertex -4 12.4483 33.9859
      vertex -0.299999 12.4483 33.9859
    endloop
  endfacet
  facet normal 0 -0.946938 0.321416
    outer loop
      vertex 20.3 12.4483 33.9859
      vertex 24 12.5597 34.3141
      vertex 20.3 12.5597 34.3141
    endloop
  endfacet
  facet normal 0 -0.946938 0.321416
    outer loop
      vertex 24 12.5597 34.3141
      vertex 20.3 12.4483 33.9859
      vertex 24 12.4483 33.9859
    endloop
  endfacet
  facet normal -0 0.442256 0.896889
    outer loop
      vertex 20.3 8.98589 32.5517
      vertex 24 8.675 32.705
      vertex 24 8.98589 32.5517
    endloop
  endfacet
  facet normal 0 0.442256 0.896889
    outer loop
      vertex 24 8.675 32.705
      vertex 20.3 8.98589 32.5517
      vertex 20.3 8.675 32.705
    endloop
  endfacet
  facet normal -0 0.442256 0.896889
    outer loop
      vertex -4 8.98589 32.5517
      vertex -0.299999 8.675 32.705
      vertex -0.299999 8.98589 32.5517
    endloop
  endfacet
  facet normal 0 0.442256 0.896889
    outer loop
      vertex -0.299999 8.675 32.705
      vertex -4 8.98589 32.5517
      vertex -4 8.675 32.705
    endloop
  endfacet
  facet normal -0 0.321381 0.94695
    outer loop
      vertex 20.3 9.31413 32.4403
      vertex 24 8.98589 32.5517
      vertex 24 9.31413 32.4403
    endloop
  endfacet
  facet normal 0 0.321381 0.94695
    outer loop
      vertex 24 8.98589 32.5517
      vertex 20.3 9.31413 32.4403
      vertex 20.3 8.98589 32.5517
    endloop
  endfacet
  facet normal -0 0.321381 0.94695
    outer loop
      vertex -4 9.31413 32.4403
      vertex -0.299999 8.98589 32.5517
      vertex -0.299999 9.31413 32.4403
    endloop
  endfacet
  facet normal 0 0.321381 0.94695
    outer loop
      vertex -0.299999 8.98589 32.5517
      vertex -4 9.31413 32.4403
      vertex -4 8.98589 32.5517
    endloop
  endfacet
  facet normal -0 0.659429 0.751767
    outer loop
      vertex 20.3 8.38678 32.8976
      vertex 24 8.12617 33.1262
      vertex 24 8.38678 32.8976
    endloop
  endfacet
  facet normal 0 0.659429 0.751767
    outer loop
      vertex 24 8.12617 33.1262
      vertex 20.3 8.38678 32.8976
      vertex 20.3 8.12617 33.1262
    endloop
  endfacet
  facet normal -0 0.659429 0.751767
    outer loop
      vertex -4 8.38678 32.8976
      vertex -0.299999 8.12617 33.1262
      vertex -0.299999 8.38678 32.8976
    endloop
  endfacet
  facet normal 0 0.659429 0.751767
    outer loop
      vertex -0.299999 8.12617 33.1262
      vertex -4 8.38678 32.8976
      vertex -4 8.12617 33.1262
    endloop
  endfacet
  facet normal 0 0.896883 -0.442268
    outer loop
      vertex -0.299999 7.55172 36.0141
      vertex -4 7.70503 36.325
      vertex -0.299999 7.70503 36.325
    endloop
  endfacet
  facet normal 0 0.896883 -0.442268
    outer loop
      vertex -4 7.70503 36.325
      vertex -0.299999 7.55172 36.0141
      vertex -4 7.55172 36.0141
    endloop
  endfacet
  facet normal 0 0.896883 -0.442268
    outer loop
      vertex 24 7.55172 36.0141
      vertex 20.3 7.70503 36.325
      vertex 24 7.70503 36.325
    endloop
  endfacet
  facet normal 0 0.896883 -0.442268
    outer loop
      vertex 20.3 7.70503 36.325
      vertex 24 7.55172 36.0141
      vertex 20.3 7.55172 36.0141
    endloop
  endfacet
  facet normal 0 0.980785 -0.19509
    outer loop
      vertex -0.299999 7.37267 35.3459
      vertex -4 7.4403 35.6859
      vertex -0.299999 7.4403 35.6859
    endloop
  endfacet
  facet normal 0 0.980785 -0.19509
    outer loop
      vertex -4 7.4403 35.6859
      vertex -0.299999 7.37267 35.3459
      vertex -4 7.37267 35.3459
    endloop
  endfacet
  facet normal 0 0.980785 -0.19509
    outer loop
      vertex 24 7.37267 35.3459
      vertex 20.3 7.4403 35.6859
      vertex 24 7.4403 35.6859
    endloop
  endfacet
  facet normal 0 0.980785 -0.19509
    outer loop
      vertex 20.3 7.4403 35.6859
      vertex 24 7.37267 35.3459
      vertex 20.3 7.37267 35.3459
    endloop
  endfacet
  facet normal 0 0.321381 -0.94695
    outer loop
      vertex 20.3 8.98589 37.4483
      vertex 24 9.31413 37.5597
      vertex 24 8.98589 37.4483
    endloop
  endfacet
  facet normal 0 0.321381 -0.94695
    outer loop
      vertex 24 9.31413 37.5597
      vertex 20.3 8.98589 37.4483
      vertex 20.3 9.31413 37.5597
    endloop
  endfacet
  facet normal 0 0.321381 -0.94695
    outer loop
      vertex -4 8.98589 37.4483
      vertex -0.299999 9.31413 37.5597
      vertex -0.299999 8.98589 37.4483
    endloop
  endfacet
  facet normal 0 0.321381 -0.94695
    outer loop
      vertex -0.299999 9.31413 37.5597
      vertex -4 8.98589 37.4483
      vertex -4 9.31413 37.5597
    endloop
  endfacet
  facet normal 0 0.0654869 -0.997853
    outer loop
      vertex 20.3 9.65411 37.6273
      vertex 24 10 37.65
      vertex 24 9.65411 37.6273
    endloop
  endfacet
  facet normal 0 0.0654869 -0.997853
    outer loop
      vertex 24 10 37.65
      vertex 20.3 9.65411 37.6273
      vertex 20.3 10 37.65
    endloop
  endfacet
  facet normal 0 0.0654869 -0.997853
    outer loop
      vertex -4 9.65411 37.6273
      vertex -0.299999 10 37.65
      vertex -0.299999 9.65411 37.6273
    endloop
  endfacet
  facet normal 0 0.0654869 -0.997853
    outer loop
      vertex -0.299999 10 37.65
      vertex -4 9.65411 37.6273
      vertex -4 10 37.65
    endloop
  endfacet
  facet normal 0 0.442256 -0.896889
    outer loop
      vertex 20.3 8.675 37.295
      vertex 24 8.98589 37.4483
      vertex 24 8.675 37.295
    endloop
  endfacet
  facet normal 0 0.442256 -0.896889
    outer loop
      vertex 24 8.98589 37.4483
      vertex 20.3 8.675 37.295
      vertex 20.3 8.98589 37.4483
    endloop
  endfacet
  facet normal 0 0.442256 -0.896889
    outer loop
      vertex -4 8.675 37.295
      vertex -0.299999 8.98589 37.4483
      vertex -0.299999 8.675 37.295
    endloop
  endfacet
  facet normal 0 0.442256 -0.896889
    outer loop
      vertex -0.299999 8.98589 37.4483
      vertex -4 8.675 37.295
      vertex -4 8.98589 37.4483
    endloop
  endfacet
  facet normal 0 0.659429 -0.751767
    outer loop
      vertex 20.3 8.12617 36.8738
      vertex 24 8.38678 37.1024
      vertex 24 8.12617 36.8738
    endloop
  endfacet
  facet normal 0 0.659429 -0.751767
    outer loop
      vertex 24 8.38678 37.1024
      vertex 20.3 8.12617 36.8738
      vertex 20.3 8.38678 37.1024
    endloop
  endfacet
  facet normal 0 0.659429 -0.751767
    outer loop
      vertex -4 8.12617 36.8738
      vertex -0.299999 8.38678 37.1024
      vertex -0.299999 8.12617 36.8738
    endloop
  endfacet
  facet normal 0 0.659429 -0.751767
    outer loop
      vertex -0.299999 8.38678 37.1024
      vertex -4 8.12617 36.8738
      vertex -4 8.38678 37.1024
    endloop
  endfacet
  facet normal 0 0.896883 0.442268
    outer loop
      vertex 24 7.70503 33.675
      vertex 20.3 7.55172 33.9859
      vertex 24 7.55172 33.9859
    endloop
  endfacet
  facet normal 0 0.896883 0.442268
    outer loop
      vertex 20.3 7.55172 33.9859
      vertex 24 7.70503 33.675
      vertex 20.3 7.70503 33.675
    endloop
  endfacet
  facet normal 0 0.896883 0.442268
    outer loop
      vertex -0.299999 7.70503 33.675
      vertex -4 7.55172 33.9859
      vertex -0.299999 7.55172 33.9859
    endloop
  endfacet
  facet normal 0 0.896883 0.442268
    outer loop
      vertex -4 7.55172 33.9859
      vertex -0.299999 7.70503 33.675
      vertex -4 7.70503 33.675
    endloop
  endfacet
  facet normal 0 0.94692 0.321468
    outer loop
      vertex 24 7.55172 33.9859
      vertex 20.3 7.4403 34.3141
      vertex 24 7.4403 34.3141
    endloop
  endfacet
  facet normal 0 0.94692 0.321468
    outer loop
      vertex 20.3 7.4403 34.3141
      vertex 24 7.55172 33.9859
      vertex 20.3 7.55172 33.9859
    endloop
  endfacet
  facet normal 0 0.94692 0.321468
    outer loop
      vertex -0.299999 7.55172 33.9859
      vertex -4 7.4403 34.3141
      vertex -0.299999 7.4403 34.3141
    endloop
  endfacet
  facet normal 0 0.94692 0.321468
    outer loop
      vertex -4 7.4403 34.3141
      vertex -0.299999 7.55172 33.9859
      vertex -4 7.55172 33.9859
    endloop
  endfacet
  facet normal 0 0.751811 0.659378
    outer loop
      vertex 24 8.12617 33.1262
      vertex 20.3 7.89761 33.3868
      vertex 24 7.89761 33.3868
    endloop
  endfacet
  facet normal 0 0.751811 0.659378
    outer loop
      vertex 20.3 7.89761 33.3868
      vertex 24 8.12617 33.1262
      vertex 20.3 8.12617 33.1262
    endloop
  endfacet
  facet normal 0 0.751811 0.659378
    outer loop
      vertex -0.299999 8.12617 33.1262
      vertex -4 7.89761 33.3868
      vertex -0.299999 7.89761 33.3868
    endloop
  endfacet
  facet normal 0 0.751811 0.659378
    outer loop
      vertex -4 7.89761 33.3868
      vertex -0.299999 8.12617 33.1262
      vertex -4 8.12617 33.1262
    endloop
  endfacet
  facet normal 0 0.831455 -0.555592
    outer loop
      vertex -0.299999 7.70503 36.325
      vertex -4 7.89761 36.6132
      vertex -0.299999 7.89761 36.6132
    endloop
  endfacet
  facet normal 0 0.831455 -0.555592
    outer loop
      vertex -4 7.89761 36.6132
      vertex -0.299999 7.70503 36.325
      vertex -4 7.70503 36.325
    endloop
  endfacet
  facet normal 0 0.831455 -0.555592
    outer loop
      vertex 24 7.70503 36.325
      vertex 20.3 7.89761 36.6132
      vertex 24 7.89761 36.6132
    endloop
  endfacet
  facet normal 0 0.831455 -0.555592
    outer loop
      vertex 20.3 7.89761 36.6132
      vertex 24 7.70503 36.325
      vertex 20.3 7.70503 36.325
    endloop
  endfacet
  facet normal 0 0.997859 -0.0653989
    outer loop
      vertex -0.299999 7.35 35
      vertex -4 7.37267 35.3459
      vertex -0.299999 7.37267 35.3459
    endloop
  endfacet
  facet normal 0 0.997859 -0.0653989
    outer loop
      vertex -4 7.37267 35.3459
      vertex -0.299999 7.35 35
      vertex -4 7.35 35
    endloop
  endfacet
  facet normal 0 0.997859 -0.0653989
    outer loop
      vertex 24 7.35 35
      vertex 20.3 7.37267 35.3459
      vertex 24 7.37267 35.3459
    endloop
  endfacet
  facet normal 0 0.997859 -0.0653989
    outer loop
      vertex 20.3 7.37267 35.3459
      vertex 24 7.35 35
      vertex 20.3 7.35 35
    endloop
  endfacet
  facet normal 0 0.94692 -0.321468
    outer loop
      vertex -0.299999 7.4403 35.6859
      vertex -4 7.55172 36.0141
      vertex -0.299999 7.55172 36.0141
    endloop
  endfacet
  facet normal 0 0.94692 -0.321468
    outer loop
      vertex -4 7.55172 36.0141
      vertex -0.299999 7.4403 35.6859
      vertex -4 7.4403 35.6859
    endloop
  endfacet
  facet normal 0 0.94692 -0.321468
    outer loop
      vertex 24 7.4403 35.6859
      vertex 20.3 7.55172 36.0141
      vertex 24 7.55172 36.0141
    endloop
  endfacet
  facet normal 0 0.94692 -0.321468
    outer loop
      vertex 20.3 7.55172 36.0141
      vertex 24 7.4403 35.6859
      vertex 20.3 7.4403 35.6859
    endloop
  endfacet
  facet normal 0 0.195018 -0.9808
    outer loop
      vertex -4 9.31413 37.5597
      vertex -0.299999 9.65411 37.6273
      vertex -0.299999 9.31413 37.5597
    endloop
  endfacet
  facet normal 0 0.195018 -0.9808
    outer loop
      vertex -0.299999 9.65411 37.6273
      vertex -4 9.31413 37.5597
      vertex -4 9.65411 37.6273
    endloop
  endfacet
  facet normal 0 0.195018 -0.9808
    outer loop
      vertex 20.3 9.31413 37.5597
      vertex 24 9.65411 37.6273
      vertex 24 9.31413 37.5597
    endloop
  endfacet
  facet normal 0 0.195018 -0.9808
    outer loop
      vertex 24 9.65411 37.6273
      vertex 20.3 9.31413 37.5597
      vertex 20.3 9.65411 37.6273
    endloop
  endfacet
  facet normal 0 0.555605 -0.831446
    outer loop
      vertex 20.3 8.38678 37.1024
      vertex 24 8.675 37.295
      vertex 24 8.38678 37.1024
    endloop
  endfacet
  facet normal 0 0.555605 -0.831446
    outer loop
      vertex 24 8.675 37.295
      vertex 20.3 8.38678 37.1024
      vertex 20.3 8.675 37.295
    endloop
  endfacet
  facet normal 0 0.555605 -0.831446
    outer loop
      vertex -4 8.38678 37.1024
      vertex -0.299999 8.675 37.295
      vertex -0.299999 8.38678 37.1024
    endloop
  endfacet
  facet normal 0 0.555605 -0.831446
    outer loop
      vertex -0.299999 8.675 37.295
      vertex -4 8.38678 37.1024
      vertex -4 8.675 37.295
    endloop
  endfacet
  facet normal -0.997854 0 -0.065485
    outer loop
      vertex 12.65 20.3 35
      vertex 12.6273 24 35.3459
      vertex 12.65 24 35
    endloop
  endfacet
  facet normal -0.997854 -0 -0.065485
    outer loop
      vertex 12.6273 24 35.3459
      vertex 12.65 20.3 35
      vertex 12.6273 20.3 35.3459
    endloop
  endfacet
  facet normal -0.997854 0 -0.065485
    outer loop
      vertex 12.65 -4 35
      vertex 12.6273 -0.299999 35.3459
      vertex 12.65 -0.299999 35
    endloop
  endfacet
  facet normal -0.997854 -0 -0.065485
    outer loop
      vertex 12.6273 -0.299999 35.3459
      vertex 12.65 -4 35
      vertex 12.6273 -4 35.3459
    endloop
  endfacet
  facet normal -0.980802 0 -0.195007
    outer loop
      vertex 12.6273 20.3 35.3459
      vertex 12.5597 24 35.6859
      vertex 12.6273 24 35.3459
    endloop
  endfacet
  facet normal -0.980802 -0 -0.195007
    outer loop
      vertex 12.5597 24 35.6859
      vertex 12.6273 20.3 35.3459
      vertex 12.5597 20.3 35.6859
    endloop
  endfacet
  facet normal -0.980802 0 -0.195007
    outer loop
      vertex 12.6273 -4 35.3459
      vertex 12.5597 -0.299999 35.6859
      vertex 12.6273 -0.299999 35.3459
    endloop
  endfacet
  facet normal -0.980802 -0 -0.195007
    outer loop
      vertex 12.5597 -0.299999 35.6859
      vertex 12.6273 -4 35.3459
      vertex 12.5597 -4 35.6859
    endloop
  endfacet
  facet normal 0.997859 0 -0.0653989
    outer loop
      vertex 7.37267 20.3 35.3459
      vertex 7.35 24 35
      vertex 7.37267 24 35.3459
    endloop
  endfacet
  facet normal 0.997859 0 -0.0653989
    outer loop
      vertex 7.35 24 35
      vertex 7.37267 20.3 35.3459
      vertex 7.35 20.3 35
    endloop
  endfacet
  facet normal 0.997859 0 -0.0653989
    outer loop
      vertex 7.37267 -4 35.3459
      vertex 7.35 -0.299999 35
      vertex 7.37267 -0.299999 35.3459
    endloop
  endfacet
  facet normal 0.997859 0 -0.0653989
    outer loop
      vertex 7.35 -0.299999 35
      vertex 7.37267 -4 35.3459
      vertex 7.35 -4 35
    endloop
  endfacet
  facet normal 0.0654869 0 -0.997853
    outer loop
      vertex 9.65411 -4 37.6273
      vertex 10 -0.299999 37.65
      vertex 10 -4 37.65
    endloop
  endfacet
  facet normal 0.0654869 0 -0.997853
    outer loop
      vertex 10 -0.299999 37.65
      vertex 9.65411 -4 37.6273
      vertex 9.65411 -0.299999 37.6273
    endloop
  endfacet
  facet normal 0.0654869 0 -0.997853
    outer loop
      vertex 9.65411 20.3 37.6273
      vertex 10 24 37.65
      vertex 10 20.3 37.65
    endloop
  endfacet
  facet normal 0.0654869 0 -0.997853
    outer loop
      vertex 10 24 37.65
      vertex 9.65411 20.3 37.6273
      vertex 9.65411 24 37.6273
    endloop
  endfacet
  facet normal -0.659444 0 -0.751754
    outer loop
      vertex 11.6132 20.3 37.1024
      vertex 11.8738 24 36.8738
      vertex 11.8738 20.3 36.8738
    endloop
  endfacet
  facet normal -0.659444 0 -0.751754
    outer loop
      vertex 11.8738 24 36.8738
      vertex 11.6132 20.3 37.1024
      vertex 11.6132 24 37.1024
    endloop
  endfacet
  facet normal -0.659444 0 -0.751754
    outer loop
      vertex 11.6132 -4 37.1024
      vertex 11.8738 -0.299999 36.8738
      vertex 11.8738 -4 36.8738
    endloop
  endfacet
  facet normal -0.659444 0 -0.751754
    outer loop
      vertex 11.8738 -0.299999 36.8738
      vertex 11.6132 -4 37.1024
      vertex 11.6132 -0.299999 37.1024
    endloop
  endfacet
  facet normal 0.659429 0 -0.751767
    outer loop
      vertex 8.12617 20.3 36.8738
      vertex 8.38678 24 37.1024
      vertex 8.38678 20.3 37.1024
    endloop
  endfacet
  facet normal 0.659429 0 -0.751767
    outer loop
      vertex 8.38678 24 37.1024
      vertex 8.12617 20.3 36.8738
      vertex 8.12617 24 36.8738
    endloop
  endfacet
  facet normal 0.659429 0 -0.751767
    outer loop
      vertex 8.12617 -4 36.8738
      vertex 8.38678 -0.299999 37.1024
      vertex 8.38678 -4 37.1024
    endloop
  endfacet
  facet normal 0.659429 0 -0.751767
    outer loop
      vertex 8.38678 -0.299999 37.1024
      vertex 8.12617 -4 36.8738
      vertex 8.12617 -0.299999 36.8738
    endloop
  endfacet
  facet normal 0.321381 0 -0.94695
    outer loop
      vertex 8.98589 20.3 37.4483
      vertex 9.31413 24 37.5597
      vertex 9.31413 20.3 37.5597
    endloop
  endfacet
  facet normal 0.321381 0 -0.94695
    outer loop
      vertex 9.31413 24 37.5597
      vertex 8.98589 20.3 37.4483
      vertex 8.98589 24 37.4483
    endloop
  endfacet
  facet normal 0.321381 0 -0.94695
    outer loop
      vertex 8.98589 -4 37.4483
      vertex 9.31413 -0.299999 37.5597
      vertex 9.31413 -4 37.5597
    endloop
  endfacet
  facet normal 0.321381 0 -0.94695
    outer loop
      vertex 9.31413 -0.299999 37.5597
      vertex 8.98589 -4 37.4483
      vertex 8.98589 -0.299999 37.4483
    endloop
  endfacet
  facet normal -0.831428 0 0.555632
    outer loop
      vertex 12.1024 -4 33.3868
      vertex 12.295 -0.299999 33.675
      vertex 12.1024 -0.299999 33.3868
    endloop
  endfacet
  facet normal -0.831428 0 0.555632
    outer loop
      vertex 12.295 -0.299999 33.675
      vertex 12.1024 -4 33.3868
      vertex 12.295 -4 33.675
    endloop
  endfacet
  facet normal -0.831428 0 0.555632
    outer loop
      vertex 12.1024 20.3 33.3868
      vertex 12.295 24 33.675
      vertex 12.1024 24 33.3868
    endloop
  endfacet
  facet normal -0.831428 0 0.555632
    outer loop
      vertex 12.295 24 33.675
      vertex 12.1024 20.3 33.3868
      vertex 12.295 20.3 33.675
    endloop
  endfacet
  facet normal -0.896894 0 -0.442245
    outer loop
      vertex 12.4483 20.3 36.0141
      vertex 12.295 24 36.325
      vertex 12.4483 24 36.0141
    endloop
  endfacet
  facet normal -0.896894 -0 -0.442245
    outer loop
      vertex 12.295 24 36.325
      vertex 12.4483 20.3 36.0141
      vertex 12.295 20.3 36.325
    endloop
  endfacet
  facet normal -0.896894 0 -0.442245
    outer loop
      vertex 12.4483 -4 36.0141
      vertex 12.295 -0.299999 36.325
      vertex 12.4483 -0.299999 36.0141
    endloop
  endfacet
  facet normal -0.896894 -0 -0.442245
    outer loop
      vertex 12.295 -0.299999 36.325
      vertex 12.4483 -4 36.0141
      vertex 12.295 -4 36.325
    endloop
  endfacet
  facet normal -0.321416 0 -0.946938
    outer loop
      vertex 10.6859 20.3 37.5597
      vertex 11.0141 24 37.4483
      vertex 11.0141 20.3 37.4483
    endloop
  endfacet
  facet normal -0.321416 0 -0.946938
    outer loop
      vertex 11.0141 24 37.4483
      vertex 10.6859 20.3 37.5597
      vertex 10.6859 24 37.5597
    endloop
  endfacet
  facet normal -0.321416 0 -0.946938
    outer loop
      vertex 10.6859 -4 37.5597
      vertex 11.0141 -0.299999 37.4483
      vertex 11.0141 -4 37.4483
    endloop
  endfacet
  facet normal -0.321416 0 -0.946938
    outer loop
      vertex 11.0141 -0.299999 37.4483
      vertex 10.6859 -4 37.5597
      vertex 10.6859 -0.299999 37.5597
    endloop
  endfacet
  facet normal -0.555632 0 -0.831428
    outer loop
      vertex 11.325 20.3 37.295
      vertex 11.6132 24 37.1024
      vertex 11.6132 20.3 37.1024
    endloop
  endfacet
  facet normal -0.555632 0 -0.831428
    outer loop
      vertex 11.6132 24 37.1024
      vertex 11.325 20.3 37.295
      vertex 11.325 24 37.295
    endloop
  endfacet
  facet normal -0.555632 0 -0.831428
    outer loop
      vertex 11.325 -4 37.295
      vertex 11.6132 -0.299999 37.1024
      vertex 11.6132 -4 37.1024
    endloop
  endfacet
  facet normal -0.555632 0 -0.831428
    outer loop
      vertex 11.6132 -0.299999 37.1024
      vertex 11.325 -4 37.295
      vertex 11.325 -0.299999 37.295
    endloop
  endfacet
  facet normal 0.896883 0 -0.442268
    outer loop
      vertex 7.70503 20.3 36.325
      vertex 7.55172 24 36.0141
      vertex 7.70503 24 36.325
    endloop
  endfacet
  facet normal 0.896883 0 -0.442268
    outer loop
      vertex 7.55172 24 36.0141
      vertex 7.70503 20.3 36.325
      vertex 7.55172 20.3 36.0141
    endloop
  endfacet
  facet normal 0.896883 0 -0.442268
    outer loop
      vertex 7.70503 -4 36.325
      vertex 7.55172 -0.299999 36.0141
      vertex 7.70503 -0.299999 36.325
    endloop
  endfacet
  facet normal 0.896883 0 -0.442268
    outer loop
      vertex 7.55172 -0.299999 36.0141
      vertex 7.70503 -4 36.325
      vertex 7.55172 -4 36.0141
    endloop
  endfacet
  facet normal 0.831455 0 -0.555592
    outer loop
      vertex 7.89761 20.3 36.6132
      vertex 7.70503 24 36.325
      vertex 7.89761 24 36.6132
    endloop
  endfacet
  facet normal 0.831455 0 -0.555592
    outer loop
      vertex 7.70503 24 36.325
      vertex 7.89761 20.3 36.6132
      vertex 7.70503 20.3 36.325
    endloop
  endfacet
  facet normal 0.831455 0 -0.555592
    outer loop
      vertex 7.89761 -4 36.6132
      vertex 7.70503 -0.299999 36.325
      vertex 7.89761 -0.299999 36.6132
    endloop
  endfacet
  facet normal 0.831455 0 -0.555592
    outer loop
      vertex 7.70503 -0.299999 36.325
      vertex 7.89761 -4 36.6132
      vertex 7.70503 -4 36.325
    endloop
  endfacet
  facet normal 0.195018 0 -0.9808
    outer loop
      vertex 9.31413 20.3 37.5597
      vertex 9.65411 24 37.6273
      vertex 9.65411 20.3 37.6273
    endloop
  endfacet
  facet normal 0.195018 0 -0.9808
    outer loop
      vertex 9.65411 24 37.6273
      vertex 9.31413 20.3 37.5597
      vertex 9.31413 24 37.5597
    endloop
  endfacet
  facet normal 0.195018 0 -0.9808
    outer loop
      vertex 9.31413 -4 37.5597
      vertex 9.65411 -0.299999 37.6273
      vertex 9.65411 -4 37.6273
    endloop
  endfacet
  facet normal 0.195018 0 -0.9808
    outer loop
      vertex 9.65411 -0.299999 37.6273
      vertex 9.31413 -4 37.5597
      vertex 9.31413 -0.299999 37.5597
    endloop
  endfacet
  facet normal -0.195007 0 0.980802
    outer loop
      vertex 10.3459 24 32.3727
      vertex 10.6859 20.3 32.4403
      vertex 10.6859 24 32.4403
    endloop
  endfacet
  facet normal -0.195007 0 0.980802
    outer loop
      vertex 10.6859 20.3 32.4403
      vertex 10.3459 24 32.3727
      vertex 10.3459 20.3 32.3727
    endloop
  endfacet
  facet normal -0.195007 0 0.980802
    outer loop
      vertex 10.3459 -0.299999 32.3727
      vertex 10.6859 -4 32.4403
      vertex 10.6859 -0.299999 32.4403
    endloop
  endfacet
  facet normal -0.195007 0 0.980802
    outer loop
      vertex 10.6859 -4 32.4403
      vertex 10.3459 -0.299999 32.3727
      vertex 10.3459 -4 32.3727
    endloop
  endfacet
  facet normal -0.946938 0 -0.321416
    outer loop
      vertex 12.5597 20.3 35.6859
      vertex 12.4483 24 36.0141
      vertex 12.5597 24 35.6859
    endloop
  endfacet
  facet normal -0.946938 -0 -0.321416
    outer loop
      vertex 12.4483 24 36.0141
      vertex 12.5597 20.3 35.6859
      vertex 12.4483 20.3 36.0141
    endloop
  endfacet
  facet normal -0.946938 0 -0.321416
    outer loop
      vertex 12.5597 -4 35.6859
      vertex 12.4483 -0.299999 36.0141
      vertex 12.5597 -0.299999 35.6859
    endloop
  endfacet
  facet normal -0.946938 -0 -0.321416
    outer loop
      vertex 12.4483 -0.299999 36.0141
      vertex 12.5597 -4 35.6859
      vertex 12.4483 -4 36.0141
    endloop
  endfacet
  facet normal -0.751754 0 -0.659444
    outer loop
      vertex 12.1024 -4 36.6132
      vertex 11.8738 -0.299999 36.8738
      vertex 12.1024 -0.299999 36.6132
    endloop
  endfacet
  facet normal -0.751754 -0 -0.659444
    outer loop
      vertex 11.8738 -0.299999 36.8738
      vertex 12.1024 -4 36.6132
      vertex 11.8738 -4 36.8738
    endloop
  endfacet
  facet normal -0.751754 0 -0.659444
    outer loop
      vertex 12.1024 20.3 36.6132
      vertex 11.8738 24 36.8738
      vertex 12.1024 24 36.6132
    endloop
  endfacet
  facet normal -0.751754 -0 -0.659444
    outer loop
      vertex 11.8738 24 36.8738
      vertex 12.1024 20.3 36.6132
      vertex 11.8738 20.3 36.8738
    endloop
  endfacet
  facet normal -0.831428 0 -0.555632
    outer loop
      vertex 12.295 20.3 36.325
      vertex 12.1024 24 36.6132
      vertex 12.295 24 36.325
    endloop
  endfacet
  facet normal -0.831428 -0 -0.555632
    outer loop
      vertex 12.1024 24 36.6132
      vertex 12.295 20.3 36.325
      vertex 12.1024 20.3 36.6132
    endloop
  endfacet
  facet normal -0.831428 0 -0.555632
    outer loop
      vertex 12.295 -4 36.325
      vertex 12.1024 -0.299999 36.6132
      vertex 12.295 -0.299999 36.325
    endloop
  endfacet
  facet normal -0.831428 -0 -0.555632
    outer loop
      vertex 12.1024 -0.299999 36.6132
      vertex 12.295 -4 36.325
      vertex 12.1024 -4 36.6132
    endloop
  endfacet
  facet normal -0.195007 0 -0.980802
    outer loop
      vertex 10.3459 20.3 37.6273
      vertex 10.6859 24 37.5597
      vertex 10.6859 20.3 37.5597
    endloop
  endfacet
  facet normal -0.195007 0 -0.980802
    outer loop
      vertex 10.6859 24 37.5597
      vertex 10.3459 20.3 37.6273
      vertex 10.3459 24 37.6273
    endloop
  endfacet
  facet normal -0.195007 0 -0.980802
    outer loop
      vertex 10.3459 -4 37.6273
      vertex 10.6859 -0.299999 37.5597
      vertex 10.6859 -4 37.5597
    endloop
  endfacet
  facet normal -0.195007 0 -0.980802
    outer loop
      vertex 10.6859 -0.299999 37.5597
      vertex 10.3459 -4 37.6273
      vertex 10.3459 -0.299999 37.6273
    endloop
  endfacet
  facet normal 0.980785 0 -0.19509
    outer loop
      vertex 7.4403 -4 35.6859
      vertex 7.37267 -0.299999 35.3459
      vertex 7.4403 -0.299999 35.6859
    endloop
  endfacet
  facet normal 0.980785 0 -0.19509
    outer loop
      vertex 7.37267 -0.299999 35.3459
      vertex 7.4403 -4 35.6859
      vertex 7.37267 -4 35.3459
    endloop
  endfacet
  facet normal 0.980785 0 -0.19509
    outer loop
      vertex 7.4403 20.3 35.6859
      vertex 7.37267 24 35.3459
      vertex 7.4403 24 35.6859
    endloop
  endfacet
  facet normal 0.980785 0 -0.19509
    outer loop
      vertex 7.37267 24 35.3459
      vertex 7.4403 20.3 35.6859
      vertex 7.37267 20.3 35.3459
    endloop
  endfacet
  facet normal 0.442256 0 -0.896889
    outer loop
      vertex 8.675 20.3 37.295
      vertex 8.98589 24 37.4483
      vertex 8.98589 20.3 37.4483
    endloop
  endfacet
  facet normal 0.442256 0 -0.896889
    outer loop
      vertex 8.98589 24 37.4483
      vertex 8.675 20.3 37.295
      vertex 8.675 24 37.295
    endloop
  endfacet
  facet normal 0.442256 0 -0.896889
    outer loop
      vertex 8.675 -4 37.295
      vertex 8.98589 -0.299999 37.4483
      vertex 8.98589 -4 37.4483
    endloop
  endfacet
  facet normal 0.442256 0 -0.896889
    outer loop
      vertex 8.98589 -0.299999 37.4483
      vertex 8.675 -4 37.295
      vertex 8.675 -0.299999 37.295
    endloop
  endfacet
  facet normal -0.997854 0 0.065485
    outer loop
      vertex 12.6273 -4 34.6541
      vertex 12.65 -0.299999 35
      vertex 12.6273 -0.299999 34.6541
    endloop
  endfacet
  facet normal -0.997854 0 0.065485
    outer loop
      vertex 12.65 -0.299999 35
      vertex 12.6273 -4 34.6541
      vertex 12.65 -4 35
    endloop
  endfacet
  facet normal -0.997854 0 0.065485
    outer loop
      vertex 12.6273 20.3 34.6541
      vertex 12.65 24 35
      vertex 12.6273 24 34.6541
    endloop
  endfacet
  facet normal -0.997854 0 0.065485
    outer loop
      vertex 12.65 24 35
      vertex 12.6273 20.3 34.6541
      vertex 12.65 20.3 35
    endloop
  endfacet
  facet normal -0.896894 0 0.442245
    outer loop
      vertex 12.295 -4 33.675
      vertex 12.4483 -0.299999 33.9859
      vertex 12.295 -0.299999 33.675
    endloop
  endfacet
  facet normal -0.896894 0 0.442245
    outer loop
      vertex 12.4483 -0.299999 33.9859
      vertex 12.295 -4 33.675
      vertex 12.4483 -4 33.9859
    endloop
  endfacet
  facet normal -0.896894 0 0.442245
    outer loop
      vertex 12.295 20.3 33.675
      vertex 12.4483 24 33.9859
      vertex 12.295 24 33.675
    endloop
  endfacet
  facet normal -0.896894 0 0.442245
    outer loop
      vertex 12.4483 24 33.9859
      vertex 12.295 20.3 33.675
      vertex 12.4483 20.3 33.9859
    endloop
  endfacet
  facet normal 0.831455 -0 0.555592
    outer loop
      vertex 7.70503 20.3 33.675
      vertex 7.89761 24 33.3868
      vertex 7.70503 24 33.675
    endloop
  endfacet
  facet normal 0.831455 0 0.555592
    outer loop
      vertex 7.89761 24 33.3868
      vertex 7.70503 20.3 33.675
      vertex 7.89761 20.3 33.3868
    endloop
  endfacet
  facet normal 0.831455 -0 0.555592
    outer loop
      vertex 7.70503 -4 33.675
      vertex 7.89761 -0.299999 33.3868
      vertex 7.70503 -0.299999 33.675
    endloop
  endfacet
  facet normal 0.831455 0 0.555592
    outer loop
      vertex 7.89761 -0.299999 33.3868
      vertex 7.70503 -4 33.675
      vertex 7.89761 -4 33.3868
    endloop
  endfacet
  facet normal 0.94692 -0 0.321468
    outer loop
      vertex 7.4403 -4 34.3141
      vertex 7.55172 -0.299999 33.9859
      vertex 7.4403 -0.299999 34.3141
    endloop
  endfacet
  facet normal 0.94692 0 0.321468
    outer loop
      vertex 7.55172 -0.299999 33.9859
      vertex 7.4403 -4 34.3141
      vertex 7.55172 -4 33.9859
    endloop
  endfacet
  facet normal 0.94692 -0 0.321468
    outer loop
      vertex 7.4403 20.3 34.3141
      vertex 7.55172 24 33.9859
      vertex 7.4403 24 34.3141
    endloop
  endfacet
  facet normal 0.94692 0 0.321468
    outer loop
      vertex 7.55172 24 33.9859
      vertex 7.4403 20.3 34.3141
      vertex 7.55172 20.3 33.9859
    endloop
  endfacet
  facet normal 0.896883 -0 0.442268
    outer loop
      vertex 7.55172 20.3 33.9859
      vertex 7.70503 24 33.675
      vertex 7.55172 24 33.9859
    endloop
  endfacet
  facet normal 0.896883 0 0.442268
    outer loop
      vertex 7.70503 24 33.675
      vertex 7.55172 20.3 33.9859
      vertex 7.70503 20.3 33.675
    endloop
  endfacet
  facet normal 0.896883 -0 0.442268
    outer loop
      vertex 7.55172 -4 33.9859
      vertex 7.70503 -0.299999 33.675
      vertex 7.55172 -0.299999 33.9859
    endloop
  endfacet
  facet normal 0.896883 0 0.442268
    outer loop
      vertex 7.70503 -0.299999 33.675
      vertex 7.55172 -4 33.9859
      vertex 7.70503 -4 33.675
    endloop
  endfacet
  facet normal 0.997859 -0 0.0653989
    outer loop
      vertex 7.35 20.3 35
      vertex 7.37267 24 34.6541
      vertex 7.35 24 35
    endloop
  endfacet
  facet normal 0.997859 0 0.0653989
    outer loop
      vertex 7.37267 24 34.6541
      vertex 7.35 20.3 35
      vertex 7.37267 20.3 34.6541
    endloop
  endfacet
  facet normal 0.997859 -0 0.0653989
    outer loop
      vertex 7.35 -4 35
      vertex 7.37267 -0.299999 34.6541
      vertex 7.35 -0.299999 35
    endloop
  endfacet
  facet normal 0.997859 0 0.0653989
    outer loop
      vertex 7.37267 -0.299999 34.6541
      vertex 7.35 -4 35
      vertex 7.37267 -4 34.6541
    endloop
  endfacet
  facet normal -0.065485 0 0.997854
    outer loop
      vertex 10 24 32.35
      vertex 10.3459 20.3 32.3727
      vertex 10.3459 24 32.3727
    endloop
  endfacet
  facet normal -0.065485 0 0.997854
    outer loop
      vertex 10.3459 20.3 32.3727
      vertex 10 24 32.35
      vertex 10 20.3 32.35
    endloop
  endfacet
  facet normal -0.065485 0 0.997854
    outer loop
      vertex 10 -0.299999 32.35
      vertex 10.3459 -4 32.3727
      vertex 10.3459 -0.299999 32.3727
    endloop
  endfacet
  facet normal -0.065485 0 0.997854
    outer loop
      vertex 10.3459 -4 32.3727
      vertex 10 -0.299999 32.35
      vertex 10 -4 32.35
    endloop
  endfacet
  facet normal -0.442245 0 0.896894
    outer loop
      vertex 11.0141 -0.299999 32.5517
      vertex 11.325 -4 32.705
      vertex 11.325 -0.299999 32.705
    endloop
  endfacet
  facet normal -0.442245 0 0.896894
    outer loop
      vertex 11.325 -4 32.705
      vertex 11.0141 -0.299999 32.5517
      vertex 11.0141 -4 32.5517
    endloop
  endfacet
  facet normal -0.442245 0 0.896894
    outer loop
      vertex 11.0141 24 32.5517
      vertex 11.325 20.3 32.705
      vertex 11.325 24 32.705
    endloop
  endfacet
  facet normal -0.442245 0 0.896894
    outer loop
      vertex 11.325 20.3 32.705
      vertex 11.0141 24 32.5517
      vertex 11.0141 20.3 32.5517
    endloop
  endfacet
  facet normal -0.065485 0 -0.997854
    outer loop
      vertex 10 20.3 37.65
      vertex 10.3459 24 37.6273
      vertex 10.3459 20.3 37.6273
    endloop
  endfacet
  facet normal -0.065485 0 -0.997854
    outer loop
      vertex 10.3459 24 37.6273
      vertex 10 20.3 37.65
      vertex 10 24 37.65
    endloop
  endfacet
  facet normal -0.065485 0 -0.997854
    outer loop
      vertex 10 -4 37.65
      vertex 10.3459 -0.299999 37.6273
      vertex 10.3459 -4 37.6273
    endloop
  endfacet
  facet normal -0.065485 0 -0.997854
    outer loop
      vertex 10.3459 -0.299999 37.6273
      vertex 10 -4 37.65
      vertex 10 -0.299999 37.65
    endloop
  endfacet
  facet normal -0.442245 0 -0.896894
    outer loop
      vertex 11.0141 20.3 37.4483
      vertex 11.325 24 37.295
      vertex 11.325 20.3 37.295
    endloop
  endfacet
  facet normal -0.442245 0 -0.896894
    outer loop
      vertex 11.325 24 37.295
      vertex 11.0141 20.3 37.4483
      vertex 11.0141 24 37.4483
    endloop
  endfacet
  facet normal -0.442245 0 -0.896894
    outer loop
      vertex 11.0141 -4 37.4483
      vertex 11.325 -0.299999 37.295
      vertex 11.325 -4 37.295
    endloop
  endfacet
  facet normal -0.442245 0 -0.896894
    outer loop
      vertex 11.325 -0.299999 37.295
      vertex 11.0141 -4 37.4483
      vertex 11.0141 -0.299999 37.4483
    endloop
  endfacet
  facet normal 0.751811 0 -0.659378
    outer loop
      vertex 8.12617 20.3 36.8738
      vertex 7.89761 24 36.6132
      vertex 8.12617 24 36.8738
    endloop
  endfacet
  facet normal 0.751811 0 -0.659378
    outer loop
      vertex 7.89761 24 36.6132
      vertex 8.12617 20.3 36.8738
      vertex 7.89761 20.3 36.6132
    endloop
  endfacet
  facet normal 0.751811 0 -0.659378
    outer loop
      vertex 8.12617 -4 36.8738
      vertex 7.89761 -0.299999 36.6132
      vertex 8.12617 -0.299999 36.8738
    endloop
  endfacet
  facet normal 0.751811 0 -0.659378
    outer loop
      vertex 7.89761 -0.299999 36.6132
      vertex 8.12617 -4 36.8738
      vertex 7.89761 -4 36.6132
    endloop
  endfacet
  facet normal 0.94692 0 -0.321468
    outer loop
      vertex 7.55172 20.3 36.0141
      vertex 7.4403 24 35.6859
      vertex 7.55172 24 36.0141
    endloop
  endfacet
  facet normal 0.94692 0 -0.321468
    outer loop
      vertex 7.4403 24 35.6859
      vertex 7.55172 20.3 36.0141
      vertex 7.4403 20.3 35.6859
    endloop
  endfacet
  facet normal 0.94692 0 -0.321468
    outer loop
      vertex 7.55172 -4 36.0141
      vertex 7.4403 -0.299999 35.6859
      vertex 7.55172 -0.299999 36.0141
    endloop
  endfacet
  facet normal 0.94692 0 -0.321468
    outer loop
      vertex 7.4403 -0.299999 35.6859
      vertex 7.55172 -4 36.0141
      vertex 7.4403 -4 35.6859
    endloop
  endfacet
  facet normal 0.555605 0 -0.831446
    outer loop
      vertex 8.38678 20.3 37.1024
      vertex 8.675 24 37.295
      vertex 8.675 20.3 37.295
    endloop
  endfacet
  facet normal 0.555605 0 -0.831446
    outer loop
      vertex 8.675 24 37.295
      vertex 8.38678 20.3 37.1024
      vertex 8.38678 24 37.1024
    endloop
  endfacet
  facet normal 0.555605 0 -0.831446
    outer loop
      vertex 8.38678 -4 37.1024
      vertex 8.675 -0.299999 37.295
      vertex 8.675 -4 37.295
    endloop
  endfacet
  facet normal 0.555605 0 -0.831446
    outer loop
      vertex 8.675 -0.299999 37.295
      vertex 8.38678 -4 37.1024
      vertex 8.38678 -0.299999 37.1024
    endloop
  endfacet
  facet normal -0.751754 0 0.659444
    outer loop
      vertex 11.8738 -4 33.1262
      vertex 12.1024 -0.299999 33.3868
      vertex 11.8738 -0.299999 33.1262
    endloop
  endfacet
  facet normal -0.751754 0 0.659444
    outer loop
      vertex 12.1024 -0.299999 33.3868
      vertex 11.8738 -4 33.1262
      vertex 12.1024 -4 33.3868
    endloop
  endfacet
  facet normal -0.751754 0 0.659444
    outer loop
      vertex 11.8738 20.3 33.1262
      vertex 12.1024 24 33.3868
      vertex 11.8738 24 33.1262
    endloop
  endfacet
  facet normal -0.751754 0 0.659444
    outer loop
      vertex 12.1024 24 33.3868
      vertex 11.8738 20.3 33.1262
      vertex 12.1024 20.3 33.3868
    endloop
  endfacet
  facet normal -0.555632 0 0.831428
    outer loop
      vertex 11.325 -0.299999 32.705
      vertex 11.6132 -4 32.8976
      vertex 11.6132 -0.299999 32.8976
    endloop
  endfacet
  facet normal -0.555632 0 0.831428
    outer loop
      vertex 11.6132 -4 32.8976
      vertex 11.325 -0.299999 32.705
      vertex 11.325 -4 32.705
    endloop
  endfacet
  facet normal -0.555632 0 0.831428
    outer loop
      vertex 11.325 24 32.705
      vertex 11.6132 20.3 32.8976
      vertex 11.6132 24 32.8976
    endloop
  endfacet
  facet normal -0.555632 0 0.831428
    outer loop
      vertex 11.6132 20.3 32.8976
      vertex 11.325 24 32.705
      vertex 11.325 20.3 32.705
    endloop
  endfacet
  facet normal -0.659444 0 0.751754
    outer loop
      vertex 11.6132 -0.299999 32.8976
      vertex 11.8738 -4 33.1262
      vertex 11.8738 -0.299999 33.1262
    endloop
  endfacet
  facet normal -0.659444 0 0.751754
    outer loop
      vertex 11.8738 -4 33.1262
      vertex 11.6132 -0.299999 32.8976
      vertex 11.6132 -4 32.8976
    endloop
  endfacet
  facet normal -0.659444 0 0.751754
    outer loop
      vertex 11.6132 24 32.8976
      vertex 11.8738 20.3 33.1262
      vertex 11.8738 24 33.1262
    endloop
  endfacet
  facet normal -0.659444 0 0.751754
    outer loop
      vertex 11.8738 20.3 33.1262
      vertex 11.6132 24 32.8976
      vertex 11.6132 20.3 32.8976
    endloop
  endfacet
  facet normal 0.751811 -0 0.659378
    outer loop
      vertex 7.89761 20.3 33.3868
      vertex 8.12617 24 33.1262
      vertex 7.89761 24 33.3868
    endloop
  endfacet
  facet normal 0.751811 0 0.659378
    outer loop
      vertex 8.12617 24 33.1262
      vertex 7.89761 20.3 33.3868
      vertex 8.12617 20.3 33.1262
    endloop
  endfacet
  facet normal 0.751811 -0 0.659378
    outer loop
      vertex 7.89761 -4 33.3868
      vertex 8.12617 -0.299999 33.1262
      vertex 7.89761 -0.299999 33.3868
    endloop
  endfacet
  facet normal 0.751811 0 0.659378
    outer loop
      vertex 8.12617 -0.299999 33.1262
      vertex 7.89761 -4 33.3868
      vertex 8.12617 -4 33.1262
    endloop
  endfacet
  facet normal 0.980785 -0 0.19509
    outer loop
      vertex 7.37267 -4 34.6541
      vertex 7.4403 -0.299999 34.3141
      vertex 7.37267 -0.299999 34.6541
    endloop
  endfacet
  facet normal 0.980785 0 0.19509
    outer loop
      vertex 7.4403 -0.299999 34.3141
      vertex 7.37267 -4 34.6541
      vertex 7.4403 -4 34.3141
    endloop
  endfacet
  facet normal 0.980785 -0 0.19509
    outer loop
      vertex 7.37267 20.3 34.6541
      vertex 7.4403 24 34.3141
      vertex 7.37267 24 34.6541
    endloop
  endfacet
  facet normal 0.980785 0 0.19509
    outer loop
      vertex 7.4403 24 34.3141
      vertex 7.37267 20.3 34.6541
      vertex 7.4403 20.3 34.3141
    endloop
  endfacet
  facet normal -0.321416 0 0.946938
    outer loop
      vertex 10.6859 -0.299999 32.4403
      vertex 11.0141 -4 32.5517
      vertex 11.0141 -0.299999 32.5517
    endloop
  endfacet
  facet normal -0.321416 0 0.946938
    outer loop
      vertex 11.0141 -4 32.5517
      vertex 10.6859 -0.299999 32.4403
      vertex 10.6859 -4 32.4403
    endloop
  endfacet
  facet normal -0.321416 0 0.946938
    outer loop
      vertex 10.6859 24 32.4403
      vertex 11.0141 20.3 32.5517
      vertex 11.0141 24 32.5517
    endloop
  endfacet
  facet normal -0.321416 0 0.946938
    outer loop
      vertex 11.0141 20.3 32.5517
      vertex 10.6859 24 32.4403
      vertex 10.6859 20.3 32.4403
    endloop
  endfacet
  facet normal -0.946938 0 0.321416
    outer loop
      vertex 12.4483 20.3 33.9859
      vertex 12.5597 24 34.3141
      vertex 12.4483 24 33.9859
    endloop
  endfacet
  facet normal -0.946938 0 0.321416
    outer loop
      vertex 12.5597 24 34.3141
      vertex 12.4483 20.3 33.9859
      vertex 12.5597 20.3 34.3141
    endloop
  endfacet
  facet normal -0.946938 0 0.321416
    outer loop
      vertex 12.4483 -4 33.9859
      vertex 12.5597 -0.299999 34.3141
      vertex 12.4483 -0.299999 33.9859
    endloop
  endfacet
  facet normal -0.946938 0 0.321416
    outer loop
      vertex 12.5597 -0.299999 34.3141
      vertex 12.4483 -4 33.9859
      vertex 12.5597 -4 34.3141
    endloop
  endfacet
  facet normal -0.980802 0 0.195007
    outer loop
      vertex 12.5597 20.3 34.3141
      vertex 12.6273 24 34.6541
      vertex 12.5597 24 34.3141
    endloop
  endfacet
  facet normal -0.980802 0 0.195007
    outer loop
      vertex 12.6273 24 34.6541
      vertex 12.5597 20.3 34.3141
      vertex 12.6273 20.3 34.6541
    endloop
  endfacet
  facet normal -0.980802 0 0.195007
    outer loop
      vertex 12.5597 -4 34.3141
      vertex 12.6273 -0.299999 34.6541
      vertex 12.5597 -0.299999 34.3141
    endloop
  endfacet
  facet normal -0.980802 0 0.195007
    outer loop
      vertex 12.6273 -0.299999 34.6541
      vertex 12.5597 -4 34.3141
      vertex 12.6273 -4 34.6541
    endloop
  endfacet
  facet normal 0.321381 0 0.94695
    outer loop
      vertex 8.98589 24 32.5517
      vertex 9.31413 20.3 32.4403
      vertex 9.31413 24 32.4403
    endloop
  endfacet
  facet normal 0.321381 0 0.94695
    outer loop
      vertex 9.31413 20.3 32.4403
      vertex 8.98589 24 32.5517
      vertex 8.98589 20.3 32.5517
    endloop
  endfacet
  facet normal 0.321381 0 0.94695
    outer loop
      vertex 8.98589 -0.299999 32.5517
      vertex 9.31413 -4 32.4403
      vertex 9.31413 -0.299999 32.4403
    endloop
  endfacet
  facet normal 0.321381 0 0.94695
    outer loop
      vertex 9.31413 -4 32.4403
      vertex 8.98589 -0.299999 32.5517
      vertex 8.98589 -4 32.5517
    endloop
  endfacet
  facet normal 0.0654869 0 0.997853
    outer loop
      vertex 9.65411 24 32.3727
      vertex 10 20.3 32.35
      vertex 10 24 32.35
    endloop
  endfacet
  facet normal 0.0654869 0 0.997853
    outer loop
      vertex 10 20.3 32.35
      vertex 9.65411 24 32.3727
      vertex 9.65411 20.3 32.3727
    endloop
  endfacet
  facet normal 0.0654869 0 0.997853
    outer loop
      vertex 9.65411 -0.299999 32.3727
      vertex 10 -4 32.35
      vertex 10 -0.299999 32.35
    endloop
  endfacet
  facet normal 0.0654869 0 0.997853
    outer loop
      vertex 10 -4 32.35
      vertex 9.65411 -0.299999 32.3727
      vertex 9.65411 -4 32.3727
    endloop
  endfacet
  facet normal 0.442256 0 0.896889
    outer loop
      vertex 8.675 -0.299999 32.705
      vertex 8.98589 -4 32.5517
      vertex 8.98589 -0.299999 32.5517
    endloop
  endfacet
  facet normal 0.442256 0 0.896889
    outer loop
      vertex 8.98589 -4 32.5517
      vertex 8.675 -0.299999 32.705
      vertex 8.675 -4 32.705
    endloop
  endfacet
  facet normal 0.442256 0 0.896889
    outer loop
      vertex 8.675 24 32.705
      vertex 8.98589 20.3 32.5517
      vertex 8.98589 24 32.5517
    endloop
  endfacet
  facet normal 0.442256 0 0.896889
    outer loop
      vertex 8.98589 20.3 32.5517
      vertex 8.675 24 32.705
      vertex 8.675 20.3 32.705
    endloop
  endfacet
  facet normal 0.195018 0 0.9808
    outer loop
      vertex 9.31413 24 32.4403
      vertex 9.65411 20.3 32.3727
      vertex 9.65411 24 32.3727
    endloop
  endfacet
  facet normal 0.195018 0 0.9808
    outer loop
      vertex 9.65411 20.3 32.3727
      vertex 9.31413 24 32.4403
      vertex 9.31413 20.3 32.4403
    endloop
  endfacet
  facet normal 0.195018 0 0.9808
    outer loop
      vertex 9.31413 -0.299999 32.4403
      vertex 9.65411 -4 32.3727
      vertex 9.65411 -0.299999 32.3727
    endloop
  endfacet
  facet normal 0.195018 0 0.9808
    outer loop
      vertex 9.65411 -4 32.3727
      vertex 9.31413 -0.299999 32.4403
      vertex 9.31413 -4 32.4403
    endloop
  endfacet
  facet normal 0.659429 0 0.751767
    outer loop
      vertex 8.12617 24 33.1262
      vertex 8.38678 20.3 32.8976
      vertex 8.38678 24 32.8976
    endloop
  endfacet
  facet normal 0.659429 0 0.751767
    outer loop
      vertex 8.38678 20.3 32.8976
      vertex 8.12617 24 33.1262
      vertex 8.12617 20.3 33.1262
    endloop
  endfacet
  facet normal 0.659429 0 0.751767
    outer loop
      vertex 8.12617 -0.299999 33.1262
      vertex 8.38678 -4 32.8976
      vertex 8.38678 -0.299999 32.8976
    endloop
  endfacet
  facet normal 0.659429 0 0.751767
    outer loop
      vertex 8.38678 -4 32.8976
      vertex 8.12617 -0.299999 33.1262
      vertex 8.12617 -4 33.1262
    endloop
  endfacet
  facet normal 0.555605 0 0.831446
    outer loop
      vertex 8.38678 -0.299999 32.8976
      vertex 8.675 -4 32.705
      vertex 8.675 -0.299999 32.705
    endloop
  endfacet
  facet normal 0.555605 0 0.831446
    outer loop
      vertex 8.675 -4 32.705
      vertex 8.38678 -0.299999 32.8976
      vertex 8.38678 -4 32.8976
    endloop
  endfacet
  facet normal 0.555605 0 0.831446
    outer loop
      vertex 8.38678 24 32.8976
      vertex 8.675 20.3 32.705
      vertex 8.675 24 32.705
    endloop
  endfacet
  facet normal 0.555605 0 0.831446
    outer loop
      vertex 8.675 20.3 32.705
      vertex 8.38678 24 32.8976
      vertex 8.38678 20.3 32.8976
    endloop
  endfacet
  facet normal 1 0 0
    outer loop
      vertex -0.299999 20.3 45
      vertex -0.299999 12.65 35
      vertex -0.299999 20.3 25
    endloop
  endfacet
  facet normal 1 0 0
    outer loop
      vertex -0.299999 20.3 45
      vertex -0.299999 12.6273 35.3459
      vertex -0.299999 12.65 35
    endloop
  endfacet
  facet normal 1 0 0
    outer loop
      vertex -0.299999 20.3 45
      vertex -0.299999 12.5597 35.6859
      vertex -0.299999 12.6273 35.3459
    endloop
  endfacet
  facet normal 1 0 0
    outer loop
      vertex -0.299999 20.3 45
      vertex -0.299999 12.4483 36.0141
      vertex -0.299999 12.5597 35.6859
    endloop
  endfacet
  facet normal 1 0 0
    outer loop
      vertex -0.299999 20.3 45
      vertex -0.299999 12.295 36.325
      vertex -0.299999 12.4483 36.0141
    endloop
  endfacet
  facet normal 1 0 0
    outer loop
      vertex -0.299999 20.3 45
      vertex -0.299999 12.1024 36.6132
      vertex -0.299999 12.295 36.325
    endloop
  endfacet
  facet normal 1 0 0
    outer loop
      vertex -0.299999 20.3 45
      vertex -0.299999 11.8738 36.8738
      vertex -0.299999 12.1024 36.6132
    endloop
  endfacet
  facet normal 1 0 0
    outer loop
      vertex -0.299999 20.3 45
      vertex -0.299999 11.6132 37.1024
      vertex -0.299999 11.8738 36.8738
    endloop
  endfacet
  facet normal 1 0 0
    outer loop
      vertex -0.299999 20.3 45
      vertex -0.299999 11.325 37.295
      vertex -0.299999 11.6132 37.1024
    endloop
  endfacet
  facet normal 1 0 0
    outer loop
      vertex -0.299999 20.3 45
      vertex -0.299999 11.0141 37.4483
      vertex -0.299999 11.325 37.295
    endloop
  endfacet
  facet normal 1 0 0
    outer loop
      vertex -0.299999 20.3 45
      vertex -0.299999 10.6859 37.5597
      vertex -0.299999 11.0141 37.4483
    endloop
  endfacet
  facet normal 1 0 0
    outer loop
      vertex -0.299999 20.3 45
      vertex -0.299999 10.3459 37.6273
      vertex -0.299999 10.6859 37.5597
    endloop
  endfacet
  facet normal 1 0 0
    outer loop
      vertex -0.299999 20.3 45
      vertex -0.299999 10 37.65
      vertex -0.299999 10.3459 37.6273
    endloop
  endfacet
  facet normal 1 -0 0
    outer loop
      vertex -0.299999 -0.299999 45
      vertex -0.299999 10 37.65
      vertex -0.299999 20.3 45
    endloop
  endfacet
  facet normal 1 0 0
    outer loop
      vertex -0.299999 10 37.65
      vertex -0.299999 -0.299999 45
      vertex -0.299999 9.65411 37.6273
    endloop
  endfacet
  facet normal 1 0 0
    outer loop
      vertex -0.299999 9.65411 37.6273
      vertex -0.299999 -0.299999 45
      vertex -0.299999 9.31413 37.5597
    endloop
  endfacet
  facet normal 1 0 0
    outer loop
      vertex -0.299999 9.31413 37.5597
      vertex -0.299999 -0.299999 45
      vertex -0.299999 8.98589 37.4483
    endloop
  endfacet
  facet normal 1 0 0
    outer loop
      vertex -0.299999 7.37267 35.3459
      vertex -0.299999 -0.299999 45
      vertex -0.299999 7.35 35
    endloop
  endfacet
  facet normal 1 0 0
    outer loop
      vertex -0.299999 7.4403 35.6859
      vertex -0.299999 -0.299999 45
      vertex -0.299999 7.37267 35.3459
    endloop
  endfacet
  facet normal 1 0 0
    outer loop
      vertex -0.299999 7.55172 36.0141
      vertex -0.299999 -0.299999 45
      vertex -0.299999 7.4403 35.6859
    endloop
  endfacet
  facet normal 1 0 0
    outer loop
      vertex -0.299999 7.70503 36.325
      vertex -0.299999 -0.299999 45
      vertex -0.299999 7.55172 36.0141
    endloop
  endfacet
  facet normal 1 0 0
    outer loop
      vertex -0.299999 7.89761 36.6132
      vertex -0.299999 -0.299999 45
      vertex -0.299999 7.70503 36.325
    endloop
  endfacet
  facet normal 1 0 0
    outer loop
      vertex -0.299999 8.12617 36.8738
      vertex -0.299999 -0.299999 45
      vertex -0.299999 7.89761 36.6132
    endloop
  endfacet
  facet normal 1 0 0
    outer loop
      vertex -0.299999 8.38678 37.1024
      vertex -0.299999 -0.299999 45
      vertex -0.299999 8.12617 36.8738
    endloop
  endfacet
  facet normal 1 0 0
    outer loop
      vertex -0.299999 8.675 37.295
      vertex -0.299999 -0.299999 45
      vertex -0.299999 8.38678 37.1024
    endloop
  endfacet
  facet normal 1 0 0
    outer loop
      vertex -0.299999 8.98589 37.4483
      vertex -0.299999 -0.299999 45
      vertex -0.299999 8.675 37.295
    endloop
  endfacet
  facet normal 1 -0 0
    outer loop
      vertex -0.299999 12.6273 34.6541
      vertex -0.299999 20.3 25
      vertex -0.299999 12.65 35
    endloop
  endfacet
  facet normal 1 -0 0
    outer loop
      vertex -0.299999 12.5597 34.3141
      vertex -0.299999 20.3 25
      vertex -0.299999 12.6273 34.6541
    endloop
  endfacet
  facet normal 1 -0 0
    outer loop
      vertex -0.299999 12.4483 33.9859
      vertex -0.299999 20.3 25
      vertex -0.299999 12.5597 34.3141
    endloop
  endfacet
  facet normal 1 -0 0
    outer loop
      vertex -0.299999 12.295 33.675
      vertex -0.299999 20.3 25
      vertex -0.299999 12.4483 33.9859
    endloop
  endfacet
  facet normal 1 -0 0
    outer loop
      vertex -0.299999 12.1024 33.3868
      vertex -0.299999 20.3 25
      vertex -0.299999 12.295 33.675
    endloop
  endfacet
  facet normal 1 -0 0
    outer loop
      vertex -0.299999 11.8738 33.1262
      vertex -0.299999 20.3 25
      vertex -0.299999 12.1024 33.3868
    endloop
  endfacet
  facet normal 1 -0 0
    outer loop
      vertex -0.299999 11.6132 32.8976
      vertex -0.299999 20.3 25
      vertex -0.299999 11.8738 33.1262
    endloop
  endfacet
  facet normal 1 -0 0
    outer loop
      vertex -0.299999 11.325 32.705
      vertex -0.299999 20.3 25
      vertex -0.299999 11.6132 32.8976
    endloop
  endfacet
  facet normal 1 -0 0
    outer loop
      vertex -0.299999 11.0141 32.5517
      vertex -0.299999 20.3 25
      vertex -0.299999 11.325 32.705
    endloop
  endfacet
  facet normal 1 -0 0
    outer loop
      vertex -0.299999 10.6859 32.4403
      vertex -0.299999 20.3 25
      vertex -0.299999 11.0141 32.5517
    endloop
  endfacet
  facet normal 1 -0 0
    outer loop
      vertex -0.299999 10.3459 32.3727
      vertex -0.299999 20.3 25
      vertex -0.299999 10.6859 32.4403
    endloop
  endfacet
  facet normal 1 -0 0
    outer loop
      vertex -0.299999 10 32.35
      vertex -0.299999 20.3 25
      vertex -0.299999 10.3459 32.3727
    endloop
  endfacet
  facet normal 1 0 0
    outer loop
      vertex -0.299999 -0.299999 25
      vertex -0.299999 10 32.35
      vertex -0.299999 9.65411 32.3727
    endloop
  endfacet
  facet normal 1 0 0
    outer loop
      vertex -0.299999 -0.299999 25
      vertex -0.299999 9.65411 32.3727
      vertex -0.299999 9.31413 32.4403
    endloop
  endfacet
  facet normal 1 0 0
    outer loop
      vertex -0.299999 -0.299999 25
      vertex -0.299999 9.31413 32.4403
      vertex -0.299999 8.98589 32.5517
    endloop
  endfacet
  facet normal 1 0 0
    outer loop
      vertex -0.299999 -0.299999 25
      vertex -0.299999 8.98589 32.5517
      vertex -0.299999 8.675 32.705
    endloop
  endfacet
  facet normal 1 0 0
    outer loop
      vertex -0.299999 -0.299999 25
      vertex -0.299999 7.35 35
      vertex -0.299999 -0.299999 45
    endloop
  endfacet
  facet normal 1 0 0
    outer loop
      vertex -0.299999 7.35 35
      vertex -0.299999 -0.299999 25
      vertex -0.299999 7.37267 34.6541
    endloop
  endfacet
  facet normal 1 0 0
    outer loop
      vertex -0.299999 7.37267 34.6541
      vertex -0.299999 -0.299999 25
      vertex -0.299999 7.4403 34.3141
    endloop
  endfacet
  facet normal 1 0 0
    outer loop
      vertex -0.299999 7.4403 34.3141
      vertex -0.299999 -0.299999 25
      vertex -0.299999 7.55172 33.9859
    endloop
  endfacet
  facet normal 1 0 0
    outer loop
      vertex -0.299999 7.55172 33.9859
      vertex -0.299999 -0.299999 25
      vertex -0.299999 7.70503 33.675
    endloop
  endfacet
  facet normal 1 0 0
    outer loop
      vertex -0.299999 10 32.35
      vertex -0.299999 -0.299999 25
      vertex -0.299999 20.3 25
    endloop
  endfacet
  facet normal 1 0 0
    outer loop
      vertex -0.299999 8.38678 32.8976
      vertex -0.299999 -0.299999 25
      vertex -0.299999 8.675 32.705
    endloop
  endfacet
  facet normal 1 0 0
    outer loop
      vertex -0.299999 8.12617 33.1262
      vertex -0.299999 -0.299999 25
      vertex -0.299999 8.38678 32.8976
    endloop
  endfacet
  facet normal 1 0 0
    outer loop
      vertex -0.299999 7.89761 33.3868
      vertex -0.299999 -0.299999 25
      vertex -0.299999 8.12617 33.1262
    endloop
  endfacet
  facet normal 1 0 0
    outer loop
      vertex -0.299999 7.70503 33.675
      vertex -0.299999 -0.299999 25
      vertex -0.299999 7.89761 33.3868
    endloop
  endfacet
  facet normal -1 0 0
    outer loop
      vertex 20.3 10.6859 32.4403
      vertex 20.3 20 25
      vertex 20.3 20 24.9
    endloop
  endfacet
  facet normal -1 0 0
    outer loop
      vertex 20.3 20 25
      vertex 20.3 12.6273 34.6541
      vertex 20.3 12.65 35
    endloop
  endfacet
  facet normal -1 0 0
    outer loop
      vertex 20.3 20 25
      vertex 20.3 12.5597 34.3141
      vertex 20.3 12.6273 34.6541
    endloop
  endfacet
  facet normal -1 0 0
    outer loop
      vertex 20.3 20 25
      vertex 20.3 12.4483 33.9859
      vertex 20.3 12.5597 34.3141
    endloop
  endfacet
  facet normal -1 0 0
    outer loop
      vertex 20.3 20 25
      vertex 20.3 12.295 33.675
      vertex 20.3 12.4483 33.9859
    endloop
  endfacet
  facet normal -1 0 0
    outer loop
      vertex 20.3 20 25
      vertex 20.3 12.1024 33.3868
      vertex 20.3 12.295 33.675
    endloop
  endfacet
  facet normal -1 0 0
    outer loop
      vertex 20.3 20 25
      vertex 20.3 11.8738 33.1262
      vertex 20.3 12.1024 33.3868
    endloop
  endfacet
  facet normal -1 0 0
    outer loop
      vertex 20.3 20 25
      vertex 20.3 11.6132 32.8976
      vertex 20.3 11.8738 33.1262
    endloop
  endfacet
  facet normal -1 0 0
    outer loop
      vertex 20.3 20 25
      vertex 20.3 11.325 32.705
      vertex 20.3 11.6132 32.8976
    endloop
  endfacet
  facet normal -1 0 0
    outer loop
      vertex 20.3 20 25
      vertex 20.3 11.0141 32.5517
      vertex 20.3 11.325 32.705
    endloop
  endfacet
  facet normal -1 0 0
    outer loop
      vertex 20.3 20 25
      vertex 20.3 10.6859 32.4403
      vertex 20.3 11.0141 32.5517
    endloop
  endfacet
  facet normal -1 0 0
    outer loop
      vertex 20.3 20 24.9
      vertex 20.3 10.3459 32.3727
      vertex 20.3 10.6859 32.4403
    endloop
  endfacet
  facet normal -1 0 0
    outer loop
      vertex 20.3 20 24.9
      vertex 20.3 10 32.35
      vertex 20.3 10.3459 32.3727
    endloop
  endfacet
  facet normal -1 0 0
    outer loop
      vertex 20.3 0 24.9
      vertex 20.3 10 32.35
      vertex 20.3 20 24.9
    endloop
  endfacet
  facet normal -1 -0 0
    outer loop
      vertex 20.3 10 32.35
      vertex 20.3 0 24.9
      vertex 20.3 9.65411 32.3727
    endloop
  endfacet
  facet normal -1 -0 0
    outer loop
      vertex 20.3 9.65411 32.3727
      vertex 20.3 0 24.9
      vertex 20.3 9.31413 32.4403
    endloop
  endfacet
  facet normal -1 0 0
    outer loop
      vertex 20.3 0 25
      vertex 20.3 9.31413 32.4403
      vertex 20.3 0 24.9
    endloop
  endfacet
  facet normal -1 -0 0
    outer loop
      vertex 20.3 9.31413 32.4403
      vertex 20.3 0 25
      vertex 20.3 8.98589 32.5517
    endloop
  endfacet
  facet normal -1 0 0
    outer loop
      vertex 20.3 -0.299999 25
      vertex 20.3 7.4403 34.3141
      vertex 20.3 0 25
    endloop
  endfacet
  facet normal -1 -0 0
    outer loop
      vertex 20.3 7.55172 33.9859
      vertex 20.3 0 25
      vertex 20.3 7.4403 34.3141
    endloop
  endfacet
  facet normal -1 -0 0
    outer loop
      vertex 20.3 7.70503 33.675
      vertex 20.3 0 25
      vertex 20.3 7.55172 33.9859
    endloop
  endfacet
  facet normal -1 -0 0
    outer loop
      vertex 20.3 7.89761 33.3868
      vertex 20.3 0 25
      vertex 20.3 7.70503 33.675
    endloop
  endfacet
  facet normal -1 -0 0
    outer loop
      vertex 20.3 8.12617 33.1262
      vertex 20.3 0 25
      vertex 20.3 7.89761 33.3868
    endloop
  endfacet
  facet normal -1 -0 0
    outer loop
      vertex 20.3 8.38678 32.8976
      vertex 20.3 0 25
      vertex 20.3 8.12617 33.1262
    endloop
  endfacet
  facet normal -1 -0 0
    outer loop
      vertex 20.3 8.675 32.705
      vertex 20.3 0 25
      vertex 20.3 8.38678 32.8976
    endloop
  endfacet
  facet normal -1 -0 0
    outer loop
      vertex 20.3 8.98589 32.5517
      vertex 20.3 0 25
      vertex 20.3 8.675 32.705
    endloop
  endfacet
  facet normal -1 0 0
    outer loop
      vertex 20.3 12.65 35
      vertex 20.3 20.3 25
      vertex 20.3 20 25
    endloop
  endfacet
  facet normal -1 0 0
    outer loop
      vertex 20.3 20.3 25
      vertex 20.3 12.65 35
      vertex 20.3 20.3 45
    endloop
  endfacet
  facet normal -1 0 0
    outer loop
      vertex 20.3 12.6273 35.3459
      vertex 20.3 20.3 45
      vertex 20.3 12.65 35
    endloop
  endfacet
  facet normal -1 0 0
    outer loop
      vertex 20.3 12.5597 35.6859
      vertex 20.3 20.3 45
      vertex 20.3 12.6273 35.3459
    endloop
  endfacet
  facet normal -1 0 0
    outer loop
      vertex 20.3 12.4483 36.0141
      vertex 20.3 20.3 45
      vertex 20.3 12.5597 35.6859
    endloop
  endfacet
  facet normal -1 0 0
    outer loop
      vertex 20.3 12.295 36.325
      vertex 20.3 20.3 45
      vertex 20.3 12.4483 36.0141
    endloop
  endfacet
  facet normal -1 0 0
    outer loop
      vertex 20.3 12.1024 36.6132
      vertex 20.3 20.3 45
      vertex 20.3 12.295 36.325
    endloop
  endfacet
  facet normal -1 0 0
    outer loop
      vertex 20.3 11.8738 36.8738
      vertex 20.3 20.3 45
      vertex 20.3 12.1024 36.6132
    endloop
  endfacet
  facet normal -1 0 0
    outer loop
      vertex 20.3 11.6132 37.1024
      vertex 20.3 20.3 45
      vertex 20.3 11.8738 36.8738
    endloop
  endfacet
  facet normal -1 0 0
    outer loop
      vertex 20.3 11.325 37.295
      vertex 20.3 20.3 45
      vertex 20.3 11.6132 37.1024
    endloop
  endfacet
  facet normal -1 0 0
    outer loop
      vertex 20.3 11.0141 37.4483
      vertex 20.3 20.3 45
      vertex 20.3 11.325 37.295
    endloop
  endfacet
  facet normal -1 0 0
    outer loop
      vertex 20.3 10.6859 37.5597
      vertex 20.3 20.3 45
      vertex 20.3 11.0141 37.4483
    endloop
  endfacet
  facet normal -1 0 0
    outer loop
      vertex 20.3 10.3459 37.6273
      vertex 20.3 20.3 45
      vertex 20.3 10.6859 37.5597
    endloop
  endfacet
  facet normal -1 0 0
    outer loop
      vertex 20.3 10 37.65
      vertex 20.3 20.3 45
      vertex 20.3 10.3459 37.6273
    endloop
  endfacet
  facet normal -1 0 0
    outer loop
      vertex 20.3 -0.299999 45
      vertex 20.3 10 37.65
      vertex 20.3 9.65411 37.6273
    endloop
  endfacet
  facet normal -1 0 0
    outer loop
      vertex 20.3 -0.299999 45
      vertex 20.3 9.65411 37.6273
      vertex 20.3 9.31413 37.5597
    endloop
  endfacet
  facet normal -1 0 0
    outer loop
      vertex 20.3 -0.299999 45
      vertex 20.3 9.31413 37.5597
      vertex 20.3 8.98589 37.4483
    endloop
  endfacet
  facet normal -1 0 0
    outer loop
      vertex 20.3 -0.299999 45
      vertex 20.3 8.98589 37.4483
      vertex 20.3 8.675 37.295
    endloop
  endfacet
  facet normal -1 -0 0
    outer loop
      vertex 20.3 7.4403 34.3141
      vertex 20.3 -0.299999 25
      vertex 20.3 7.37267 34.6541
    endloop
  endfacet
  facet normal -1 -0 0
    outer loop
      vertex 20.3 7.37267 34.6541
      vertex 20.3 -0.299999 25
      vertex 20.3 7.35 35
    endloop
  endfacet
  facet normal -1 0 0
    outer loop
      vertex 20.3 -0.299999 45
      vertex 20.3 7.35 35
      vertex 20.3 -0.299999 25
    endloop
  endfacet
  facet normal -1 0 0
    outer loop
      vertex 20.3 7.35 35
      vertex 20.3 -0.299999 45
      vertex 20.3 7.37267 35.3459
    endloop
  endfacet
  facet normal -1 0 0
    outer loop
      vertex 20.3 7.37267 35.3459
      vertex 20.3 -0.299999 45
      vertex 20.3 7.4403 35.6859
    endloop
  endfacet
  facet normal -1 0 0
    outer loop
      vertex 20.3 7.4403 35.6859
      vertex 20.3 -0.299999 45
      vertex 20.3 7.55172 36.0141
    endloop
  endfacet
  facet normal -1 0 0
    outer loop
      vertex 20.3 7.55172 36.0141
      vertex 20.3 -0.299999 45
      vertex 20.3 7.70503 36.325
    endloop
  endfacet
  facet normal -1 0 0
    outer loop
      vertex 20.3 10 37.65
      vertex 20.3 -0.299999 45
      vertex 20.3 20.3 45
    endloop
  endfacet
  facet normal -1 0 0
    outer loop
      vertex 20.3 8.38678 37.1024
      vertex 20.3 -0.299999 45
      vertex 20.3 8.675 37.295
    endloop
  endfacet
  facet normal -1 0 0
    outer loop
      vertex 20.3 8.12617 36.8738
      vertex 20.3 -0.299999 45
      vertex 20.3 8.38678 37.1024
    endloop
  endfacet
  facet normal -1 0 0
    outer loop
      vertex 20.3 7.89761 36.6132
      vertex 20.3 -0.299999 45
      vertex 20.3 8.12617 36.8738
    endloop
  endfacet
  facet normal -1 0 0
    outer loop
      vertex 20.3 7.70503 36.325
      vertex 20.3 -0.299999 45
      vertex 20.3 7.89761 36.6132
    endloop
  endfacet
  facet normal 0 0 1
    outer loop
      vertex 20 20.3 24.9
      vertex 0 20.3 24.9
      vertex 20 20 24.9
    endloop
  endfacet
  facet normal -0 0 1
    outer loop
      vertex 20 20 24.9
      vertex 20.3 0 24.9
      vertex 20.3 20 24.9
    endloop
  endfacet
  facet normal 0 0 1
    outer loop
      vertex 0 0 24.9
      vertex 20 20 24.9
      vertex 0 20.3 24.9
    endloop
  endfacet
  facet normal 0 0 1
    outer loop
      vertex 20 20 24.9
      vertex 0 0 24.9
      vertex 20.3 0 24.9
    endloop
  endfacet
  facet normal 0 1 0
    outer loop
      vertex 20.3 -0.299999 45
      vertex 10 -0.299999 37.65
      vertex -0.299999 -0.299999 45
    endloop
  endfacet
  facet normal 0 1 0
    outer loop
      vertex 20.3 -0.299999 45
      vertex 10.3459 -0.299999 37.6273
      vertex 10 -0.299999 37.65
    endloop
  endfacet
  facet normal 0 1 0
    outer loop
      vertex 20.3 -0.299999 45
      vertex 10.6859 -0.299999 37.5597
      vertex 10.3459 -0.299999 37.6273
    endloop
  endfacet
  facet normal 0 1 0
    outer loop
      vertex 20.3 -0.299999 45
      vertex 11.0141 -0.299999 37.4483
      vertex 10.6859 -0.299999 37.5597
    endloop
  endfacet
  facet normal 0 1 0
    outer loop
      vertex 20.3 -0.299999 45
      vertex 11.325 -0.299999 37.295
      vertex 11.0141 -0.299999 37.4483
    endloop
  endfacet
  facet normal 0 1 0
    outer loop
      vertex 20.3 -0.299999 45
      vertex 11.6132 -0.299999 37.1024
      vertex 11.325 -0.299999 37.295
    endloop
  endfacet
  facet normal 0 1 0
    outer loop
      vertex 20.3 -0.299999 45
      vertex 11.8738 -0.299999 36.8738
      vertex 11.6132 -0.299999 37.1024
    endloop
  endfacet
  facet normal 0 1 0
    outer loop
      vertex 20.3 -0.299999 45
      vertex 12.1024 -0.299999 36.6132
      vertex 11.8738 -0.299999 36.8738
    endloop
  endfacet
  facet normal 0 1 0
    outer loop
      vertex 20.3 -0.299999 45
      vertex 12.295 -0.299999 36.325
      vertex 12.1024 -0.299999 36.6132
    endloop
  endfacet
  facet normal 0 1 0
    outer loop
      vertex 20.3 -0.299999 45
      vertex 12.4483 -0.299999 36.0141
      vertex 12.295 -0.299999 36.325
    endloop
  endfacet
  facet normal 0 1 0
    outer loop
      vertex 20.3 -0.299999 45
      vertex 12.5597 -0.299999 35.6859
      vertex 12.4483 -0.299999 36.0141
    endloop
  endfacet
  facet normal 0 1 0
    outer loop
      vertex 20.3 -0.299999 45
      vertex 12.6273 -0.299999 35.3459
      vertex 12.5597 -0.299999 35.6859
    endloop
  endfacet
  facet normal 0 1 0
    outer loop
      vertex 20.3 -0.299999 45
      vertex 12.65 -0.299999 35
      vertex 12.6273 -0.299999 35.3459
    endloop
  endfacet
  facet normal 0 1 -0
    outer loop
      vertex 20.3 -0.299999 25
      vertex 12.65 -0.299999 35
      vertex 20.3 -0.299999 45
    endloop
  endfacet
  facet normal 0 1 0
    outer loop
      vertex 12.65 -0.299999 35
      vertex 20.3 -0.299999 25
      vertex 12.6273 -0.299999 34.6541
    endloop
  endfacet
  facet normal 0 1 0
    outer loop
      vertex 12.6273 -0.299999 34.6541
      vertex 20.3 -0.299999 25
      vertex 12.5597 -0.299999 34.3141
    endloop
  endfacet
  facet normal 0 1 0
    outer loop
      vertex 12.5597 -0.299999 34.3141
      vertex 20.3 -0.299999 25
      vertex 12.4483 -0.299999 33.9859
    endloop
  endfacet
  facet normal 0 1 0
    outer loop
      vertex 12.4483 -0.299999 33.9859
      vertex 20.3 -0.299999 25
      vertex 12.295 -0.299999 33.675
    endloop
  endfacet
  facet normal 0 1 0
    outer loop
      vertex 10.3459 -0.299999 32.3727
      vertex 20.3 -0.299999 25
      vertex 10 -0.299999 32.35
    endloop
  endfacet
  facet normal 0 1 0
    outer loop
      vertex 10.6859 -0.299999 32.4403
      vertex 20.3 -0.299999 25
      vertex 10.3459 -0.299999 32.3727
    endloop
  endfacet
  facet normal 0 1 0
    outer loop
      vertex 11.0141 -0.299999 32.5517
      vertex 20.3 -0.299999 25
      vertex 10.6859 -0.299999 32.4403
    endloop
  endfacet
  facet normal 0 1 0
    outer loop
      vertex 11.325 -0.299999 32.705
      vertex 20.3 -0.299999 25
      vertex 11.0141 -0.299999 32.5517
    endloop
  endfacet
  facet normal 0 1 0
    outer loop
      vertex 11.6132 -0.299999 32.8976
      vertex 20.3 -0.299999 25
      vertex 11.325 -0.299999 32.705
    endloop
  endfacet
  facet normal 0 1 0
    outer loop
      vertex 11.8738 -0.299999 33.1262
      vertex 20.3 -0.299999 25
      vertex 11.6132 -0.299999 32.8976
    endloop
  endfacet
  facet normal 0 1 0
    outer loop
      vertex 12.1024 -0.299999 33.3868
      vertex 20.3 -0.299999 25
      vertex 11.8738 -0.299999 33.1262
    endloop
  endfacet
  facet normal 0 1 0
    outer loop
      vertex 12.295 -0.299999 33.675
      vertex 20.3 -0.299999 25
      vertex 12.1024 -0.299999 33.3868
    endloop
  endfacet
  facet normal 0 1 -0
    outer loop
      vertex 9.65411 -0.299999 37.6273
      vertex -0.299999 -0.299999 45
      vertex 10 -0.299999 37.65
    endloop
  endfacet
  facet normal 0 1 -0
    outer loop
      vertex 9.31413 -0.299999 37.5597
      vertex -0.299999 -0.299999 45
      vertex 9.65411 -0.299999 37.6273
    endloop
  endfacet
  facet normal 0 1 -0
    outer loop
      vertex 8.98589 -0.299999 37.4483
      vertex -0.299999 -0.299999 45
      vertex 9.31413 -0.299999 37.5597
    endloop
  endfacet
  facet normal 0 1 -0
    outer loop
      vertex 8.675 -0.299999 37.295
      vertex -0.299999 -0.299999 45
      vertex 8.98589 -0.299999 37.4483
    endloop
  endfacet
  facet normal 0 1 -0
    outer loop
      vertex 8.38678 -0.299999 37.1024
      vertex -0.299999 -0.299999 45
      vertex 8.675 -0.299999 37.295
    endloop
  endfacet
  facet normal 0 1 -0
    outer loop
      vertex 8.12617 -0.299999 36.8738
      vertex -0.299999 -0.299999 45
      vertex 8.38678 -0.299999 37.1024
    endloop
  endfacet
  facet normal 0 1 -0
    outer loop
      vertex 7.89761 -0.299999 36.6132
      vertex -0.299999 -0.299999 45
      vertex 8.12617 -0.299999 36.8738
    endloop
  endfacet
  facet normal 0 1 -0
    outer loop
      vertex 7.70503 -0.299999 36.325
      vertex -0.299999 -0.299999 45
      vertex 7.89761 -0.299999 36.6132
    endloop
  endfacet
  facet normal 0 1 -0
    outer loop
      vertex 7.55172 -0.299999 36.0141
      vertex -0.299999 -0.299999 45
      vertex 7.70503 -0.299999 36.325
    endloop
  endfacet
  facet normal 0 1 -0
    outer loop
      vertex 7.4403 -0.299999 35.6859
      vertex -0.299999 -0.299999 45
      vertex 7.55172 -0.299999 36.0141
    endloop
  endfacet
  facet normal 0 1 -0
    outer loop
      vertex 7.37267 -0.299999 35.3459
      vertex -0.299999 -0.299999 45
      vertex 7.4403 -0.299999 35.6859
    endloop
  endfacet
  facet normal 0 1 -0
    outer loop
      vertex 7.35 -0.299999 35
      vertex -0.299999 -0.299999 45
      vertex 7.37267 -0.299999 35.3459
    endloop
  endfacet
  facet normal 0 1 0
    outer loop
      vertex -0.299999 -0.299999 25
      vertex 7.35 -0.299999 35
      vertex 7.37267 -0.299999 34.6541
    endloop
  endfacet
  facet normal 0 1 0
    outer loop
      vertex -0.299999 -0.299999 25
      vertex 7.37267 -0.299999 34.6541
      vertex 7.4403 -0.299999 34.3141
    endloop
  endfacet
  facet normal 0 1 0
    outer loop
      vertex -0.299999 -0.299999 25
      vertex 7.4403 -0.299999 34.3141
      vertex 7.55172 -0.299999 33.9859
    endloop
  endfacet
  facet normal 0 1 0
    outer loop
      vertex -0.299999 -0.299999 25
      vertex 7.55172 -0.299999 33.9859
      vertex 7.70503 -0.299999 33.675
    endloop
  endfacet
  facet normal 0 1 0
    outer loop
      vertex -0.299999 -0.299999 25
      vertex 7.70503 -0.299999 33.675
      vertex 7.89761 -0.299999 33.3868
    endloop
  endfacet
  facet normal 0 1 0
    outer loop
      vertex -0.299999 -0.299999 25
      vertex 10 -0.299999 32.35
      vertex 20.3 -0.299999 25
    endloop
  endfacet
  facet normal 0 1 0
    outer loop
      vertex 10 -0.299999 32.35
      vertex -0.299999 -0.299999 25
      vertex 9.65411 -0.299999 32.3727
    endloop
  endfacet
  facet normal 0 1 0
    outer loop
      vertex 9.65411 -0.299999 32.3727
      vertex -0.299999 -0.299999 25
      vertex 9.31413 -0.299999 32.4403
    endloop
  endfacet
  facet normal 0 1 0
    outer loop
      vertex 9.31413 -0.299999 32.4403
      vertex -0.299999 -0.299999 25
      vertex 8.98589 -0.299999 32.5517
    endloop
  endfacet
  facet normal 0 1 0
    outer loop
      vertex 7.35 -0.299999 35
      vertex -0.299999 -0.299999 25
      vertex -0.299999 -0.299999 45
    endloop
  endfacet
  facet normal 0 1 0
    outer loop
      vertex 8.12617 -0.299999 33.1262
      vertex -0.299999 -0.299999 25
      vertex 7.89761 -0.299999 33.3868
    endloop
  endfacet
  facet normal 0 1 0
    outer loop
      vertex 8.38678 -0.299999 32.8976
      vertex -0.299999 -0.299999 25
      vertex 8.12617 -0.299999 33.1262
    endloop
  endfacet
  facet normal 0 1 0
    outer loop
      vertex 8.675 -0.299999 32.705
      vertex -0.299999 -0.299999 25
      vertex 8.38678 -0.299999 32.8976
    endloop
  endfacet
  facet normal 0 1 0
    outer loop
      vertex 8.98589 -0.299999 32.5517
      vertex -0.299999 -0.299999 25
      vertex 8.675 -0.299999 32.705
    endloop
  endfacet
  facet normal 0 -1 0
    outer loop
      vertex 20 20.3 24.9
      vertex 10 20.3 32.35
      vertex 0 20.3 24.9
    endloop
  endfacet
  facet normal 0 -1 0
    outer loop
      vertex 10 20.3 32.35
      vertex 20 20.3 24.9
      vertex 20 20.3 25
    endloop
  endfacet
  facet normal 0 -1 0
    outer loop
      vertex -0.299999 20.3 45
      vertex 10 20.3 37.65
      vertex 20.3 20.3 45
    endloop
  endfacet
  facet normal 0 -1 0
    outer loop
      vertex -0.299999 20.3 45
      vertex 9.65411 20.3 37.6273
      vertex 10 20.3 37.65
    endloop
  endfacet
  facet normal 0 -1 0
    outer loop
      vertex -0.299999 20.3 45
      vertex 9.31413 20.3 37.5597
      vertex 9.65411 20.3 37.6273
    endloop
  endfacet
  facet normal 0 -1 0
    outer loop
      vertex -0.299999 20.3 45
      vertex 8.98589 20.3 37.4483
      vertex 9.31413 20.3 37.5597
    endloop
  endfacet
  facet normal 0 -1 0
    outer loop
      vertex -0.299999 20.3 45
      vertex 8.675 20.3 37.295
      vertex 8.98589 20.3 37.4483
    endloop
  endfacet
  facet normal 0 -1 0
    outer loop
      vertex -0.299999 20.3 45
      vertex 8.38678 20.3 37.1024
      vertex 8.675 20.3 37.295
    endloop
  endfacet
  facet normal 0 -1 0
    outer loop
      vertex -0.299999 20.3 45
      vertex 8.12617 20.3 36.8738
      vertex 8.38678 20.3 37.1024
    endloop
  endfacet
  facet normal 0 -1 0
    outer loop
      vertex -0.299999 20.3 45
      vertex 7.89761 20.3 36.6132
      vertex 8.12617 20.3 36.8738
    endloop
  endfacet
  facet normal 0 -1 0
    outer loop
      vertex -0.299999 20.3 45
      vertex 7.70503 20.3 36.325
      vertex 7.89761 20.3 36.6132
    endloop
  endfacet
  facet normal 0 -1 0
    outer loop
      vertex -0.299999 20.3 45
      vertex 7.55172 20.3 36.0141
      vertex 7.70503 20.3 36.325
    endloop
  endfacet
  facet normal 0 -1 0
    outer loop
      vertex -0.299999 20.3 45
      vertex 7.4403 20.3 35.6859
      vertex 7.55172 20.3 36.0141
    endloop
  endfacet
  facet normal 0 -1 0
    outer loop
      vertex -0.299999 20.3 45
      vertex 7.37267 20.3 35.3459
      vertex 7.4403 20.3 35.6859
    endloop
  endfacet
  facet normal 0 -1 0
    outer loop
      vertex -0.299999 20.3 45
      vertex 7.35 20.3 35
      vertex 7.37267 20.3 35.3459
    endloop
  endfacet
  facet normal 0 -1 0
    outer loop
      vertex -0.299999 20.3 25
      vertex 7.35 20.3 35
      vertex -0.299999 20.3 45
    endloop
  endfacet
  facet normal 0 -1 -0
    outer loop
      vertex 7.35 20.3 35
      vertex -0.299999 20.3 25
      vertex 7.37267 20.3 34.6541
    endloop
  endfacet
  facet normal 0 -1 -0
    outer loop
      vertex 7.37267 20.3 34.6541
      vertex -0.299999 20.3 25
      vertex 7.4403 20.3 34.3141
    endloop
  endfacet
  facet normal 0 -1 0
    outer loop
      vertex 0 20.3 25
      vertex 7.4403 20.3 34.3141
      vertex -0.299999 20.3 25
    endloop
  endfacet
  facet normal 0 -1 -0
    outer loop
      vertex 7.4403 20.3 34.3141
      vertex 0 20.3 25
      vertex 7.55172 20.3 33.9859
    endloop
  endfacet
  facet normal 0 -1 0
    outer loop
      vertex 0 20.3 24.9
      vertex 9.31413 20.3 32.4403
      vertex 0 20.3 25
    endloop
  endfacet
  facet normal 0 -1 -0
    outer loop
      vertex 8.98589 20.3 32.5517
      vertex 0 20.3 25
      vertex 9.31413 20.3 32.4403
    endloop
  endfacet
  facet normal 0 -1 -0
    outer loop
      vertex 8.675 20.3 32.705
      vertex 0 20.3 25
      vertex 8.98589 20.3 32.5517
    endloop
  endfacet
  facet normal 0 -1 -0
    outer loop
      vertex 8.38678 20.3 32.8976
      vertex 0 20.3 25
      vertex 8.675 20.3 32.705
    endloop
  endfacet
  facet normal 0 -1 -0
    outer loop
      vertex 8.12617 20.3 33.1262
      vertex 0 20.3 25
      vertex 8.38678 20.3 32.8976
    endloop
  endfacet
  facet normal 0 -1 -0
    outer loop
      vertex 7.89761 20.3 33.3868
      vertex 0 20.3 25
      vertex 8.12617 20.3 33.1262
    endloop
  endfacet
  facet normal 0 -1 -0
    outer loop
      vertex 7.70503 20.3 33.675
      vertex 0 20.3 25
      vertex 7.89761 20.3 33.3868
    endloop
  endfacet
  facet normal 0 -1 -0
    outer loop
      vertex 7.55172 20.3 33.9859
      vertex 0 20.3 25
      vertex 7.70503 20.3 33.675
    endloop
  endfacet
  facet normal 0 -1 0
    outer loop
      vertex 10.3459 20.3 37.6273
      vertex 20.3 20.3 45
      vertex 10 20.3 37.65
    endloop
  endfacet
  facet normal 0 -1 0
    outer loop
      vertex 10.6859 20.3 37.5597
      vertex 20.3 20.3 45
      vertex 10.3459 20.3 37.6273
    endloop
  endfacet
  facet normal 0 -1 0
    outer loop
      vertex 11.0141 20.3 37.4483
      vertex 20.3 20.3 45
      vertex 10.6859 20.3 37.5597
    endloop
  endfacet
  facet normal 0 -1 0
    outer loop
      vertex 11.325 20.3 37.295
      vertex 20.3 20.3 45
      vertex 11.0141 20.3 37.4483
    endloop
  endfacet
  facet normal 0 -1 0
    outer loop
      vertex 11.6132 20.3 37.1024
      vertex 20.3 20.3 45
      vertex 11.325 20.3 37.295
    endloop
  endfacet
  facet normal 0 -1 0
    outer loop
      vertex 11.8738 20.3 36.8738
      vertex 20.3 20.3 45
      vertex 11.6132 20.3 37.1024
    endloop
  endfacet
  facet normal 0 -1 0
    outer loop
      vertex 12.1024 20.3 36.6132
      vertex 20.3 20.3 45
      vertex 11.8738 20.3 36.8738
    endloop
  endfacet
  facet normal 0 -1 0
    outer loop
      vertex 12.295 20.3 36.325
      vertex 20.3 20.3 45
      vertex 12.1024 20.3 36.6132
    endloop
  endfacet
  facet normal 0 -1 0
    outer loop
      vertex 12.4483 20.3 36.0141
      vertex 20.3 20.3 45
      vertex 12.295 20.3 36.325
    endloop
  endfacet
  facet normal 0 -1 0
    outer loop
      vertex 12.5597 20.3 35.6859
      vertex 20.3 20.3 45
      vertex 12.4483 20.3 36.0141
    endloop
  endfacet
  facet normal 0 -1 0
    outer loop
      vertex 12.6273 20.3 35.3459
      vertex 20.3 20.3 45
      vertex 12.5597 20.3 35.6859
    endloop
  endfacet
  facet normal 0 -1 0
    outer loop
      vertex 12.65 20.3 35
      vertex 20.3 20.3 45
      vertex 12.6273 20.3 35.3459
    endloop
  endfacet
  facet normal 0 -1 0
    outer loop
      vertex 20.3 20.3 25
      vertex 12.65 20.3 35
      vertex 12.6273 20.3 34.6541
    endloop
  endfacet
  facet normal 0 -1 0
    outer loop
      vertex 20.3 20.3 25
      vertex 12.6273 20.3 34.6541
      vertex 12.5597 20.3 34.3141
    endloop
  endfacet
  facet normal 0 -1 0
    outer loop
      vertex 20 20.3 25
      vertex 12.5597 20.3 34.3141
      vertex 12.4483 20.3 33.9859
    endloop
  endfacet
  facet normal 0 -1 0
    outer loop
      vertex 20 20.3 25
      vertex 12.4483 20.3 33.9859
      vertex 12.295 20.3 33.675
    endloop
  endfacet
  facet normal 0 -1 0
    outer loop
      vertex 20 20.3 25
      vertex 12.295 20.3 33.675
      vertex 12.1024 20.3 33.3868
    endloop
  endfacet
  facet normal 0 -1 -0
    outer loop
      vertex 9.31413 20.3 32.4403
      vertex 0 20.3 24.9
      vertex 9.65411 20.3 32.3727
    endloop
  endfacet
  facet normal 0 -1 -0
    outer loop
      vertex 9.65411 20.3 32.3727
      vertex 0 20.3 24.9
      vertex 10 20.3 32.35
    endloop
  endfacet
  facet normal 0 -1 0
    outer loop
      vertex 10 20.3 32.35
      vertex 20 20.3 25
      vertex 10.3459 20.3 32.3727
    endloop
  endfacet
  facet normal 0 -1 0
    outer loop
      vertex 10.3459 20.3 32.3727
      vertex 20 20.3 25
      vertex 10.6859 20.3 32.4403
    endloop
  endfacet
  facet normal 0 -1 0
    outer loop
      vertex 10.6859 20.3 32.4403
      vertex 20 20.3 25
      vertex 11.0141 20.3 32.5517
    endloop
  endfacet
  facet normal 0 -1 0
    outer loop
      vertex 11.0141 20.3 32.5517
      vertex 20 20.3 25
      vertex 11.325 20.3 32.705
    endloop
  endfacet
  facet normal 0 -1 0
    outer loop
      vertex 11.325 20.3 32.705
      vertex 20 20.3 25
      vertex 11.6132 20.3 32.8976
    endloop
  endfacet
  facet normal 0 -1 0
    outer loop
      vertex 20 20.3 25
      vertex 11.8738 20.3 33.1262
      vertex 11.6132 20.3 32.8976
    endloop
  endfacet
  facet normal 0 -1 0
    outer loop
      vertex 20 20.3 25
      vertex 12.1024 20.3 33.3868
      vertex 11.8738 20.3 33.1262
    endloop
  endfacet
  facet normal 0 -1 0
    outer loop
      vertex 12.5597 20.3 34.3141
      vertex 20 20.3 25
      vertex 20.3 20.3 25
    endloop
  endfacet
  facet normal 0 -1 0
    outer loop
      vertex 12.65 20.3 35
      vertex 20.3 20.3 25
      vertex 20.3 20.3 45
    endloop
  endfacet
endsolid OpenSCAD_Model
