solid OpenSCAD_Model
  facet normal -1 0 0
    outer loop
      vertex 0 0 0
      vertex 0 40 5
      vertex 0 40 0
    endloop
  endfacet
  facet normal -1 -0 0
    outer loop
      vertex 0 40 5
      vertex 0 0 0
      vertex 0 0 5
    endloop
  endfacet
  facet normal -0 0 1
    outer loop
      vertex 21.0284 15.4565 5
      vertex 30 0 5
      vertex 21.082 15.7259 5
    endloop
  endfacet
  facet normal 0 0 1
    outer loop
      vertex 30 0 5
      vertex 21.082 6.2741 5
      vertex 21.1 6 5
    endloop
  endfacet
  facet normal -0 0 1
    outer loop
      vertex 20.9401 15.1964 5
      vertex 30 0 5
      vertex 21.0284 15.4565 5
    endloop
  endfacet
  facet normal 0 0 1
    outer loop
      vertex 30 0 5
      vertex 21.0284 6.54352 5
      vertex 21.082 6.2741 5
    endloop
  endfacet
  facet normal -0 0 1
    outer loop
      vertex 20.9401 6.80363 5
      vertex 30 0 5
      vertex 20.9401 15.1964 5
    endloop
  endfacet
  facet normal 0 0 1
    outer loop
      vertex 30 0 5
      vertex 20.9401 6.80363 5
      vertex 21.0284 6.54352 5
    endloop
  endfacet
  facet normal -0 0 1
    outer loop
      vertex 20.8187 14.95 5
      vertex 20.9401 6.80363 5
      vertex 20.9401 15.1964 5
    endloop
  endfacet
  facet normal 0 0 1
    outer loop
      vertex 20.8187 14.95 5
      vertex 20.8187 7.05 5
      vertex 20.9401 6.80363 5
    endloop
  endfacet
  facet normal -0 0 1
    outer loop
      vertex 20.666 14.7216 5
      vertex 20.8187 7.05 5
      vertex 20.8187 14.95 5
    endloop
  endfacet
  facet normal 0 0 1
    outer loop
      vertex 20.666 14.7216 5
      vertex 20.666 7.2784 5
      vertex 20.8187 7.05 5
    endloop
  endfacet
  facet normal -0 0 1
    outer loop
      vertex 20.4849 14.5151 5
      vertex 20.666 7.2784 5
      vertex 20.666 14.7216 5
    endloop
  endfacet
  facet normal 0 0 1
    outer loop
      vertex 20.4849 14.5151 5
      vertex 20.4849 7.48492 5
      vertex 20.666 7.2784 5
    endloop
  endfacet
  facet normal -0 0 1
    outer loop
      vertex 20.2784 14.334 5
      vertex 20.4849 7.48492 5
      vertex 20.4849 14.5151 5
    endloop
  endfacet
  facet normal 0 0 1
    outer loop
      vertex 20.2784 14.334 5
      vertex 20.2784 7.66604 5
      vertex 20.4849 7.48492 5
    endloop
  endfacet
  facet normal -0 0 1
    outer loop
      vertex 20.05 14.1813 5
      vertex 20.2784 7.66604 5
      vertex 20.2784 14.334 5
    endloop
  endfacet
  facet normal 0 0 1
    outer loop
      vertex 20.05 14.1813 5
      vertex 20.05 7.81865 5
      vertex 20.2784 7.66604 5
    endloop
  endfacet
  facet normal -0 0 1
    outer loop
      vertex 19.8036 14.0599 5
      vertex 20.05 7.81865 5
      vertex 20.05 14.1813 5
    endloop
  endfacet
  facet normal 0 0 1
    outer loop
      vertex 19.8036 14.0599 5
      vertex 19.8036 7.94015 5
      vertex 20.05 7.81865 5
    endloop
  endfacet
  facet normal -0 0 1
    outer loop
      vertex 19.5435 13.9716 5
      vertex 19.8036 7.94015 5
      vertex 19.8036 14.0599 5
    endloop
  endfacet
  facet normal 0 0 1
    outer loop
      vertex 19.5435 13.9716 5
      vertex 19.5435 8.02844 5
      vertex 19.8036 7.94015 5
    endloop
  endfacet
  facet normal -0 0 1
    outer loop
      vertex 19.2741 13.918 5
      vertex 19.5435 8.02844 5
      vertex 19.5435 13.9716 5
    endloop
  endfacet
  facet normal 0 0 1
    outer loop
      vertex 19.2741 13.918 5
      vertex 19.2741 8.08203 5
      vertex 19.5435 8.02844 5
    endloop
  endfacet
  facet normal -0 0 1
    outer loop
      vertex 19 13.9 5
      vertex 19.2741 8.08203 5
      vertex 19.2741 13.918 5
    endloop
  endfacet
  facet normal 0 0 1
    outer loop
      vertex 19 13.9 5
      vertex 19 8.1 5
      vertex 19.2741 8.08203 5
    endloop
  endfacet
  facet normal -0 0 1
    outer loop
      vertex 11 13.9 5
      vertex 19 8.1 5
      vertex 19 13.9 5
    endloop
  endfacet
  facet normal 0 0 1
    outer loop
      vertex 11 13.9 5
      vertex 11 8.1 5
      vertex 19 8.1 5
    endloop
  endfacet
  facet normal 0 0 1
    outer loop
      vertex 10.7259 13.918 5
      vertex 11 8.1 5
      vertex 11 13.9 5
    endloop
  endfacet
  facet normal 0 0 1
    outer loop
      vertex 10.7259 13.918 5
      vertex 10.7259 8.08203 5
      vertex 11 8.1 5
    endloop
  endfacet
  facet normal 0 0 1
    outer loop
      vertex 10.4565 13.9716 5
      vertex 10.7259 8.08203 5
      vertex 10.7259 13.918 5
    endloop
  endfacet
  facet normal 0 0 1
    outer loop
      vertex 10.4565 13.9716 5
      vertex 10.4565 8.02844 5
      vertex 10.7259 8.08203 5
    endloop
  endfacet
  facet normal 0 0 1
    outer loop
      vertex 10.1964 14.0599 5
      vertex 10.4565 8.02844 5
      vertex 10.4565 13.9716 5
    endloop
  endfacet
  facet normal 0 0 1
    outer loop
      vertex 10.1964 14.0599 5
      vertex 10.1964 7.94015 5
      vertex 10.4565 8.02844 5
    endloop
  endfacet
  facet normal 0 0 1
    outer loop
      vertex 9.95 14.1813 5
      vertex 10.1964 7.94015 5
      vertex 10.1964 14.0599 5
    endloop
  endfacet
  facet normal 0 0 1
    outer loop
      vertex 9.95 14.1813 5
      vertex 9.95 7.81865 5
      vertex 10.1964 7.94015 5
    endloop
  endfacet
  facet normal 0 0 1
    outer loop
      vertex 9.7216 14.334 5
      vertex 9.95 7.81865 5
      vertex 9.95 14.1813 5
    endloop
  endfacet
  facet normal 0 0 1
    outer loop
      vertex 9.7216 14.334 5
      vertex 9.7216 7.66604 5
      vertex 9.95 7.81865 5
    endloop
  endfacet
  facet normal 0 0 1
    outer loop
      vertex 9.51508 14.5151 5
      vertex 9.7216 7.66604 5
      vertex 9.7216 14.334 5
    endloop
  endfacet
  facet normal 0 0 1
    outer loop
      vertex 9.51508 14.5151 5
      vertex 9.51508 7.48492 5
      vertex 9.7216 7.66604 5
    endloop
  endfacet
  facet normal 0 0 1
    outer loop
      vertex 9.33396 14.7216 5
      vertex 9.51508 7.48492 5
      vertex 9.51508 14.5151 5
    endloop
  endfacet
  facet normal 0 0 1
    outer loop
      vertex 9.33396 14.7216 5
      vertex 9.33396 7.2784 5
      vertex 9.51508 7.48492 5
    endloop
  endfacet
  facet normal 0 0 1
    outer loop
      vertex 9.18135 14.95 5
      vertex 9.33396 7.2784 5
      vertex 9.33396 14.7216 5
    endloop
  endfacet
  facet normal 0 0 1
    outer loop
      vertex 9.18135 14.95 5
      vertex 9.18135 7.05 5
      vertex 9.33396 7.2784 5
    endloop
  endfacet
  facet normal 0 0 1
    outer loop
      vertex 9.05985 15.1964 5
      vertex 9.18135 7.05 5
      vertex 9.18135 14.95 5
    endloop
  endfacet
  facet normal 0 0 1
    outer loop
      vertex 9.05985 15.1964 5
      vertex 9.05985 6.80363 5
      vertex 9.18135 7.05 5
    endloop
  endfacet
  facet normal 0 0 1
    outer loop
      vertex 0 0 5
      vertex 9.05985 15.1964 5
      vertex 8.97156 15.4565 5
    endloop
  endfacet
  facet normal 0 0 1
    outer loop
      vertex 9.05985 15.1964 5
      vertex 0 0 5
      vertex 9.05985 6.80363 5
    endloop
  endfacet
  facet normal 0 0 1
    outer loop
      vertex 0 0 5
      vertex 8.97156 15.4565 5
      vertex 8.91796 15.7259 5
    endloop
  endfacet
  facet normal 0 0 1
    outer loop
      vertex 9.05985 6.80363 5
      vertex 0 0 5
      vertex 8.97156 6.54352 5
    endloop
  endfacet
  facet normal 0 0 1
    outer loop
      vertex 0 0 5
      vertex 8.91796 15.7259 5
      vertex 8.9 16 5
    endloop
  endfacet
  facet normal 0 0 1
    outer loop
      vertex 8.97156 6.54352 5
      vertex 0 0 5
      vertex 8.91796 6.2741 5
    endloop
  endfacet
  facet normal 0 0 1
    outer loop
      vertex 30 0 5
      vertex 21.082 16.2741 5
      vertex 21.1 16 5
    endloop
  endfacet
  facet normal 0 0 1
    outer loop
      vertex 20.9401 16.8036 5
      vertex 21.4672 27.3212 5
      vertex 21.0622 26.5 5
    endloop
  endfacet
  facet normal 0 0 1
    outer loop
      vertex 21.7615 28.1883 5
      vertex 21.0284 16.5435 5
      vertex 21.082 16.2741 5
    endloop
  endfacet
  facet normal 0 0 1
    outer loop
      vertex 21.4672 27.3212 5
      vertex 20.9401 16.8036 5
      vertex 21.0284 16.5435 5
    endloop
  endfacet
  facet normal 0 0 1
    outer loop
      vertex 21.0622 26.5 5
      vertex 20.8187 17.05 5
      vertex 20.9401 16.8036 5
    endloop
  endfacet
  facet normal -0 0 1
    outer loop
      vertex 20.5535 25.7387 5
      vertex 20.8187 17.05 5
      vertex 21.0622 26.5 5
    endloop
  endfacet
  facet normal 0 0 1
    outer loop
      vertex 20.8187 17.05 5
      vertex 20.5535 25.7387 5
      vertex 20.666 17.2784 5
    endloop
  endfacet
  facet normal 0 0 1
    outer loop
      vertex 20.5535 25.7387 5
      vertex 20.4849 17.4849 5
      vertex 20.666 17.2784 5
    endloop
  endfacet
  facet normal -0 0 1
    outer loop
      vertex 19.9497 25.0503 5
      vertex 20.4849 17.4849 5
      vertex 20.5535 25.7387 5
    endloop
  endfacet
  facet normal 0 0 1
    outer loop
      vertex 20.4849 17.4849 5
      vertex 19.9497 25.0503 5
      vertex 20.2784 17.666 5
    endloop
  endfacet
  facet normal 0 0 1
    outer loop
      vertex 20.2784 17.666 5
      vertex 19.9497 25.0503 5
      vertex 20.05 17.8187 5
    endloop
  endfacet
  facet normal -0 0 1
    outer loop
      vertex 19.2613 24.4465 5
      vertex 20.05 17.8187 5
      vertex 19.9497 25.0503 5
    endloop
  endfacet
  facet normal 0 0 1
    outer loop
      vertex 20.05 17.8187 5
      vertex 19.2613 24.4465 5
      vertex 19.8036 17.9401 5
    endloop
  endfacet
  facet normal 0 0 1
    outer loop
      vertex 19.8036 17.9401 5
      vertex 19.2613 24.4465 5
      vertex 19.5435 18.0284 5
    endloop
  endfacet
  facet normal -0 0 1
    outer loop
      vertex 18.5 23.9378 5
      vertex 19.5435 18.0284 5
      vertex 19.2613 24.4465 5
    endloop
  endfacet
  facet normal 0 0 1
    outer loop
      vertex 19.5435 18.0284 5
      vertex 18.5 23.9378 5
      vertex 19.2741 18.082 5
    endloop
  endfacet
  facet normal -0 0 1
    outer loop
      vertex 17.6788 23.5328 5
      vertex 19.2741 18.082 5
      vertex 18.5 23.9378 5
    endloop
  endfacet
  facet normal 0 0 1
    outer loop
      vertex 19.2741 18.082 5
      vertex 17.6788 23.5328 5
      vertex 19 18.1 5
    endloop
  endfacet
  facet normal -0 0 1
    outer loop
      vertex 16.8117 23.2385 5
      vertex 19 18.1 5
      vertex 17.6788 23.5328 5
    endloop
  endfacet
  facet normal -0 0 1
    outer loop
      vertex 15.9137 23.0599 5
      vertex 19 18.1 5
      vertex 16.8117 23.2385 5
    endloop
  endfacet
  facet normal -0 0 1
    outer loop
      vertex 15 23 5
      vertex 19 18.1 5
      vertex 15.9137 23.0599 5
    endloop
  endfacet
  facet normal 0 0 1
    outer loop
      vertex 11 18.1 5
      vertex 15 23 5
      vertex 14.0863 23.0599 5
    endloop
  endfacet
  facet normal 0 0 1
    outer loop
      vertex 11 18.1 5
      vertex 14.0863 23.0599 5
      vertex 13.1883 23.2385 5
    endloop
  endfacet
  facet normal 0 0 1
    outer loop
      vertex 11 18.1 5
      vertex 13.1883 23.2385 5
      vertex 12.3212 23.5328 5
    endloop
  endfacet
  facet normal 0 0 1
    outer loop
      vertex 10.7259 18.082 5
      vertex 12.3212 23.5328 5
      vertex 11.5 23.9378 5
    endloop
  endfacet
  facet normal 0 0 1
    outer loop
      vertex 15 23 5
      vertex 11 18.1 5
      vertex 19 18.1 5
    endloop
  endfacet
  facet normal 0 0 1
    outer loop
      vertex 10.4565 18.0284 5
      vertex 11.5 23.9378 5
      vertex 10.7387 24.4465 5
    endloop
  endfacet
  facet normal 0 0 1
    outer loop
      vertex 12.3212 23.5328 5
      vertex 10.7259 18.082 5
      vertex 11 18.1 5
    endloop
  endfacet
  facet normal 0 0 1
    outer loop
      vertex 11.5 23.9378 5
      vertex 10.4565 18.0284 5
      vertex 10.7259 18.082 5
    endloop
  endfacet
  facet normal 0 0 1
    outer loop
      vertex 10.7387 24.4465 5
      vertex 10.1964 17.9401 5
      vertex 10.4565 18.0284 5
    endloop
  endfacet
  facet normal 0 0 1
    outer loop
      vertex 9.95 17.8187 5
      vertex 10.7387 24.4465 5
      vertex 10.0503 25.0503 5
    endloop
  endfacet
  facet normal 0 0 1
    outer loop
      vertex 10.7387 24.4465 5
      vertex 9.95 17.8187 5
      vertex 10.1964 17.9401 5
    endloop
  endfacet
  facet normal 0 0 1
    outer loop
      vertex 10.0503 25.0503 5
      vertex 9.7216 17.666 5
      vertex 9.95 17.8187 5
    endloop
  endfacet
  facet normal 0 0 1
    outer loop
      vertex 10.0503 25.0503 5
      vertex 9.51508 17.4849 5
      vertex 9.7216 17.666 5
    endloop
  endfacet
  facet normal 0 0 1
    outer loop
      vertex 9.44653 25.7387 5
      vertex 9.51508 17.4849 5
      vertex 10.0503 25.0503 5
    endloop
  endfacet
  facet normal 0 0 1
    outer loop
      vertex 9.44653 25.7387 5
      vertex 9.33396 17.2784 5
      vertex 9.51508 17.4849 5
    endloop
  endfacet
  facet normal 0 0 1
    outer loop
      vertex 9.44653 25.7387 5
      vertex 9.18135 17.05 5
      vertex 9.33396 17.2784 5
    endloop
  endfacet
  facet normal 0 0 1
    outer loop
      vertex 8.93782 26.5 5
      vertex 9.18135 17.05 5
      vertex 9.44653 25.7387 5
    endloop
  endfacet
  facet normal 0 0 1
    outer loop
      vertex 9.18135 17.05 5
      vertex 8.93782 26.5 5
      vertex 9.05985 16.8036 5
    endloop
  endfacet
  facet normal 0 0 1
    outer loop
      vertex 8.53284 27.3212 5
      vertex 9.05985 16.8036 5
      vertex 8.93782 26.5 5
    endloop
  endfacet
  facet normal 0 0 1
    outer loop
      vertex 9.05985 16.8036 5
      vertex 8.53284 27.3212 5
      vertex 8.97156 16.5435 5
    endloop
  endfacet
  facet normal 0 0 1
    outer loop
      vertex 8.23852 28.1883 5
      vertex 8.97156 16.5435 5
      vertex 8.53284 27.3212 5
    endloop
  endfacet
  facet normal 0 0 1
    outer loop
      vertex 0 40 5
      vertex 8.91796 16.2741 5
      vertex 8.23852 28.1883 5
    endloop
  endfacet
  facet normal 0 0 1
    outer loop
      vertex 8.97156 16.5435 5
      vertex 8.23852 28.1883 5
      vertex 8.91796 16.2741 5
    endloop
  endfacet
  facet normal 0 0 1
    outer loop
      vertex 21.9401 29.0863 5
      vertex 30 40 5
      vertex 22 30 5
    endloop
  endfacet
  facet normal 0 0 1
    outer loop
      vertex 30 40 5
      vertex 21.9401 30.9137 5
      vertex 22 30 5
    endloop
  endfacet
  facet normal 0 0 1
    outer loop
      vertex 30 40 5
      vertex 21.7615 31.8117 5
      vertex 21.9401 30.9137 5
    endloop
  endfacet
  facet normal 0 0 1
    outer loop
      vertex 30 40 5
      vertex 21.4672 32.6788 5
      vertex 21.7615 31.8117 5
    endloop
  endfacet
  facet normal 0 0 1
    outer loop
      vertex 30 40 5
      vertex 21.0622 33.5 5
      vertex 21.4672 32.6788 5
    endloop
  endfacet
  facet normal 0 0 1
    outer loop
      vertex 30 40 5
      vertex 20.5535 34.2613 5
      vertex 21.0622 33.5 5
    endloop
  endfacet
  facet normal 0 0 1
    outer loop
      vertex 30 40 5
      vertex 19.9497 34.9497 5
      vertex 20.5535 34.2613 5
    endloop
  endfacet
  facet normal 0 0 1
    outer loop
      vertex 30 40 5
      vertex 19.2613 35.5535 5
      vertex 19.9497 34.9497 5
    endloop
  endfacet
  facet normal 0 0 1
    outer loop
      vertex 30 40 5
      vertex 18.5 36.0622 5
      vertex 19.2613 35.5535 5
    endloop
  endfacet
  facet normal 0 0 1
    outer loop
      vertex 30 40 5
      vertex 17.6788 36.4672 5
      vertex 18.5 36.0622 5
    endloop
  endfacet
  facet normal 0 0 1
    outer loop
      vertex 30 40 5
      vertex 16.8117 36.7615 5
      vertex 17.6788 36.4672 5
    endloop
  endfacet
  facet normal 0 0 1
    outer loop
      vertex 30 40 5
      vertex 15.9137 36.9401 5
      vertex 16.8117 36.7615 5
    endloop
  endfacet
  facet normal 0 0 1
    outer loop
      vertex 30 40 5
      vertex 15 37 5
      vertex 15.9137 36.9401 5
    endloop
  endfacet
  facet normal -0 0 1
    outer loop
      vertex 0 40 5
      vertex 15 37 5
      vertex 30 40 5
    endloop
  endfacet
  facet normal 0 0 1
    outer loop
      vertex 8.05989 30.9137 5
      vertex 0 40 5
      vertex 8 30 5
    endloop
  endfacet
  facet normal 0 0 1
    outer loop
      vertex 8.23852 31.8117 5
      vertex 0 40 5
      vertex 8.05989 30.9137 5
    endloop
  endfacet
  facet normal 0 0 1
    outer loop
      vertex 8.53284 32.6788 5
      vertex 0 40 5
      vertex 8.23852 31.8117 5
    endloop
  endfacet
  facet normal 0 0 1
    outer loop
      vertex 8.93782 33.5 5
      vertex 0 40 5
      vertex 8.53284 32.6788 5
    endloop
  endfacet
  facet normal 0 0 1
    outer loop
      vertex 9.44653 34.2613 5
      vertex 0 40 5
      vertex 8.93782 33.5 5
    endloop
  endfacet
  facet normal 0 0 1
    outer loop
      vertex 10.0503 34.9497 5
      vertex 0 40 5
      vertex 9.44653 34.2613 5
    endloop
  endfacet
  facet normal 0 0 1
    outer loop
      vertex 10.7387 35.5535 5
      vertex 0 40 5
      vertex 10.0503 34.9497 5
    endloop
  endfacet
  facet normal 0 0 1
    outer loop
      vertex 11.5 36.0622 5
      vertex 0 40 5
      vertex 10.7387 35.5535 5
    endloop
  endfacet
  facet normal 0 0 1
    outer loop
      vertex 12.3212 36.4672 5
      vertex 0 40 5
      vertex 11.5 36.0622 5
    endloop
  endfacet
  facet normal 0 0 1
    outer loop
      vertex 13.1883 36.7615 5
      vertex 0 40 5
      vertex 12.3212 36.4672 5
    endloop
  endfacet
  facet normal 0 0 1
    outer loop
      vertex 14.0863 36.9401 5
      vertex 0 40 5
      vertex 13.1883 36.7615 5
    endloop
  endfacet
  facet normal 0 0 1
    outer loop
      vertex 15 37 5
      vertex 0 40 5
      vertex 14.0863 36.9401 5
    endloop
  endfacet
  facet normal 0 0 1
    outer loop
      vertex 21.7615 28.1883 5
      vertex 30 40 5
      vertex 21.9401 29.0863 5
    endloop
  endfacet
  facet normal 0 0 1
    outer loop
      vertex 21.082 16.2741 5
      vertex 30 40 5
      vertex 21.7615 28.1883 5
    endloop
  endfacet
  facet normal 0 0 1
    outer loop
      vertex 21.0284 16.5435 5
      vertex 21.7615 28.1883 5
      vertex 21.4672 27.3212 5
    endloop
  endfacet
  facet normal -0 0 1
    outer loop
      vertex 21.082 16.2741 5
      vertex 30 0 5
      vertex 30 40 5
    endloop
  endfacet
  facet normal -0 0 1
    outer loop
      vertex 21.082 15.7259 5
      vertex 30 0 5
      vertex 21.1 16 5
    endloop
  endfacet
  facet normal -0 0 1
    outer loop
      vertex 21.082 5.72589 5
      vertex 30 0 5
      vertex 21.1 6 5
    endloop
  endfacet
  facet normal -0 0 1
    outer loop
      vertex 21.0284 5.45648 5
      vertex 30 0 5
      vertex 21.082 5.72589 5
    endloop
  endfacet
  facet normal -0 0 1
    outer loop
      vertex 20.9401 5.19636 5
      vertex 30 0 5
      vertex 21.0284 5.45648 5
    endloop
  endfacet
  facet normal -0 0 1
    outer loop
      vertex 20.8187 4.95 5
      vertex 30 0 5
      vertex 20.9401 5.19636 5
    endloop
  endfacet
  facet normal -0 0 1
    outer loop
      vertex 20.666 4.7216 5
      vertex 30 0 5
      vertex 20.8187 4.95 5
    endloop
  endfacet
  facet normal -0 0 1
    outer loop
      vertex 20.4849 4.51508 5
      vertex 30 0 5
      vertex 20.666 4.7216 5
    endloop
  endfacet
  facet normal -0 0 1
    outer loop
      vertex 20.2784 4.33396 5
      vertex 30 0 5
      vertex 20.4849 4.51508 5
    endloop
  endfacet
  facet normal -0 0 1
    outer loop
      vertex 20.05 4.18135 5
      vertex 30 0 5
      vertex 20.2784 4.33396 5
    endloop
  endfacet
  facet normal -0 0 1
    outer loop
      vertex 19.8036 4.05985 5
      vertex 30 0 5
      vertex 20.05 4.18135 5
    endloop
  endfacet
  facet normal -0 0 1
    outer loop
      vertex 19.5435 3.97156 5
      vertex 30 0 5
      vertex 19.8036 4.05985 5
    endloop
  endfacet
  facet normal -0 0 1
    outer loop
      vertex 19.2741 3.91796 5
      vertex 30 0 5
      vertex 19.5435 3.97156 5
    endloop
  endfacet
  facet normal -0 0 1
    outer loop
      vertex 19 3.9 5
      vertex 30 0 5
      vertex 19.2741 3.91796 5
    endloop
  endfacet
  facet normal -0 0 1
    outer loop
      vertex 11 3.9 5
      vertex 30 0 5
      vertex 19 3.9 5
    endloop
  endfacet
  facet normal 0 0 1
    outer loop
      vertex 0 0 5
      vertex 11 3.9 5
      vertex 10.7259 3.91796 5
    endloop
  endfacet
  facet normal 0 0 1
    outer loop
      vertex 0 0 5
      vertex 10.7259 3.91796 5
      vertex 10.4565 3.97156 5
    endloop
  endfacet
  facet normal 0 0 1
    outer loop
      vertex 0 0 5
      vertex 8.91796 16.2741 5
      vertex 0 40 5
    endloop
  endfacet
  facet normal 0 0 1
    outer loop
      vertex 0 40 5
      vertex 8.23852 28.1883 5
      vertex 8.05989 29.0863 5
    endloop
  endfacet
  facet normal 0 0 1
    outer loop
      vertex 0 40 5
      vertex 8.05989 29.0863 5
      vertex 8 30 5
    endloop
  endfacet
  facet normal 0 0 1
    outer loop
      vertex 8.91796 16.2741 5
      vertex 0 0 5
      vertex 8.9 16 5
    endloop
  endfacet
  facet normal 0 0 1
    outer loop
      vertex 8.91796 6.2741 5
      vertex 0 0 5
      vertex 8.9 6 5
    endloop
  endfacet
  facet normal 0 0 1
    outer loop
      vertex 8.9 6 5
      vertex 0 0 5
      vertex 8.91796 5.72589 5
    endloop
  endfacet
  facet normal 0 0 1
    outer loop
      vertex 11 3.9 5
      vertex 0 0 5
      vertex 30 0 5
    endloop
  endfacet
  facet normal 0 0 1
    outer loop
      vertex 10.1964 4.05985 5
      vertex 0 0 5
      vertex 10.4565 3.97156 5
    endloop
  endfacet
  facet normal 0 0 1
    outer loop
      vertex 9.95 4.18135 5
      vertex 0 0 5
      vertex 10.1964 4.05985 5
    endloop
  endfacet
  facet normal 0 0 1
    outer loop
      vertex 9.7216 4.33396 5
      vertex 0 0 5
      vertex 9.95 4.18135 5
    endloop
  endfacet
  facet normal 0 0 1
    outer loop
      vertex 9.51508 4.51508 5
      vertex 0 0 5
      vertex 9.7216 4.33396 5
    endloop
  endfacet
  facet normal 0 0 1
    outer loop
      vertex 9.33396 4.7216 5
      vertex 0 0 5
      vertex 9.51508 4.51508 5
    endloop
  endfacet
  facet normal 0 0 1
    outer loop
      vertex 9.18135 4.95 5
      vertex 0 0 5
      vertex 9.33396 4.7216 5
    endloop
  endfacet
  facet normal 0 0 1
    outer loop
      vertex 9.05985 5.19636 5
      vertex 0 0 5
      vertex 9.18135 4.95 5
    endloop
  endfacet
  facet normal 0 0 1
    outer loop
      vertex 8.97156 5.45648 5
      vertex 0 0 5
      vertex 9.05985 5.19636 5
    endloop
  endfacet
  facet normal 0 0 1
    outer loop
      vertex 8.91796 5.72589 5
      vertex 0 0 5
      vertex 8.97156 5.45648 5
    endloop
  endfacet
  facet normal 1 -0 0
    outer loop
      vertex 30 0 5
      vertex 30 40 0
      vertex 30 40 5
    endloop
  endfacet
  facet normal 1 0 0
    outer loop
      vertex 30 40 0
      vertex 30 0 5
      vertex 30 0 0
    endloop
  endfacet
  facet normal 0 0 -1
    outer loop
      vertex 30 40 0
      vertex 17.6273 29.6541 0
      vertex 17.65 30 0
    endloop
  endfacet
  facet normal 0 0 -1
    outer loop
      vertex 19.2741 18.082 0
      vertex 17.5597 29.3141 0
      vertex 17.6273 29.6541 0
    endloop
  endfacet
  facet normal 0 0 -1
    outer loop
      vertex 19.2741 18.082 0
      vertex 17.4483 28.9859 0
      vertex 17.5597 29.3141 0
    endloop
  endfacet
  facet normal 0 0 -1
    outer loop
      vertex 19.2741 18.082 0
      vertex 17.295 28.675 0
      vertex 17.4483 28.9859 0
    endloop
  endfacet
  facet normal 0 0 -1
    outer loop
      vertex 19.2741 18.082 0
      vertex 17.1024 28.3868 0
      vertex 17.295 28.675 0
    endloop
  endfacet
  facet normal 0 0 -1
    outer loop
      vertex 19.2741 18.082 0
      vertex 16.8738 28.1262 0
      vertex 17.1024 28.3868 0
    endloop
  endfacet
  facet normal 0 0 -1
    outer loop
      vertex 19.2741 18.082 0
      vertex 16.6132 27.8976 0
      vertex 16.8738 28.1262 0
    endloop
  endfacet
  facet normal 0 0 -1
    outer loop
      vertex 19 18.1 0
      vertex 16.325 27.705 0
      vertex 16.6132 27.8976 0
    endloop
  endfacet
  facet normal 0 0 -1
    outer loop
      vertex 19 18.1 0
      vertex 16.0141 27.5517 0
      vertex 16.325 27.705 0
    endloop
  endfacet
  facet normal 0 0 -1
    outer loop
      vertex 19 18.1 0
      vertex 15.6859 27.4403 0
      vertex 16.0141 27.5517 0
    endloop
  endfacet
  facet normal 0 0 -1
    outer loop
      vertex 19 18.1 0
      vertex 15.3459 27.3727 0
      vertex 15.6859 27.4403 0
    endloop
  endfacet
  facet normal 0 0 -1
    outer loop
      vertex 19 18.1 0
      vertex 15 27.35 0
      vertex 15.3459 27.3727 0
    endloop
  endfacet
  facet normal 0 0 -1
    outer loop
      vertex 11 18.1 0
      vertex 15 27.35 0
      vertex 19 18.1 0
    endloop
  endfacet
  facet normal -0 0 -1
    outer loop
      vertex 15 27.35 0
      vertex 11 18.1 0
      vertex 14.6541 27.3727 0
    endloop
  endfacet
  facet normal -0 0 -1
    outer loop
      vertex 14.6541 27.3727 0
      vertex 11 18.1 0
      vertex 14.3141 27.4403 0
    endloop
  endfacet
  facet normal -0 0 -1
    outer loop
      vertex 14.3141 27.4403 0
      vertex 11 18.1 0
      vertex 13.9859 27.5517 0
    endloop
  endfacet
  facet normal -0 0 -1
    outer loop
      vertex 13.9859 27.5517 0
      vertex 11 18.1 0
      vertex 13.675 27.705 0
    endloop
  endfacet
  facet normal -0 0 -1
    outer loop
      vertex 13.675 27.705 0
      vertex 11 18.1 0
      vertex 13.3868 27.8976 0
    endloop
  endfacet
  facet normal 0 0 -1
    outer loop
      vertex 10.7259 18.082 0
      vertex 13.3868 27.8976 0
      vertex 11 18.1 0
    endloop
  endfacet
  facet normal -0 0 -1
    outer loop
      vertex 13.3868 27.8976 0
      vertex 10.7259 18.082 0
      vertex 13.1262 28.1262 0
    endloop
  endfacet
  facet normal -0 0 -1
    outer loop
      vertex 12.8976 28.3868 0
      vertex 9.95 17.8187 0
      vertex 12.705 28.675 0
    endloop
  endfacet
  facet normal 0 0 -1
    outer loop
      vertex 9.95 17.8187 0
      vertex 12.8976 28.3868 0
      vertex 10.1964 17.9401 0
    endloop
  endfacet
  facet normal -0 0 -1
    outer loop
      vertex 13.1262 28.1262 0
      vertex 10.1964 17.9401 0
      vertex 12.8976 28.3868 0
    endloop
  endfacet
  facet normal 0 0 -1
    outer loop
      vertex 10.1964 17.9401 0
      vertex 13.1262 28.1262 0
      vertex 10.4565 18.0284 0
    endloop
  endfacet
  facet normal 0 0 -1
    outer loop
      vertex 10.4565 18.0284 0
      vertex 13.1262 28.1262 0
      vertex 10.7259 18.082 0
    endloop
  endfacet
  facet normal 0 0 -1
    outer loop
      vertex 21.0284 6.54352 0
      vertex 30 0 0
      vertex 21.082 6.2741 0
    endloop
  endfacet
  facet normal 0 0 -1
    outer loop
      vertex 30 0 0
      vertex 21.082 15.7259 0
      vertex 21.1 16 0
    endloop
  endfacet
  facet normal 0 0 -1
    outer loop
      vertex 20.9401 6.80363 0
      vertex 30 0 0
      vertex 21.0284 6.54352 0
    endloop
  endfacet
  facet normal 0 0 -1
    outer loop
      vertex 30 0 0
      vertex 21.0284 15.4565 0
      vertex 21.082 15.7259 0
    endloop
  endfacet
  facet normal 0 0 -1
    outer loop
      vertex 20.9401 15.1964 0
      vertex 30 0 0
      vertex 20.9401 6.80363 0
    endloop
  endfacet
  facet normal 0 0 -1
    outer loop
      vertex 30 0 0
      vertex 20.9401 15.1964 0
      vertex 21.0284 15.4565 0
    endloop
  endfacet
  facet normal 0 0 -1
    outer loop
      vertex 20.8187 7.05 0
      vertex 20.9401 15.1964 0
      vertex 20.9401 6.80363 0
    endloop
  endfacet
  facet normal 0 0 -1
    outer loop
      vertex 20.8187 7.05 0
      vertex 20.8187 14.95 0
      vertex 20.9401 15.1964 0
    endloop
  endfacet
  facet normal 0 0 -1
    outer loop
      vertex 20.666 7.2784 0
      vertex 20.8187 14.95 0
      vertex 20.8187 7.05 0
    endloop
  endfacet
  facet normal 0 0 -1
    outer loop
      vertex 20.666 7.2784 0
      vertex 20.666 14.7216 0
      vertex 20.8187 14.95 0
    endloop
  endfacet
  facet normal 0 0 -1
    outer loop
      vertex 20.4849 7.48492 0
      vertex 20.666 14.7216 0
      vertex 20.666 7.2784 0
    endloop
  endfacet
  facet normal 0 0 -1
    outer loop
      vertex 20.4849 7.48492 0
      vertex 20.4849 14.5151 0
      vertex 20.666 14.7216 0
    endloop
  endfacet
  facet normal 0 0 -1
    outer loop
      vertex 20.2784 7.66604 0
      vertex 20.4849 14.5151 0
      vertex 20.4849 7.48492 0
    endloop
  endfacet
  facet normal 0 0 -1
    outer loop
      vertex 20.2784 7.66604 0
      vertex 20.2784 14.334 0
      vertex 20.4849 14.5151 0
    endloop
  endfacet
  facet normal 0 0 -1
    outer loop
      vertex 20.05 7.81865 0
      vertex 20.2784 14.334 0
      vertex 20.2784 7.66604 0
    endloop
  endfacet
  facet normal 0 0 -1
    outer loop
      vertex 20.05 7.81865 0
      vertex 20.05 14.1813 0
      vertex 20.2784 14.334 0
    endloop
  endfacet
  facet normal 0 0 -1
    outer loop
      vertex 19.8036 7.94015 0
      vertex 20.05 14.1813 0
      vertex 20.05 7.81865 0
    endloop
  endfacet
  facet normal 0 0 -1
    outer loop
      vertex 19.8036 7.94015 0
      vertex 19.8036 14.0599 0
      vertex 20.05 14.1813 0
    endloop
  endfacet
  facet normal 0 0 -1
    outer loop
      vertex 19.5435 8.02844 0
      vertex 19.8036 14.0599 0
      vertex 19.8036 7.94015 0
    endloop
  endfacet
  facet normal 0 0 -1
    outer loop
      vertex 19.5435 8.02844 0
      vertex 19.5435 13.9716 0
      vertex 19.8036 14.0599 0
    endloop
  endfacet
  facet normal 0 0 -1
    outer loop
      vertex 19.2741 8.08203 0
      vertex 19.5435 13.9716 0
      vertex 19.5435 8.02844 0
    endloop
  endfacet
  facet normal 0 0 -1
    outer loop
      vertex 19.2741 8.08203 0
      vertex 19.2741 13.918 0
      vertex 19.5435 13.9716 0
    endloop
  endfacet
  facet normal 0 0 -1
    outer loop
      vertex 19 8.1 0
      vertex 19.2741 13.918 0
      vertex 19.2741 8.08203 0
    endloop
  endfacet
  facet normal 0 0 -1
    outer loop
      vertex 19 8.1 0
      vertex 19 13.9 0
      vertex 19.2741 13.918 0
    endloop
  endfacet
  facet normal 0 0 -1
    outer loop
      vertex 11 8.1 0
      vertex 19 13.9 0
      vertex 19 8.1 0
    endloop
  endfacet
  facet normal 0 0 -1
    outer loop
      vertex 11 8.1 0
      vertex 11 13.9 0
      vertex 19 13.9 0
    endloop
  endfacet
  facet normal 0 0 -1
    outer loop
      vertex 10.7259 8.08203 0
      vertex 11 13.9 0
      vertex 11 8.1 0
    endloop
  endfacet
  facet normal 0 0 -1
    outer loop
      vertex 10.7259 8.08203 0
      vertex 10.7259 13.918 0
      vertex 11 13.9 0
    endloop
  endfacet
  facet normal 0 0 -1
    outer loop
      vertex 10.4565 8.02844 0
      vertex 10.7259 13.918 0
      vertex 10.7259 8.08203 0
    endloop
  endfacet
  facet normal 0 0 -1
    outer loop
      vertex 10.4565 8.02844 0
      vertex 10.4565 13.9716 0
      vertex 10.7259 13.918 0
    endloop
  endfacet
  facet normal 0 0 -1
    outer loop
      vertex 10.1964 7.94015 0
      vertex 10.4565 13.9716 0
      vertex 10.4565 8.02844 0
    endloop
  endfacet
  facet normal 0 0 -1
    outer loop
      vertex 10.1964 7.94015 0
      vertex 10.1964 14.0599 0
      vertex 10.4565 13.9716 0
    endloop
  endfacet
  facet normal 0 0 -1
    outer loop
      vertex 9.95 7.81865 0
      vertex 10.1964 14.0599 0
      vertex 10.1964 7.94015 0
    endloop
  endfacet
  facet normal 0 0 -1
    outer loop
      vertex 9.95 7.81865 0
      vertex 9.95 14.1813 0
      vertex 10.1964 14.0599 0
    endloop
  endfacet
  facet normal 0 0 -1
    outer loop
      vertex 9.7216 7.66604 0
      vertex 9.95 14.1813 0
      vertex 9.95 7.81865 0
    endloop
  endfacet
  facet normal 0 0 -1
    outer loop
      vertex 9.7216 7.66604 0
      vertex 9.7216 14.334 0
      vertex 9.95 14.1813 0
    endloop
  endfacet
  facet normal 0 0 -1
    outer loop
      vertex 9.51508 7.48492 0
      vertex 9.7216 14.334 0
      vertex 9.7216 7.66604 0
    endloop
  endfacet
  facet normal 0 0 -1
    outer loop
      vertex 9.51508 7.48492 0
      vertex 9.51508 14.5151 0
      vertex 9.7216 14.334 0
    endloop
  endfacet
  facet normal 0 0 -1
    outer loop
      vertex 9.33396 7.2784 0
      vertex 9.51508 14.5151 0
      vertex 9.51508 7.48492 0
    endloop
  endfacet
  facet normal 0 0 -1
    outer loop
      vertex 9.33396 7.2784 0
      vertex 9.33396 14.7216 0
      vertex 9.51508 14.5151 0
    endloop
  endfacet
  facet normal 0 0 -1
    outer loop
      vertex 9.18135 7.05 0
      vertex 9.33396 14.7216 0
      vertex 9.33396 7.2784 0
    endloop
  endfacet
  facet normal 0 0 -1
    outer loop
      vertex 9.18135 7.05 0
      vertex 9.18135 14.95 0
      vertex 9.33396 14.7216 0
    endloop
  endfacet
  facet normal 0 0 -1
    outer loop
      vertex 9.05985 6.80363 0
      vertex 9.18135 14.95 0
      vertex 9.18135 7.05 0
    endloop
  endfacet
  facet normal 0 0 -1
    outer loop
      vertex 9.05985 6.80363 0
      vertex 9.05985 15.1964 0
      vertex 9.18135 14.95 0
    endloop
  endfacet
  facet normal 0 0 -1
    outer loop
      vertex 0 0 0
      vertex 9.05985 6.80363 0
      vertex 8.97156 6.54352 0
    endloop
  endfacet
  facet normal -0 0 -1
    outer loop
      vertex 9.05985 6.80363 0
      vertex 0 0 0
      vertex 9.05985 15.1964 0
    endloop
  endfacet
  facet normal 0 0 -1
    outer loop
      vertex 0 0 0
      vertex 8.97156 6.54352 0
      vertex 8.91796 6.2741 0
    endloop
  endfacet
  facet normal -0 0 -1
    outer loop
      vertex 9.05985 15.1964 0
      vertex 0 0 0
      vertex 8.97156 15.4565 0
    endloop
  endfacet
  facet normal 0 0 -1
    outer loop
      vertex 0 0 0
      vertex 8.91796 6.2741 0
      vertex 8.9 6 0
    endloop
  endfacet
  facet normal -0 0 -1
    outer loop
      vertex 8.97156 15.4565 0
      vertex 0 0 0
      vertex 8.91796 15.7259 0
    endloop
  endfacet
  facet normal 0 0 -1
    outer loop
      vertex 21.082 6.2741 0
      vertex 30 0 0
      vertex 21.1 6 0
    endloop
  endfacet
  facet normal 0 0 -1
    outer loop
      vertex 30 0 0
      vertex 21.082 5.72589 0
      vertex 21.1 6 0
    endloop
  endfacet
  facet normal 0 0 -1
    outer loop
      vertex 30 0 0
      vertex 21.0284 5.45648 0
      vertex 21.082 5.72589 0
    endloop
  endfacet
  facet normal 0 0 -1
    outer loop
      vertex 30 0 0
      vertex 20.9401 5.19636 0
      vertex 21.0284 5.45648 0
    endloop
  endfacet
  facet normal 0 0 -1
    outer loop
      vertex 30 0 0
      vertex 20.8187 4.95 0
      vertex 20.9401 5.19636 0
    endloop
  endfacet
  facet normal 0 0 -1
    outer loop
      vertex 30 0 0
      vertex 20.666 4.7216 0
      vertex 20.8187 4.95 0
    endloop
  endfacet
  facet normal 0 0 -1
    outer loop
      vertex 30 0 0
      vertex 20.4849 4.51508 0
      vertex 20.666 4.7216 0
    endloop
  endfacet
  facet normal 0 0 -1
    outer loop
      vertex 30 0 0
      vertex 20.2784 4.33396 0
      vertex 20.4849 4.51508 0
    endloop
  endfacet
  facet normal 0 0 -1
    outer loop
      vertex 30 0 0
      vertex 20.05 4.18135 0
      vertex 20.2784 4.33396 0
    endloop
  endfacet
  facet normal 0 0 -1
    outer loop
      vertex 30 0 0
      vertex 19.8036 4.05985 0
      vertex 20.05 4.18135 0
    endloop
  endfacet
  facet normal 0 0 -1
    outer loop
      vertex 30 0 0
      vertex 19.5435 3.97156 0
      vertex 19.8036 4.05985 0
    endloop
  endfacet
  facet normal 0 0 -1
    outer loop
      vertex 30 0 0
      vertex 19.2741 3.91796 0
      vertex 19.5435 3.97156 0
    endloop
  endfacet
  facet normal 0 0 -1
    outer loop
      vertex 30 0 0
      vertex 19 3.9 0
      vertex 19.2741 3.91796 0
    endloop
  endfacet
  facet normal 0 0 -1
    outer loop
      vertex 30 0 0
      vertex 11 3.9 0
      vertex 19 3.9 0
    endloop
  endfacet
  facet normal 0 0 -1
    outer loop
      vertex 0 0 0
      vertex 11 3.9 0
      vertex 30 0 0
    endloop
  endfacet
  facet normal -0 0 -1
    outer loop
      vertex 11 3.9 0
      vertex 0 0 0
      vertex 10.7259 3.91796 0
    endloop
  endfacet
  facet normal -0 0 -1
    outer loop
      vertex 8.91796 15.7259 0
      vertex 0 0 0
      vertex 8.9 16 0
    endloop
  endfacet
  facet normal -0 0 -1
    outer loop
      vertex 8.91796 5.72589 0
      vertex 0 0 0
      vertex 8.9 6 0
    endloop
  endfacet
  facet normal -0 0 -1
    outer loop
      vertex 8.97156 5.45648 0
      vertex 0 0 0
      vertex 8.91796 5.72589 0
    endloop
  endfacet
  facet normal -0 0 -1
    outer loop
      vertex 9.05985 5.19636 0
      vertex 0 0 0
      vertex 8.97156 5.45648 0
    endloop
  endfacet
  facet normal -0 0 -1
    outer loop
      vertex 9.18135 4.95 0
      vertex 0 0 0
      vertex 9.05985 5.19636 0
    endloop
  endfacet
  facet normal -0 0 -1
    outer loop
      vertex 9.33396 4.7216 0
      vertex 0 0 0
      vertex 9.18135 4.95 0
    endloop
  endfacet
  facet normal -0 0 -1
    outer loop
      vertex 9.51508 4.51508 0
      vertex 0 0 0
      vertex 9.33396 4.7216 0
    endloop
  endfacet
  facet normal -0 0 -1
    outer loop
      vertex 9.7216 4.33396 0
      vertex 0 0 0
      vertex 9.51508 4.51508 0
    endloop
  endfacet
  facet normal -0 0 -1
    outer loop
      vertex 9.95 4.18135 0
      vertex 0 0 0
      vertex 9.7216 4.33396 0
    endloop
  endfacet
  facet normal -0 0 -1
    outer loop
      vertex 10.1964 4.05985 0
      vertex 0 0 0
      vertex 9.95 4.18135 0
    endloop
  endfacet
  facet normal -0 0 -1
    outer loop
      vertex 10.4565 3.97156 0
      vertex 0 0 0
      vertex 10.1964 4.05985 0
    endloop
  endfacet
  facet normal -0 0 -1
    outer loop
      vertex 10.7259 3.91796 0
      vertex 0 0 0
      vertex 10.4565 3.97156 0
    endloop
  endfacet
  facet normal 0 0 -1
    outer loop
      vertex 21.082 16.2741 0
      vertex 30 0 0
      vertex 21.1 16 0
    endloop
  endfacet
  facet normal 0 0 -1
    outer loop
      vertex 30 0 0
      vertex 21.082 16.2741 0
      vertex 30 40 0
    endloop
  endfacet
  facet normal 0 0 -1
    outer loop
      vertex 21.0284 16.5435 0
      vertex 30 40 0
      vertex 21.082 16.2741 0
    endloop
  endfacet
  facet normal 0 0 -1
    outer loop
      vertex 20.9401 16.8036 0
      vertex 30 40 0
      vertex 21.0284 16.5435 0
    endloop
  endfacet
  facet normal 0 0 -1
    outer loop
      vertex 20.8187 17.05 0
      vertex 30 40 0
      vertex 20.9401 16.8036 0
    endloop
  endfacet
  facet normal 0 0 -1
    outer loop
      vertex 20.666 17.2784 0
      vertex 30 40 0
      vertex 20.8187 17.05 0
    endloop
  endfacet
  facet normal 0 0 -1
    outer loop
      vertex 20.4849 17.4849 0
      vertex 30 40 0
      vertex 20.666 17.2784 0
    endloop
  endfacet
  facet normal 0 0 -1
    outer loop
      vertex 17.6273 29.6541 0
      vertex 20.4849 17.4849 0
      vertex 20.2784 17.666 0
    endloop
  endfacet
  facet normal 0 0 -1
    outer loop
      vertex 17.6273 29.6541 0
      vertex 20.2784 17.666 0
      vertex 20.05 17.8187 0
    endloop
  endfacet
  facet normal 0 0 -1
    outer loop
      vertex 17.6273 29.6541 0
      vertex 20.05 17.8187 0
      vertex 19.8036 17.9401 0
    endloop
  endfacet
  facet normal 0 0 -1
    outer loop
      vertex 17.6273 29.6541 0
      vertex 19.8036 17.9401 0
      vertex 19.5435 18.0284 0
    endloop
  endfacet
  facet normal 0 0 -1
    outer loop
      vertex 17.6273 29.6541 0
      vertex 19.5435 18.0284 0
      vertex 19.2741 18.082 0
    endloop
  endfacet
  facet normal 0 0 -1
    outer loop
      vertex 16.6132 27.8976 0
      vertex 19.2741 18.082 0
      vertex 19 18.1 0
    endloop
  endfacet
  facet normal 0 0 -1
    outer loop
      vertex 17.6273 29.6541 0
      vertex 30 40 0
      vertex 20.4849 17.4849 0
    endloop
  endfacet
  facet normal 0 0 -1
    outer loop
      vertex 17.6273 30.3459 0
      vertex 30 40 0
      vertex 17.65 30 0
    endloop
  endfacet
  facet normal 0 0 -1
    outer loop
      vertex 17.5597 30.6859 0
      vertex 30 40 0
      vertex 17.6273 30.3459 0
    endloop
  endfacet
  facet normal 0 0 -1
    outer loop
      vertex 17.4483 31.0141 0
      vertex 30 40 0
      vertex 17.5597 30.6859 0
    endloop
  endfacet
  facet normal 0 0 -1
    outer loop
      vertex 17.295 31.325 0
      vertex 30 40 0
      vertex 17.4483 31.0141 0
    endloop
  endfacet
  facet normal 0 0 -1
    outer loop
      vertex 17.1024 31.6132 0
      vertex 30 40 0
      vertex 17.295 31.325 0
    endloop
  endfacet
  facet normal 0 0 -1
    outer loop
      vertex 16.8738 31.8738 0
      vertex 30 40 0
      vertex 17.1024 31.6132 0
    endloop
  endfacet
  facet normal 0 0 -1
    outer loop
      vertex 16.6132 32.1024 0
      vertex 30 40 0
      vertex 16.8738 31.8738 0
    endloop
  endfacet
  facet normal 0 0 -1
    outer loop
      vertex 16.325 32.295 0
      vertex 30 40 0
      vertex 16.6132 32.1024 0
    endloop
  endfacet
  facet normal 0 0 -1
    outer loop
      vertex 16.0141 32.4483 0
      vertex 30 40 0
      vertex 16.325 32.295 0
    endloop
  endfacet
  facet normal 0 0 -1
    outer loop
      vertex 15.6859 32.5597 0
      vertex 30 40 0
      vertex 16.0141 32.4483 0
    endloop
  endfacet
  facet normal 0 0 -1
    outer loop
      vertex 15.3459 32.6273 0
      vertex 30 40 0
      vertex 15.6859 32.5597 0
    endloop
  endfacet
  facet normal 0 0 -1
    outer loop
      vertex 15 32.65 0
      vertex 30 40 0
      vertex 15.3459 32.6273 0
    endloop
  endfacet
  facet normal 0 0 -1
    outer loop
      vertex 0 40 0
      vertex 15 32.65 0
      vertex 14.6541 32.6273 0
    endloop
  endfacet
  facet normal 0 0 -1
    outer loop
      vertex 0 40 0
      vertex 14.6541 32.6273 0
      vertex 14.3141 32.5597 0
    endloop
  endfacet
  facet normal 0 0 -1
    outer loop
      vertex 0 40 0
      vertex 14.3141 32.5597 0
      vertex 13.9859 32.4483 0
    endloop
  endfacet
  facet normal 0 0 -1
    outer loop
      vertex 9.7216 17.666 0
      vertex 12.705 28.675 0
      vertex 9.95 17.8187 0
    endloop
  endfacet
  facet normal -0 0 -1
    outer loop
      vertex 12.705 28.675 0
      vertex 9.7216 17.666 0
      vertex 12.5517 28.9859 0
    endloop
  endfacet
  facet normal 0 0 -1
    outer loop
      vertex 9.51508 17.4849 0
      vertex 12.5517 28.9859 0
      vertex 9.7216 17.666 0
    endloop
  endfacet
  facet normal -0 0 -1
    outer loop
      vertex 12.5517 28.9859 0
      vertex 9.51508 17.4849 0
      vertex 12.4403 29.3141 0
    endloop
  endfacet
  facet normal 0 0 -1
    outer loop
      vertex 0 40 0
      vertex 12.4403 29.3141 0
      vertex 9.51508 17.4849 0
    endloop
  endfacet
  facet normal 0 0 -1
    outer loop
      vertex 12.4403 29.3141 0
      vertex 0 40 0
      vertex 12.3727 29.6541 0
    endloop
  endfacet
  facet normal 0 0 -1
    outer loop
      vertex 12.3727 29.6541 0
      vertex 0 40 0
      vertex 12.35 30 0
    endloop
  endfacet
  facet normal 0 0 -1
    outer loop
      vertex 12.35 30 0
      vertex 0 40 0
      vertex 12.3727 30.3459 0
    endloop
  endfacet
  facet normal 0 0 -1
    outer loop
      vertex 0 40 0
      vertex 9.51508 17.4849 0
      vertex 9.33396 17.2784 0
    endloop
  endfacet
  facet normal 0 0 -1
    outer loop
      vertex 0 40 0
      vertex 9.33396 17.2784 0
      vertex 9.18135 17.05 0
    endloop
  endfacet
  facet normal 0 0 -1
    outer loop
      vertex 0 40 0
      vertex 9.18135 17.05 0
      vertex 9.05985 16.8036 0
    endloop
  endfacet
  facet normal 0 0 -1
    outer loop
      vertex 0 40 0
      vertex 9.05985 16.8036 0
      vertex 8.97156 16.5435 0
    endloop
  endfacet
  facet normal 0 0 -1
    outer loop
      vertex 0 0 0
      vertex 8.91796 16.2741 0
      vertex 8.9 16 0
    endloop
  endfacet
  facet normal 0 0 -1
    outer loop
      vertex 0 40 0
      vertex 8.91796 16.2741 0
      vertex 0 0 0
    endloop
  endfacet
  facet normal 0 0 -1
    outer loop
      vertex 8.91796 16.2741 0
      vertex 0 40 0
      vertex 8.97156 16.5435 0
    endloop
  endfacet
  facet normal 0 0 -1
    outer loop
      vertex 12.3727 30.3459 0
      vertex 0 40 0
      vertex 12.4403 30.6859 0
    endloop
  endfacet
  facet normal 0 0 -1
    outer loop
      vertex 15 32.65 0
      vertex 0 40 0
      vertex 30 40 0
    endloop
  endfacet
  facet normal 0 0 -1
    outer loop
      vertex 13.675 32.295 0
      vertex 0 40 0
      vertex 13.9859 32.4483 0
    endloop
  endfacet
  facet normal 0 0 -1
    outer loop
      vertex 13.3868 32.1024 0
      vertex 0 40 0
      vertex 13.675 32.295 0
    endloop
  endfacet
  facet normal 0 0 -1
    outer loop
      vertex 13.1262 31.8738 0
      vertex 0 40 0
      vertex 13.3868 32.1024 0
    endloop
  endfacet
  facet normal 0 0 -1
    outer loop
      vertex 12.8976 31.6132 0
      vertex 0 40 0
      vertex 13.1262 31.8738 0
    endloop
  endfacet
  facet normal 0 0 -1
    outer loop
      vertex 12.705 31.325 0
      vertex 0 40 0
      vertex 12.8976 31.6132 0
    endloop
  endfacet
  facet normal 0 0 -1
    outer loop
      vertex 12.5517 31.0141 0
      vertex 0 40 0
      vertex 12.705 31.325 0
    endloop
  endfacet
  facet normal 0 0 -1
    outer loop
      vertex 12.4403 30.6859 0
      vertex 0 40 0
      vertex 12.5517 31.0141 0
    endloop
  endfacet
  facet normal 0 -1 0
    outer loop
      vertex 0 0 0
      vertex 30 0 5
      vertex 0 0 5
    endloop
  endfacet
  facet normal 0 -1 -0
    outer loop
      vertex 30 0 5
      vertex 0 0 0
      vertex 30 0 0
    endloop
  endfacet
  facet normal 0 1 -0
    outer loop
      vertex 30 40 0
      vertex 0 40 5
      vertex 30 40 5
    endloop
  endfacet
  facet normal 0 1 0
    outer loop
      vertex 0 40 5
      vertex 30 40 0
      vertex 0 40 0
    endloop
  endfacet
  facet normal 0.997858 0.0654172 0
    outer loop
      vertex 22 30 19.2
      vertex 21.9401 30.9137 5
      vertex 21.9401 30.9137 19.2
    endloop
  endfacet
  facet normal 0.997858 0.0654172 0
    outer loop
      vertex 21.9401 30.9137 5
      vertex 22 30 19.2
      vertex 22 30 5
    endloop
  endfacet
  facet normal -0.0654172 0.997858 0
    outer loop
      vertex 15 37 5
      vertex 14.0863 36.9401 19.2
      vertex 15 37 19.2
    endloop
  endfacet
  facet normal -0.0654172 0.997858 0
    outer loop
      vertex 14.0863 36.9401 19.2
      vertex 15 37 5
      vertex 14.0863 36.9401 5
    endloop
  endfacet
  facet normal 0.659401 0.751791 -0
    outer loop
      vertex 19.9497 34.9497 5
      vertex 19.2613 35.5535 19.2
      vertex 19.9497 34.9497 19.2
    endloop
  endfacet
  facet normal 0.659401 0.751791 0
    outer loop
      vertex 19.2613 35.5535 19.2
      vertex 19.9497 34.9497 5
      vertex 19.2613 35.5535 5
    endloop
  endfacet
  facet normal -0.751808 0.659382 0
    outer loop
      vertex 9.44653 34.2613 5
      vertex 10.0503 34.9497 19.2
      vertex 10.0503 34.9497 5
    endloop
  endfacet
  facet normal -0.751808 0.659382 0
    outer loop
      vertex 10.0503 34.9497 19.2
      vertex 9.44653 34.2613 5
      vertex 9.44653 34.2613 19.2
    endloop
  endfacet
  facet normal -0.442314 0.89686 0
    outer loop
      vertex 12.3212 36.4672 5
      vertex 11.5 36.0622 19.2
      vertex 12.3212 36.4672 19.2
    endloop
  endfacet
  facet normal -0.442314 0.89686 0
    outer loop
      vertex 11.5 36.0622 19.2
      vertex 12.3212 36.4672 5
      vertex 11.5 36.0622 5
    endloop
  endfacet
  facet normal 0.89686 0.442314 0
    outer loop
      vertex 21.4672 32.6788 19.2
      vertex 21.0622 33.5 5
      vertex 21.0622 33.5 19.2
    endloop
  endfacet
  facet normal 0.89686 0.442314 0
    outer loop
      vertex 21.0622 33.5 5
      vertex 21.4672 32.6788 19.2
      vertex 21.4672 32.6788 5
    endloop
  endfacet
  facet normal 0.98079 0.195066 0
    outer loop
      vertex 21.9401 30.9137 19.2
      vertex 21.7615 31.8117 5
      vertex 21.7615 31.8117 19.2
    endloop
  endfacet
  facet normal 0.98079 0.195066 0
    outer loop
      vertex 21.7615 31.8117 5
      vertex 21.9401 30.9137 19.2
      vertex 21.9401 30.9137 5
    endloop
  endfacet
  facet normal 0.3214 0.946944 -0
    outer loop
      vertex 17.6788 36.4672 5
      vertex 16.8117 36.7615 19.2
      vertex 17.6788 36.4672 19.2
    endloop
  endfacet
  facet normal 0.3214 0.946944 0
    outer loop
      vertex 16.8117 36.7615 19.2
      vertex 17.6788 36.4672 5
      vertex 16.8117 36.7615 5
    endloop
  endfacet
  facet normal 0.195066 0.98079 -0
    outer loop
      vertex 16.8117 36.7615 5
      vertex 15.9137 36.9401 19.2
      vertex 16.8117 36.7615 19.2
    endloop
  endfacet
  facet normal 0.195066 0.98079 0
    outer loop
      vertex 15.9137 36.9401 19.2
      vertex 16.8117 36.7615 5
      vertex 15.9137 36.9401 5
    endloop
  endfacet
  facet normal 0.555582 0.831462 -0
    outer loop
      vertex 19.2613 35.5535 5
      vertex 18.5 36.0622 19.2
      vertex 19.2613 35.5535 19.2
    endloop
  endfacet
  facet normal 0.555582 0.831462 0
    outer loop
      vertex 18.5 36.0622 19.2
      vertex 19.2613 35.5535 5
      vertex 18.5 36.0622 5
    endloop
  endfacet
  facet normal -0.946937 0.321419 0
    outer loop
      vertex 8.23852 31.8117 5
      vertex 8.53284 32.6788 19.2
      vertex 8.53284 32.6788 5
    endloop
  endfacet
  facet normal -0.946937 0.321419 0
    outer loop
      vertex 8.53284 32.6788 19.2
      vertex 8.23852 31.8117 5
      vertex 8.23852 31.8117 19.2
    endloop
  endfacet
  facet normal -0.831457 0.55559 0
    outer loop
      vertex 8.93782 33.5 5
      vertex 9.44653 34.2613 19.2
      vertex 9.44653 34.2613 5
    endloop
  endfacet
  facet normal -0.831457 0.55559 0
    outer loop
      vertex 9.44653 34.2613 19.2
      vertex 8.93782 33.5 5
      vertex 8.93782 33.5 19.2
    endloop
  endfacet
  facet normal -0.980784 0.195097 0
    outer loop
      vertex 8.05989 30.9137 5
      vertex 8.23852 31.8117 19.2
      vertex 8.23852 31.8117 5
    endloop
  endfacet
  facet normal -0.980784 0.195097 0
    outer loop
      vertex 8.23852 31.8117 19.2
      vertex 8.05989 30.9137 5
      vertex 8.05989 30.9137 19.2
    endloop
  endfacet
  facet normal -0.3214 0.946944 0
    outer loop
      vertex 13.1883 36.7615 5
      vertex 12.3212 36.4672 19.2
      vertex 13.1883 36.7615 19.2
    endloop
  endfacet
  facet normal -0.3214 0.946944 0
    outer loop
      vertex 12.3212 36.4672 19.2
      vertex 13.1883 36.7615 5
      vertex 12.3212 36.4672 5
    endloop
  endfacet
  facet normal 0.195066 -0.98079 0
    outer loop
      vertex 15.9137 23.0599 5
      vertex 16.8117 23.2385 19.2
      vertex 15.9137 23.0599 19.2
    endloop
  endfacet
  facet normal 0.195066 -0.98079 0
    outer loop
      vertex 16.8117 23.2385 19.2
      vertex 15.9137 23.0599 5
      vertex 16.8117 23.2385 5
    endloop
  endfacet
  facet normal 0.831462 -0.555582 0
    outer loop
      vertex 20.5535 25.7387 19.2
      vertex 21.0622 26.5 5
      vertex 21.0622 26.5 19.2
    endloop
  endfacet
  facet normal 0.831462 -0.555582 0
    outer loop
      vertex 21.0622 26.5 5
      vertex 20.5535 25.7387 19.2
      vertex 20.5535 25.7387 5
    endloop
  endfacet
  facet normal 0.98079 -0.195066 0
    outer loop
      vertex 21.7615 28.1883 19.2
      vertex 21.9401 29.0863 5
      vertex 21.9401 29.0863 19.2
    endloop
  endfacet
  facet normal 0.98079 -0.195066 0
    outer loop
      vertex 21.9401 29.0863 5
      vertex 21.7615 28.1883 19.2
      vertex 21.7615 28.1883 5
    endloop
  endfacet
  facet normal -0.555582 -0.831462 0
    outer loop
      vertex 10.7387 24.4465 5
      vertex 11.5 23.9378 19.2
      vertex 10.7387 24.4465 19.2
    endloop
  endfacet
  facet normal -0.555582 -0.831462 -0
    outer loop
      vertex 11.5 23.9378 19.2
      vertex 10.7387 24.4465 5
      vertex 11.5 23.9378 5
    endloop
  endfacet
  facet normal -0.195066 -0.98079 0
    outer loop
      vertex 13.1883 23.2385 5
      vertex 14.0863 23.0599 19.2
      vertex 13.1883 23.2385 19.2
    endloop
  endfacet
  facet normal -0.195066 -0.98079 -0
    outer loop
      vertex 14.0863 23.0599 19.2
      vertex 13.1883 23.2385 5
      vertex 14.0863 23.0599 5
    endloop
  endfacet
  facet normal 0.946944 0.3214 0
    outer loop
      vertex 21.7615 31.8117 19.2
      vertex 21.4672 32.6788 5
      vertex 21.4672 32.6788 19.2
    endloop
  endfacet
  facet normal 0.946944 0.3214 0
    outer loop
      vertex 21.4672 32.6788 5
      vertex 21.7615 31.8117 19.2
      vertex 21.7615 31.8117 5
    endloop
  endfacet
  facet normal 0.751791 0.659401 0
    outer loop
      vertex 20.5535 34.2613 19.2
      vertex 19.9497 34.9497 5
      vertex 19.9497 34.9497 19.2
    endloop
  endfacet
  facet normal 0.751791 0.659401 0
    outer loop
      vertex 19.9497 34.9497 5
      vertex 20.5535 34.2613 19.2
      vertex 20.5535 34.2613 5
    endloop
  endfacet
  facet normal 0.831462 0.555582 0
    outer loop
      vertex 21.0622 33.5 19.2
      vertex 20.5535 34.2613 5
      vertex 20.5535 34.2613 19.2
    endloop
  endfacet
  facet normal 0.831462 0.555582 0
    outer loop
      vertex 20.5535 34.2613 5
      vertex 21.0622 33.5 19.2
      vertex 21.0622 33.5 5
    endloop
  endfacet
  facet normal 0.0654172 0.997858 -0
    outer loop
      vertex 15.9137 36.9401 5
      vertex 15 37 19.2
      vertex 15.9137 36.9401 19.2
    endloop
  endfacet
  facet normal 0.0654172 0.997858 0
    outer loop
      vertex 15 37 19.2
      vertex 15.9137 36.9401 5
      vertex 15 37 5
    endloop
  endfacet
  facet normal 0.442314 0.89686 -0
    outer loop
      vertex 18.5 36.0622 5
      vertex 17.6788 36.4672 19.2
      vertex 18.5 36.0622 19.2
    endloop
  endfacet
  facet normal 0.442314 0.89686 0
    outer loop
      vertex 17.6788 36.4672 19.2
      vertex 18.5 36.0622 5
      vertex 17.6788 36.4672 5
    endloop
  endfacet
  facet normal -0.896869 0.442297 0
    outer loop
      vertex 8.53284 32.6788 5
      vertex 8.93782 33.5 19.2
      vertex 8.93782 33.5 5
    endloop
  endfacet
  facet normal -0.896869 0.442297 0
    outer loop
      vertex 8.93782 33.5 19.2
      vertex 8.53284 32.6788 5
      vertex 8.53284 32.6788 19.2
    endloop
  endfacet
  facet normal -0.997859 0.0654063 0
    outer loop
      vertex 8 30 5
      vertex 8.05989 30.9137 19.2
      vertex 8.05989 30.9137 5
    endloop
  endfacet
  facet normal -0.997859 0.0654063 0
    outer loop
      vertex 8.05989 30.9137 19.2
      vertex 8 30 5
      vertex 8 30 19.2
    endloop
  endfacet
  facet normal 0 0 1
    outer loop
      vertex 17.65 30 19.2
      vertex 22 30 19.2
      vertex 21.9401 30.9137 19.2
    endloop
  endfacet
  facet normal 0 0 1
    outer loop
      vertex 17.6273 30.3459 19.2
      vertex 21.9401 30.9137 19.2
      vertex 21.7615 31.8117 19.2
    endloop
  endfacet
  facet normal 0 0 1
    outer loop
      vertex 22 30 19.2
      vertex 17.65 30 19.2
      vertex 21.9401 29.0863 19.2
    endloop
  endfacet
  facet normal 0 0 1
    outer loop
      vertex 17.5597 30.6859 19.2
      vertex 21.7615 31.8117 19.2
      vertex 21.4672 32.6788 19.2
    endloop
  endfacet
  facet normal -0 0 1
    outer loop
      vertex 17.6273 29.6541 19.2
      vertex 21.9401 29.0863 19.2
      vertex 17.65 30 19.2
    endloop
  endfacet
  facet normal 0 0 1
    outer loop
      vertex 17.4483 31.0141 19.2
      vertex 21.4672 32.6788 19.2
      vertex 21.0622 33.5 19.2
    endloop
  endfacet
  facet normal 0 0 1
    outer loop
      vertex 21.9401 29.0863 19.2
      vertex 17.6273 29.6541 19.2
      vertex 21.7615 28.1883 19.2
    endloop
  endfacet
  facet normal 0 0 1
    outer loop
      vertex 17.295 31.325 19.2
      vertex 21.0622 33.5 19.2
      vertex 20.5535 34.2613 19.2
    endloop
  endfacet
  facet normal -0 0 1
    outer loop
      vertex 17.5597 29.3141 19.2
      vertex 21.7615 28.1883 19.2
      vertex 17.6273 29.6541 19.2
    endloop
  endfacet
  facet normal 0 0 1
    outer loop
      vertex 17.1024 31.6132 19.2
      vertex 20.5535 34.2613 19.2
      vertex 19.9497 34.9497 19.2
    endloop
  endfacet
  facet normal 0 0 1
    outer loop
      vertex 21.7615 28.1883 19.2
      vertex 17.5597 29.3141 19.2
      vertex 21.4672 27.3212 19.2
    endloop
  endfacet
  facet normal 0 0 1
    outer loop
      vertex 16.8738 31.8738 19.2
      vertex 19.9497 34.9497 19.2
      vertex 19.2613 35.5535 19.2
    endloop
  endfacet
  facet normal -0 0 1
    outer loop
      vertex 17.4483 28.9859 19.2
      vertex 21.4672 27.3212 19.2
      vertex 17.5597 29.3141 19.2
    endloop
  endfacet
  facet normal 0 0 1
    outer loop
      vertex 16.6132 32.1024 19.2
      vertex 19.2613 35.5535 19.2
      vertex 18.5 36.0622 19.2
    endloop
  endfacet
  facet normal 0 0 1
    outer loop
      vertex 21.4672 27.3212 19.2
      vertex 17.4483 28.9859 19.2
      vertex 21.0622 26.5 19.2
    endloop
  endfacet
  facet normal 0 0 1
    outer loop
      vertex 16.325 32.295 19.2
      vertex 18.5 36.0622 19.2
      vertex 17.6788 36.4672 19.2
    endloop
  endfacet
  facet normal -0 0 1
    outer loop
      vertex 17.295 28.675 19.2
      vertex 21.0622 26.5 19.2
      vertex 17.4483 28.9859 19.2
    endloop
  endfacet
  facet normal 0 0 1
    outer loop
      vertex 21.0622 26.5 19.2
      vertex 17.295 28.675 19.2
      vertex 20.5535 25.7387 19.2
    endloop
  endfacet
  facet normal 0 0 1
    outer loop
      vertex 21.9401 30.9137 19.2
      vertex 17.6273 30.3459 19.2
      vertex 17.65 30 19.2
    endloop
  endfacet
  facet normal 0 0 1
    outer loop
      vertex 21.7615 31.8117 19.2
      vertex 17.5597 30.6859 19.2
      vertex 17.6273 30.3459 19.2
    endloop
  endfacet
  facet normal 0 0 1
    outer loop
      vertex 21.4672 32.6788 19.2
      vertex 17.4483 31.0141 19.2
      vertex 17.5597 30.6859 19.2
    endloop
  endfacet
  facet normal 0 0 1
    outer loop
      vertex 21.0622 33.5 19.2
      vertex 17.295 31.325 19.2
      vertex 17.4483 31.0141 19.2
    endloop
  endfacet
  facet normal 0 0 1
    outer loop
      vertex 20.5535 34.2613 19.2
      vertex 17.1024 31.6132 19.2
      vertex 17.295 31.325 19.2
    endloop
  endfacet
  facet normal 0 0 1
    outer loop
      vertex 19.9497 34.9497 19.2
      vertex 16.8738 31.8738 19.2
      vertex 17.1024 31.6132 19.2
    endloop
  endfacet
  facet normal 0 0 1
    outer loop
      vertex 16.0141 32.4483 19.2
      vertex 17.6788 36.4672 19.2
      vertex 16.8117 36.7615 19.2
    endloop
  endfacet
  facet normal 0 0 1
    outer loop
      vertex 19.2613 35.5535 19.2
      vertex 16.6132 32.1024 19.2
      vertex 16.8738 31.8738 19.2
    endloop
  endfacet
  facet normal 0 0 1
    outer loop
      vertex 18.5 36.0622 19.2
      vertex 16.325 32.295 19.2
      vertex 16.6132 32.1024 19.2
    endloop
  endfacet
  facet normal 0 0 1
    outer loop
      vertex 17.6788 36.4672 19.2
      vertex 16.0141 32.4483 19.2
      vertex 16.325 32.295 19.2
    endloop
  endfacet
  facet normal 0 0 1
    outer loop
      vertex 15.6859 32.5597 19.2
      vertex 16.8117 36.7615 19.2
      vertex 15.9137 36.9401 19.2
    endloop
  endfacet
  facet normal 0 0 1
    outer loop
      vertex 16.8117 36.7615 19.2
      vertex 15.6859 32.5597 19.2
      vertex 16.0141 32.4483 19.2
    endloop
  endfacet
  facet normal 0 0 1
    outer loop
      vertex 15.9137 36.9401 19.2
      vertex 15.3459 32.6273 19.2
      vertex 15.6859 32.5597 19.2
    endloop
  endfacet
  facet normal 0 0 1
    outer loop
      vertex 15 37 19.2
      vertex 15.3459 32.6273 19.2
      vertex 15.9137 36.9401 19.2
    endloop
  endfacet
  facet normal 0 0 1
    outer loop
      vertex 15 37 19.2
      vertex 15 32.65 19.2
      vertex 15.3459 32.6273 19.2
    endloop
  endfacet
  facet normal 0 0 1
    outer loop
      vertex 15 37 19.2
      vertex 14.6541 32.6273 19.2
      vertex 15 32.65 19.2
    endloop
  endfacet
  facet normal -0 0 1
    outer loop
      vertex 14.0863 36.9401 19.2
      vertex 14.6541 32.6273 19.2
      vertex 15 37 19.2
    endloop
  endfacet
  facet normal 0 0 1
    outer loop
      vertex 14.6541 32.6273 19.2
      vertex 14.0863 36.9401 19.2
      vertex 14.3141 32.5597 19.2
    endloop
  endfacet
  facet normal -0 0 1
    outer loop
      vertex 13.1883 36.7615 19.2
      vertex 14.3141 32.5597 19.2
      vertex 14.0863 36.9401 19.2
    endloop
  endfacet
  facet normal 0 0 1
    outer loop
      vertex 14.3141 32.5597 19.2
      vertex 13.1883 36.7615 19.2
      vertex 13.9859 32.4483 19.2
    endloop
  endfacet
  facet normal -0 0 1
    outer loop
      vertex 12.3212 36.4672 19.2
      vertex 13.9859 32.4483 19.2
      vertex 13.1883 36.7615 19.2
    endloop
  endfacet
  facet normal 0 0 1
    outer loop
      vertex 13.9859 32.4483 19.2
      vertex 12.3212 36.4672 19.2
      vertex 13.675 32.295 19.2
    endloop
  endfacet
  facet normal -0 0 1
    outer loop
      vertex 11.5 36.0622 19.2
      vertex 13.675 32.295 19.2
      vertex 12.3212 36.4672 19.2
    endloop
  endfacet
  facet normal 0 0 1
    outer loop
      vertex 13.675 32.295 19.2
      vertex 11.5 36.0622 19.2
      vertex 13.3868 32.1024 19.2
    endloop
  endfacet
  facet normal -0 0 1
    outer loop
      vertex 10.7387 35.5535 19.2
      vertex 13.3868 32.1024 19.2
      vertex 11.5 36.0622 19.2
    endloop
  endfacet
  facet normal 0 0 1
    outer loop
      vertex 13.3868 32.1024 19.2
      vertex 10.7387 35.5535 19.2
      vertex 13.1262 31.8738 19.2
    endloop
  endfacet
  facet normal -0 0 1
    outer loop
      vertex 10.0503 34.9497 19.2
      vertex 13.1262 31.8738 19.2
      vertex 10.7387 35.5535 19.2
    endloop
  endfacet
  facet normal 0 0 1
    outer loop
      vertex 13.1262 31.8738 19.2
      vertex 10.0503 34.9497 19.2
      vertex 12.8976 31.6132 19.2
    endloop
  endfacet
  facet normal 0 0 1
    outer loop
      vertex 12.8976 31.6132 19.2
      vertex 9.44653 34.2613 19.2
      vertex 12.705 31.325 19.2
    endloop
  endfacet
  facet normal -0 0 1
    outer loop
      vertex 9.44653 34.2613 19.2
      vertex 12.8976 31.6132 19.2
      vertex 10.0503 34.9497 19.2
    endloop
  endfacet
  facet normal -0 0 1
    outer loop
      vertex 17.1024 28.3868 19.2
      vertex 20.5535 25.7387 19.2
      vertex 17.295 28.675 19.2
    endloop
  endfacet
  facet normal 0 0 1
    outer loop
      vertex 20.5535 25.7387 19.2
      vertex 17.1024 28.3868 19.2
      vertex 19.9497 25.0503 19.2
    endloop
  endfacet
  facet normal -0 0 1
    outer loop
      vertex 16.8738 28.1262 19.2
      vertex 19.9497 25.0503 19.2
      vertex 17.1024 28.3868 19.2
    endloop
  endfacet
  facet normal 0 0 1
    outer loop
      vertex 19.9497 25.0503 19.2
      vertex 16.8738 28.1262 19.2
      vertex 19.2613 24.4465 19.2
    endloop
  endfacet
  facet normal -0 0 1
    outer loop
      vertex 16.6132 27.8976 19.2
      vertex 19.2613 24.4465 19.2
      vertex 16.8738 28.1262 19.2
    endloop
  endfacet
  facet normal 0 0 1
    outer loop
      vertex 19.2613 24.4465 19.2
      vertex 16.6132 27.8976 19.2
      vertex 18.5 23.9378 19.2
    endloop
  endfacet
  facet normal -0 0 1
    outer loop
      vertex 16.325 27.705 19.2
      vertex 18.5 23.9378 19.2
      vertex 16.6132 27.8976 19.2
    endloop
  endfacet
  facet normal 0 0 1
    outer loop
      vertex 18.5 23.9378 19.2
      vertex 16.325 27.705 19.2
      vertex 17.6788 23.5328 19.2
    endloop
  endfacet
  facet normal -0 0 1
    outer loop
      vertex 16.0141 27.5517 19.2
      vertex 17.6788 23.5328 19.2
      vertex 16.325 27.705 19.2
    endloop
  endfacet
  facet normal 0 0 1
    outer loop
      vertex 17.6788 23.5328 19.2
      vertex 16.0141 27.5517 19.2
      vertex 16.8117 23.2385 19.2
    endloop
  endfacet
  facet normal -0 0 1
    outer loop
      vertex 15.6859 27.4403 19.2
      vertex 16.8117 23.2385 19.2
      vertex 16.0141 27.5517 19.2
    endloop
  endfacet
  facet normal 0 0 1
    outer loop
      vertex 16.8117 23.2385 19.2
      vertex 15.6859 27.4403 19.2
      vertex 15.9137 23.0599 19.2
    endloop
  endfacet
  facet normal -0 0 1
    outer loop
      vertex 15.3459 27.3727 19.2
      vertex 15.9137 23.0599 19.2
      vertex 15.6859 27.4403 19.2
    endloop
  endfacet
  facet normal -0 0 1
    outer loop
      vertex 15 27.35 19.2
      vertex 15.9137 23.0599 19.2
      vertex 15.3459 27.3727 19.2
    endloop
  endfacet
  facet normal 0 0 1
    outer loop
      vertex 15 27.35 19.2
      vertex 15 23 19.2
      vertex 15.9137 23.0599 19.2
    endloop
  endfacet
  facet normal 0 0 1
    outer loop
      vertex 14.6541 27.3727 19.2
      vertex 15 23 19.2
      vertex 15 27.35 19.2
    endloop
  endfacet
  facet normal 0 0 1
    outer loop
      vertex 14.0863 23.0599 19.2
      vertex 14.6541 27.3727 19.2
      vertex 14.3141 27.4403 19.2
    endloop
  endfacet
  facet normal 0 0 1
    outer loop
      vertex 14.6541 27.3727 19.2
      vertex 14.0863 23.0599 19.2
      vertex 15 23 19.2
    endloop
  endfacet
  facet normal 0 0 1
    outer loop
      vertex 13.1883 23.2385 19.2
      vertex 14.3141 27.4403 19.2
      vertex 13.9859 27.5517 19.2
    endloop
  endfacet
  facet normal 0 0 1
    outer loop
      vertex 12.3212 23.5328 19.2
      vertex 13.9859 27.5517 19.2
      vertex 13.675 27.705 19.2
    endloop
  endfacet
  facet normal 0 0 1
    outer loop
      vertex 11.5 23.9378 19.2
      vertex 13.675 27.705 19.2
      vertex 13.3868 27.8976 19.2
    endloop
  endfacet
  facet normal 0 0 1
    outer loop
      vertex 14.3141 27.4403 19.2
      vertex 13.1883 23.2385 19.2
      vertex 14.0863 23.0599 19.2
    endloop
  endfacet
  facet normal 0 0 1
    outer loop
      vertex 10.7387 24.4465 19.2
      vertex 13.3868 27.8976 19.2
      vertex 13.1262 28.1262 19.2
    endloop
  endfacet
  facet normal 0 0 1
    outer loop
      vertex 10.0503 25.0503 19.2
      vertex 13.1262 28.1262 19.2
      vertex 12.8976 28.3868 19.2
    endloop
  endfacet
  facet normal 0 0 1
    outer loop
      vertex 9.44653 25.7387 19.2
      vertex 12.8976 28.3868 19.2
      vertex 12.705 28.675 19.2
    endloop
  endfacet
  facet normal 0 0 1
    outer loop
      vertex 8.93782 26.5 19.2
      vertex 12.705 28.675 19.2
      vertex 12.5517 28.9859 19.2
    endloop
  endfacet
  facet normal 0 0 1
    outer loop
      vertex 8.53284 27.3212 19.2
      vertex 12.5517 28.9859 19.2
      vertex 12.4403 29.3141 19.2
    endloop
  endfacet
  facet normal 0 0 1
    outer loop
      vertex 8.23852 28.1883 19.2
      vertex 12.4403 29.3141 19.2
      vertex 12.3727 29.6541 19.2
    endloop
  endfacet
  facet normal 0 0 1
    outer loop
      vertex 13.9859 27.5517 19.2
      vertex 12.3212 23.5328 19.2
      vertex 13.1883 23.2385 19.2
    endloop
  endfacet
  facet normal 0 0 1
    outer loop
      vertex 8.05989 29.0863 19.2
      vertex 12.3727 29.6541 19.2
      vertex 12.35 30 19.2
    endloop
  endfacet
  facet normal -0 0 1
    outer loop
      vertex 8.93782 33.5 19.2
      vertex 12.705 31.325 19.2
      vertex 9.44653 34.2613 19.2
    endloop
  endfacet
  facet normal 0 0 1
    outer loop
      vertex 12.705 31.325 19.2
      vertex 8.93782 33.5 19.2
      vertex 12.5517 31.0141 19.2
    endloop
  endfacet
  facet normal 0 0 1
    outer loop
      vertex 13.675 27.705 19.2
      vertex 11.5 23.9378 19.2
      vertex 12.3212 23.5328 19.2
    endloop
  endfacet
  facet normal -0 0 1
    outer loop
      vertex 8.53284 32.6788 19.2
      vertex 12.5517 31.0141 19.2
      vertex 8.93782 33.5 19.2
    endloop
  endfacet
  facet normal 0 0 1
    outer loop
      vertex 13.3868 27.8976 19.2
      vertex 10.7387 24.4465 19.2
      vertex 11.5 23.9378 19.2
    endloop
  endfacet
  facet normal 0 0 1
    outer loop
      vertex 12.5517 31.0141 19.2
      vertex 8.53284 32.6788 19.2
      vertex 12.4403 30.6859 19.2
    endloop
  endfacet
  facet normal 0 0 1
    outer loop
      vertex 13.1262 28.1262 19.2
      vertex 10.0503 25.0503 19.2
      vertex 10.7387 24.4465 19.2
    endloop
  endfacet
  facet normal -0 0 1
    outer loop
      vertex 8.23852 31.8117 19.2
      vertex 12.4403 30.6859 19.2
      vertex 8.53284 32.6788 19.2
    endloop
  endfacet
  facet normal 0 0 1
    outer loop
      vertex 12.8976 28.3868 19.2
      vertex 9.44653 25.7387 19.2
      vertex 10.0503 25.0503 19.2
    endloop
  endfacet
  facet normal 0 0 1
    outer loop
      vertex 12.4403 30.6859 19.2
      vertex 8.23852 31.8117 19.2
      vertex 12.3727 30.3459 19.2
    endloop
  endfacet
  facet normal 0 0 1
    outer loop
      vertex 12.705 28.675 19.2
      vertex 8.93782 26.5 19.2
      vertex 9.44653 25.7387 19.2
    endloop
  endfacet
  facet normal -0 0 1
    outer loop
      vertex 8.05989 30.9137 19.2
      vertex 12.3727 30.3459 19.2
      vertex 8.23852 31.8117 19.2
    endloop
  endfacet
  facet normal 0 0 1
    outer loop
      vertex 12.5517 28.9859 19.2
      vertex 8.53284 27.3212 19.2
      vertex 8.93782 26.5 19.2
    endloop
  endfacet
  facet normal 0 0 1
    outer loop
      vertex 12.3727 30.3459 19.2
      vertex 8.05989 30.9137 19.2
      vertex 12.35 30 19.2
    endloop
  endfacet
  facet normal 0 0 1
    outer loop
      vertex 12.4403 29.3141 19.2
      vertex 8.23852 28.1883 19.2
      vertex 8.53284 27.3212 19.2
    endloop
  endfacet
  facet normal 0 0 1
    outer loop
      vertex 8 30 19.2
      vertex 12.35 30 19.2
      vertex 8.05989 30.9137 19.2
    endloop
  endfacet
  facet normal 0 0 1
    outer loop
      vertex 12.3727 29.6541 19.2
      vertex 8.05989 29.0863 19.2
      vertex 8.23852 28.1883 19.2
    endloop
  endfacet
  facet normal 0 0 1
    outer loop
      vertex 12.35 30 19.2
      vertex 8 30 19.2
      vertex 8.05989 29.0863 19.2
    endloop
  endfacet
  facet normal -0.555582 0.831462 0
    outer loop
      vertex 11.5 36.0622 5
      vertex 10.7387 35.5535 19.2
      vertex 11.5 36.0622 19.2
    endloop
  endfacet
  facet normal -0.555582 0.831462 0
    outer loop
      vertex 10.7387 35.5535 19.2
      vertex 11.5 36.0622 5
      vertex 10.7387 35.5535 5
    endloop
  endfacet
  facet normal -0.659401 0.751791 0
    outer loop
      vertex 10.7387 35.5535 5
      vertex 10.0503 34.9497 19.2
      vertex 10.7387 35.5535 19.2
    endloop
  endfacet
  facet normal -0.659401 0.751791 0
    outer loop
      vertex 10.0503 34.9497 19.2
      vertex 10.7387 35.5535 5
      vertex 10.0503 34.9497 5
    endloop
  endfacet
  facet normal -0.195066 0.98079 0
    outer loop
      vertex 14.0863 36.9401 5
      vertex 13.1883 36.7615 19.2
      vertex 14.0863 36.9401 19.2
    endloop
  endfacet
  facet normal -0.195066 0.98079 0
    outer loop
      vertex 13.1883 36.7615 19.2
      vertex 14.0863 36.9401 5
      vertex 13.1883 36.7615 5
    endloop
  endfacet
  facet normal 0.997858 -0.0654172 0
    outer loop
      vertex 21.9401 29.0863 19.2
      vertex 22 30 5
      vertex 22 30 19.2
    endloop
  endfacet
  facet normal 0.997858 -0.0654172 0
    outer loop
      vertex 22 30 5
      vertex 21.9401 29.0863 19.2
      vertex 21.9401 29.0863 5
    endloop
  endfacet
  facet normal 0.3214 -0.946944 0
    outer loop
      vertex 16.8117 23.2385 5
      vertex 17.6788 23.5328 19.2
      vertex 16.8117 23.2385 19.2
    endloop
  endfacet
  facet normal 0.3214 -0.946944 0
    outer loop
      vertex 17.6788 23.5328 19.2
      vertex 16.8117 23.2385 5
      vertex 17.6788 23.5328 5
    endloop
  endfacet
  facet normal 0.751791 -0.659401 0
    outer loop
      vertex 19.9497 25.0503 19.2
      vertex 20.5535 25.7387 5
      vertex 20.5535 25.7387 19.2
    endloop
  endfacet
  facet normal 0.751791 -0.659401 0
    outer loop
      vertex 20.5535 25.7387 5
      vertex 19.9497 25.0503 19.2
      vertex 19.9497 25.0503 5
    endloop
  endfacet
  facet normal 0.555582 -0.831462 0
    outer loop
      vertex 18.5 23.9378 5
      vertex 19.2613 24.4465 19.2
      vertex 18.5 23.9378 19.2
    endloop
  endfacet
  facet normal 0.555582 -0.831462 0
    outer loop
      vertex 19.2613 24.4465 19.2
      vertex 18.5 23.9378 5
      vertex 19.2613 24.4465 5
    endloop
  endfacet
  facet normal 0.89686 -0.442314 0
    outer loop
      vertex 21.0622 26.5 19.2
      vertex 21.4672 27.3212 5
      vertex 21.4672 27.3212 19.2
    endloop
  endfacet
  facet normal 0.89686 -0.442314 0
    outer loop
      vertex 21.4672 27.3212 5
      vertex 21.0622 26.5 19.2
      vertex 21.0622 26.5 5
    endloop
  endfacet
  facet normal -0.442314 -0.89686 0
    outer loop
      vertex 11.5 23.9378 5
      vertex 12.3212 23.5328 19.2
      vertex 11.5 23.9378 19.2
    endloop
  endfacet
  facet normal -0.442314 -0.89686 -0
    outer loop
      vertex 12.3212 23.5328 19.2
      vertex 11.5 23.9378 5
      vertex 12.3212 23.5328 5
    endloop
  endfacet
  facet normal -0.0654172 -0.997858 0
    outer loop
      vertex 14.0863 23.0599 5
      vertex 15 23 19.2
      vertex 14.0863 23.0599 19.2
    endloop
  endfacet
  facet normal -0.0654172 -0.997858 -0
    outer loop
      vertex 15 23 19.2
      vertex 14.0863 23.0599 5
      vertex 15 23 5
    endloop
  endfacet
  facet normal -0.831457 -0.55559 0
    outer loop
      vertex 9.44653 25.7387 5
      vertex 8.93782 26.5 19.2
      vertex 8.93782 26.5 5
    endloop
  endfacet
  facet normal -0.831457 -0.55559 0
    outer loop
      vertex 8.93782 26.5 19.2
      vertex 9.44653 25.7387 5
      vertex 9.44653 25.7387 19.2
    endloop
  endfacet
  facet normal -0.659401 -0.751791 0
    outer loop
      vertex 10.0503 25.0503 5
      vertex 10.7387 24.4465 19.2
      vertex 10.0503 25.0503 19.2
    endloop
  endfacet
  facet normal -0.659401 -0.751791 -0
    outer loop
      vertex 10.7387 24.4465 19.2
      vertex 10.0503 25.0503 5
      vertex 10.7387 24.4465 5
    endloop
  endfacet
  facet normal -0.896869 -0.442297 0
    outer loop
      vertex 8.93782 26.5 5
      vertex 8.53284 27.3212 19.2
      vertex 8.53284 27.3212 5
    endloop
  endfacet
  facet normal -0.896869 -0.442297 0
    outer loop
      vertex 8.53284 27.3212 19.2
      vertex 8.93782 26.5 5
      vertex 8.93782 26.5 19.2
    endloop
  endfacet
  facet normal -0.980784 -0.195097 0
    outer loop
      vertex 8.23852 28.1883 5
      vertex 8.05989 29.0863 19.2
      vertex 8.05989 29.0863 5
    endloop
  endfacet
  facet normal -0.980784 -0.195097 0
    outer loop
      vertex 8.05989 29.0863 19.2
      vertex 8.23852 28.1883 5
      vertex 8.23852 28.1883 19.2
    endloop
  endfacet
  facet normal -0.997859 -0.0654063 0
    outer loop
      vertex 8.05989 29.0863 5
      vertex 8 30 19.2
      vertex 8 30 5
    endloop
  endfacet
  facet normal -0.997859 -0.0654063 0
    outer loop
      vertex 8 30 19.2
      vertex 8.05989 29.0863 5
      vertex 8.05989 29.0863 19.2
    endloop
  endfacet
  facet normal 0.442314 -0.89686 0
    outer loop
      vertex 17.6788 23.5328 5
      vertex 18.5 23.9378 19.2
      vertex 17.6788 23.5328 19.2
    endloop
  endfacet
  facet normal 0.442314 -0.89686 0
    outer loop
      vertex 18.5 23.9378 19.2
      vertex 17.6788 23.5328 5
      vertex 18.5 23.9378 5
    endloop
  endfacet
  facet normal 0.659401 -0.751791 0
    outer loop
      vertex 19.2613 24.4465 5
      vertex 19.9497 25.0503 19.2
      vertex 19.2613 24.4465 19.2
    endloop
  endfacet
  facet normal 0.659401 -0.751791 0
    outer loop
      vertex 19.9497 25.0503 19.2
      vertex 19.2613 24.4465 5
      vertex 19.9497 25.0503 5
    endloop
  endfacet
  facet normal 0.946944 -0.3214 0
    outer loop
      vertex 21.4672 27.3212 19.2
      vertex 21.7615 28.1883 5
      vertex 21.7615 28.1883 19.2
    endloop
  endfacet
  facet normal 0.946944 -0.3214 0
    outer loop
      vertex 21.7615 28.1883 5
      vertex 21.4672 27.3212 19.2
      vertex 21.4672 27.3212 5
    endloop
  endfacet
  facet normal -0.3214 -0.946944 0
    outer loop
      vertex 12.3212 23.5328 5
      vertex 13.1883 23.2385 19.2
      vertex 12.3212 23.5328 19.2
    endloop
  endfacet
  facet normal -0.3214 -0.946944 -0
    outer loop
      vertex 13.1883 23.2385 19.2
      vertex 12.3212 23.5328 5
      vertex 13.1883 23.2385 5
    endloop
  endfacet
  facet normal 0.0654172 -0.997858 0
    outer loop
      vertex 15 23 5
      vertex 15.9137 23.0599 19.2
      vertex 15 23 19.2
    endloop
  endfacet
  facet normal 0.0654172 -0.997858 0
    outer loop
      vertex 15.9137 23.0599 19.2
      vertex 15 23 5
      vertex 15.9137 23.0599 5
    endloop
  endfacet
  facet normal -0.751808 -0.659382 0
    outer loop
      vertex 10.0503 25.0503 5
      vertex 9.44653 25.7387 19.2
      vertex 9.44653 25.7387 5
    endloop
  endfacet
  facet normal -0.751808 -0.659382 0
    outer loop
      vertex 9.44653 25.7387 19.2
      vertex 10.0503 25.0503 5
      vertex 10.0503 25.0503 19.2
    endloop
  endfacet
  facet normal -0.946937 -0.321419 0
    outer loop
      vertex 8.53284 27.3212 5
      vertex 8.23852 28.1883 19.2
      vertex 8.23852 28.1883 5
    endloop
  endfacet
  facet normal -0.946937 -0.321419 0
    outer loop
      vertex 8.23852 28.1883 19.2
      vertex 8.53284 27.3212 5
      vertex 8.53284 27.3212 19.2
    endloop
  endfacet
  facet normal 0.99786 -0.0653833 0
    outer loop
      vertex 8.9 6 5
      vertex 8.91796 6.2741 0
      vertex 8.91796 6.2741 5
    endloop
  endfacet
  facet normal 0.99786 -0.0653833 0
    outer loop
      vertex 8.91796 6.2741 0
      vertex 8.9 6 5
      vertex 8.9 6 0
    endloop
  endfacet
  facet normal 0.980779 -0.195122 0
    outer loop
      vertex 8.91796 6.2741 5
      vertex 8.97156 6.54352 0
      vertex 8.97156 6.54352 5
    endloop
  endfacet
  facet normal 0.980779 -0.195122 0
    outer loop
      vertex 8.97156 6.54352 0
      vertex 8.91796 6.2741 5
      vertex 8.91796 6.2741 0
    endloop
  endfacet
  facet normal 0.99786 0.065381 0
    outer loop
      vertex 8.91796 5.72589 5
      vertex 8.9 6 0
      vertex 8.9 6 5
    endloop
  endfacet
  facet normal 0.99786 0.065381 0
    outer loop
      vertex 8.9 6 0
      vertex 8.91796 5.72589 5
      vertex 8.91796 5.72589 0
    endloop
  endfacet
  facet normal -0.997851 0.0655259 0
    outer loop
      vertex 21.082 5.72589 0
      vertex 21.1 6 5
      vertex 21.1 6 0
    endloop
  endfacet
  facet normal -0.997851 0.0655259 0
    outer loop
      vertex 21.1 6 5
      vertex 21.082 5.72589 0
      vertex 21.082 5.72589 5
    endloop
  endfacet
  facet normal 0 1 -0
    outer loop
      vertex 19 3.9 0
      vertex 11 3.9 5
      vertex 19 3.9 5
    endloop
  endfacet
  facet normal 0 1 0
    outer loop
      vertex 11 3.9 5
      vertex 19 3.9 0
      vertex 11 3.9 0
    endloop
  endfacet
  facet normal -0.195136 0.980776 0
    outer loop
      vertex 19.5435 3.97156 0
      vertex 19.2741 3.91796 5
      vertex 19.5435 3.97156 5
    endloop
  endfacet
  facet normal -0.195136 0.980776 0
    outer loop
      vertex 19.2741 3.91796 5
      vertex 19.5435 3.97156 0
      vertex 19.2741 3.91796 0
    endloop
  endfacet
  facet normal 0.65936 0.751827 -0
    outer loop
      vertex 9.7216 4.33396 0
      vertex 9.51508 4.51508 5
      vertex 9.7216 4.33396 5
    endloop
  endfacet
  facet normal 0.65936 0.751827 0
    outer loop
      vertex 9.51508 4.51508 5
      vertex 9.7216 4.33396 0
      vertex 9.51508 4.51508 0
    endloop
  endfacet
  facet normal 0.0653833 0.99786 -0
    outer loop
      vertex 11 3.9 0
      vertex 10.7259 3.91796 5
      vertex 11 3.9 5
    endloop
  endfacet
  facet normal 0.0653833 0.99786 0
    outer loop
      vertex 10.7259 3.91796 5
      vertex 11 3.9 0
      vertex 10.7259 3.91796 0
    endloop
  endfacet
  facet normal -0.751864 0.659319 0
    outer loop
      vertex 20.4849 4.51508 0
      vertex 20.666 4.7216 5
      vertex 20.666 4.7216 0
    endloop
  endfacet
  facet normal -0.751864 0.659319 0
    outer loop
      vertex 20.666 4.7216 5
      vertex 20.4849 4.51508 0
      vertex 20.4849 4.51508 5
    endloop
  endfacet
  facet normal 0.195101 -0.980783 0
    outer loop
      vertex 10.4565 8.02844 0
      vertex 10.7259 8.08203 5
      vertex 10.4565 8.02844 5
    endloop
  endfacet
  facet normal 0.195101 -0.980783 0
    outer loop
      vertex 10.7259 8.08203 5
      vertex 10.4565 8.02844 0
      vertex 10.7259 8.08203 0
    endloop
  endfacet
  facet normal -0.831322 -0.555792 0
    outer loop
      vertex 20.8187 7.05 0
      vertex 20.666 7.2784 5
      vertex 20.666 7.2784 0
    endloop
  endfacet
  facet normal -0.831322 -0.555792 0
    outer loop
      vertex 20.666 7.2784 5
      vertex 20.8187 7.05 0
      vertex 20.8187 7.05 5
    endloop
  endfacet
  facet normal -0.751864 -0.659319 0
    outer loop
      vertex 20.666 7.2784 0
      vertex 20.4849 7.48492 5
      vertex 20.4849 7.48492 0
    endloop
  endfacet
  facet normal -0.751864 -0.659319 0
    outer loop
      vertex 20.4849 7.48492 5
      vertex 20.666 7.2784 0
      vertex 20.666 7.2784 5
    endloop
  endfacet
  facet normal 0.89686 0.442314 0
    outer loop
      vertex 9.18135 4.95 5
      vertex 9.05985 5.19636 0
      vertex 9.05985 5.19636 5
    endloop
  endfacet
  facet normal 0.89686 0.442314 0
    outer loop
      vertex 9.05985 5.19636 0
      vertex 9.18135 4.95 5
      vertex 9.18135 4.95 0
    endloop
  endfacet
  facet normal 0.831473 0.555565 0
    outer loop
      vertex 9.33396 4.7216 5
      vertex 9.18135 4.95 0
      vertex 9.18135 4.95 5
    endloop
  endfacet
  facet normal 0.831473 0.555565 0
    outer loop
      vertex 9.18135 4.95 0
      vertex 9.33396 4.7216 5
      vertex 9.33396 4.7216 0
    endloop
  endfacet
  facet normal -0.0653833 0.99786 0
    outer loop
      vertex 19.2741 3.91796 0
      vertex 19 3.9 5
      vertex 19.2741 3.91796 5
    endloop
  endfacet
  facet normal -0.0653833 0.99786 0
    outer loop
      vertex 19 3.9 5
      vertex 19.2741 3.91796 0
      vertex 19 3.9 0
    endloop
  endfacet
  facet normal -0.897005 0.442021 0
    outer loop
      vertex 20.8187 4.95 0
      vertex 20.9401 5.19636 5
      vertex 20.9401 5.19636 0
    endloop
  endfacet
  facet normal -0.897005 0.442021 0
    outer loop
      vertex 20.9401 5.19636 5
      vertex 20.8187 4.95 0
      vertex 20.8187 4.95 5
    endloop
  endfacet
  facet normal 0.751827 -0.65936 0
    outer loop
      vertex 9.33396 7.2784 5
      vertex 9.51508 7.48492 0
      vertex 9.51508 7.48492 5
    endloop
  endfacet
  facet normal 0.751827 -0.65936 0
    outer loop
      vertex 9.51508 7.48492 0
      vertex 9.33396 7.2784 5
      vertex 9.33396 7.2784 0
    endloop
  endfacet
  facet normal 0.0654196 -0.997858 0
    outer loop
      vertex 10.7259 8.08203 0
      vertex 11 8.1 5
      vertex 10.7259 8.08203 5
    endloop
  endfacet
  facet normal 0.0654196 -0.997858 0
    outer loop
      vertex 11 8.1 5
      vertex 10.7259 8.08203 0
      vertex 11 8.1 0
    endloop
  endfacet
  facet normal 0 -1 0
    outer loop
      vertex 11 8.1 0
      vertex 19 8.1 5
      vertex 11 8.1 5
    endloop
  endfacet
  facet normal 0 -1 -0
    outer loop
      vertex 19 8.1 5
      vertex 11 8.1 0
      vertex 19 8.1 0
    endloop
  endfacet
  facet normal -0.980779 -0.195122 0
    outer loop
      vertex 21.082 6.2741 0
      vertex 21.0284 6.54352 5
      vertex 21.0284 6.54352 0
    endloop
  endfacet
  facet normal -0.980779 -0.195122 0
    outer loop
      vertex 21.0284 6.54352 5
      vertex 21.082 6.2741 0
      vertex 21.082 6.2741 5
    endloop
  endfacet
  facet normal -0.897012 -0.442007 0
    outer loop
      vertex 20.9401 6.80363 0
      vertex 20.8187 7.05 5
      vertex 20.8187 7.05 0
    endloop
  endfacet
  facet normal -0.897012 -0.442007 0
    outer loop
      vertex 20.8187 7.05 5
      vertex 20.9401 6.80363 0
      vertex 20.9401 6.80363 5
    endloop
  endfacet
  facet normal -0.555565 -0.831473 0
    outer loop
      vertex 20.05 7.81865 0
      vertex 20.2784 7.66604 5
      vertex 20.05 7.81865 5
    endloop
  endfacet
  facet normal -0.555565 -0.831473 -0
    outer loop
      vertex 20.2784 7.66604 5
      vertex 20.05 7.81865 0
      vertex 20.2784 7.66604 0
    endloop
  endfacet
  facet normal -0.321433 -0.946932 0
    outer loop
      vertex 19.5435 8.02844 0
      vertex 19.8036 7.94015 5
      vertex 19.5435 8.02844 5
    endloop
  endfacet
  facet normal -0.321433 -0.946932 -0
    outer loop
      vertex 19.8036 7.94015 5
      vertex 19.5435 8.02844 0
      vertex 19.8036 7.94015 0
    endloop
  endfacet
  facet normal -0.442256 -0.896889 0
    outer loop
      vertex 19.8036 7.94015 0
      vertex 20.05 7.81865 5
      vertex 19.8036 7.94015 5
    endloop
  endfacet
  facet normal -0.442256 -0.896889 -0
    outer loop
      vertex 20.05 7.81865 5
      vertex 19.8036 7.94015 0
      vertex 20.05 7.81865 0
    endloop
  endfacet
  facet normal -0.0654196 -0.997858 0
    outer loop
      vertex 19 8.1 0
      vertex 19.2741 8.08203 5
      vertex 19 8.1 5
    endloop
  endfacet
  facet normal -0.0654196 -0.997858 -0
    outer loop
      vertex 19.2741 8.08203 5
      vertex 19 8.1 0
      vertex 19.2741 8.08203 0
    endloop
  endfacet
  facet normal 0.321433 0.946932 -0
    outer loop
      vertex 10.4565 3.97156 0
      vertex 10.1964 4.05985 5
      vertex 10.4565 3.97156 5
    endloop
  endfacet
  facet normal 0.321433 0.946932 0
    outer loop
      vertex 10.1964 4.05985 5
      vertex 10.4565 3.97156 0
      vertex 10.1964 4.05985 0
    endloop
  endfacet
  facet normal 0.195136 0.980776 -0
    outer loop
      vertex 10.7259 3.91796 0
      vertex 10.4565 3.97156 5
      vertex 10.7259 3.91796 5
    endloop
  endfacet
  facet normal 0.195136 0.980776 0
    outer loop
      vertex 10.4565 3.97156 5
      vertex 10.7259 3.91796 0
      vertex 10.4565 3.97156 0
    endloop
  endfacet
  facet normal 0.442256 0.896889 -0
    outer loop
      vertex 10.1964 4.05985 0
      vertex 9.95 4.18135 5
      vertex 10.1964 4.05985 5
    endloop
  endfacet
  facet normal 0.442256 0.896889 0
    outer loop
      vertex 9.95 4.18135 5
      vertex 10.1964 4.05985 0
      vertex 9.95 4.18135 0
    endloop
  endfacet
  facet normal 0.980778 0.195129 0
    outer loop
      vertex 8.97156 5.45648 5
      vertex 8.91796 5.72589 0
      vertex 8.91796 5.72589 5
    endloop
  endfacet
  facet normal 0.980778 0.195129 0
    outer loop
      vertex 8.91796 5.72589 0
      vertex 8.97156 5.45648 5
      vertex 8.97156 5.45648 0
    endloop
  endfacet
  facet normal -0.555565 0.831473 0
    outer loop
      vertex 20.2784 4.33396 0
      vertex 20.05 4.18135 5
      vertex 20.2784 4.33396 5
    endloop
  endfacet
  facet normal -0.555565 0.831473 0
    outer loop
      vertex 20.05 4.18135 5
      vertex 20.2784 4.33396 0
      vertex 20.05 4.18135 0
    endloop
  endfacet
  facet normal -0.946929 0.321443 0
    outer loop
      vertex 20.9401 5.19636 0
      vertex 21.0284 5.45648 5
      vertex 21.0284 5.45648 0
    endloop
  endfacet
  facet normal -0.946929 0.321443 0
    outer loop
      vertex 21.0284 5.45648 5
      vertex 20.9401 5.19636 0
      vertex 20.9401 5.19636 5
    endloop
  endfacet
  facet normal 0.896867 -0.4423 0
    outer loop
      vertex 9.05985 6.80363 5
      vertex 9.18135 7.05 0
      vertex 9.18135 7.05 5
    endloop
  endfacet
  facet normal 0.896867 -0.4423 0
    outer loop
      vertex 9.18135 7.05 0
      vertex 9.05985 6.80363 5
      vertex 9.05985 6.80363 0
    endloop
  endfacet
  facet normal 0.831473 -0.555565 0
    outer loop
      vertex 9.18135 7.05 5
      vertex 9.33396 7.2784 0
      vertex 9.33396 7.2784 5
    endloop
  endfacet
  facet normal 0.831473 -0.555565 0
    outer loop
      vertex 9.33396 7.2784 0
      vertex 9.18135 7.05 5
      vertex 9.18135 7.05 0
    endloop
  endfacet
  facet normal 0.442256 -0.896889 0
    outer loop
      vertex 9.95 7.81865 0
      vertex 10.1964 7.94015 5
      vertex 9.95 7.81865 5
    endloop
  endfacet
  facet normal 0.442256 -0.896889 0
    outer loop
      vertex 10.1964 7.94015 5
      vertex 9.95 7.81865 0
      vertex 10.1964 7.94015 0
    endloop
  endfacet
  facet normal -0.946925 -0.321454 0
    outer loop
      vertex 21.0284 6.54352 0
      vertex 20.9401 6.80363 5
      vertex 20.9401 6.80363 0
    endloop
  endfacet
  facet normal -0.946925 -0.321454 0
    outer loop
      vertex 20.9401 6.80363 5
      vertex 21.0284 6.54352 0
      vertex 21.0284 6.54352 5
    endloop
  endfacet
  facet normal -0.997851 -0.0655283 0
    outer loop
      vertex 21.1 6 0
      vertex 21.082 6.2741 5
      vertex 21.082 6.2741 0
    endloop
  endfacet
  facet normal -0.997851 -0.0655283 0
    outer loop
      vertex 21.082 6.2741 5
      vertex 21.1 6 0
      vertex 21.1 6 5
    endloop
  endfacet
  facet normal -0.659396 -0.751796 0
    outer loop
      vertex 20.2784 7.66604 0
      vertex 20.4849 7.48492 5
      vertex 20.2784 7.66604 5
    endloop
  endfacet
  facet normal -0.659396 -0.751796 -0
    outer loop
      vertex 20.4849 7.48492 5
      vertex 20.2784 7.66604 0
      vertex 20.4849 7.48492 0
    endloop
  endfacet
  facet normal -0.195101 -0.980783 0
    outer loop
      vertex 19.2741 8.08203 0
      vertex 19.5435 8.02844 5
      vertex 19.2741 8.08203 5
    endloop
  endfacet
  facet normal -0.195101 -0.980783 -0
    outer loop
      vertex 19.5435 8.02844 5
      vertex 19.2741 8.08203 0
      vertex 19.5435 8.02844 0
    endloop
  endfacet
  facet normal 0.555565 0.831473 -0
    outer loop
      vertex 9.95 4.18135 0
      vertex 9.7216 4.33396 5
      vertex 9.95 4.18135 5
    endloop
  endfacet
  facet normal 0.555565 0.831473 0
    outer loop
      vertex 9.7216 4.33396 5
      vertex 9.95 4.18135 0
      vertex 9.7216 4.33396 0
    endloop
  endfacet
  facet normal 0.751827 0.65936 0
    outer loop
      vertex 9.51508 4.51508 5
      vertex 9.33396 4.7216 0
      vertex 9.33396 4.7216 5
    endloop
  endfacet
  facet normal 0.751827 0.65936 0
    outer loop
      vertex 9.33396 4.7216 0
      vertex 9.51508 4.51508 5
      vertex 9.51508 4.51508 0
    endloop
  endfacet
  facet normal 0.94694 0.321411 0
    outer loop
      vertex 9.05985 5.19636 5
      vertex 8.97156 5.45648 0
      vertex 8.97156 5.45648 5
    endloop
  endfacet
  facet normal 0.94694 0.321411 0
    outer loop
      vertex 8.97156 5.45648 0
      vertex 9.05985 5.19636 5
      vertex 9.05985 5.19636 0
    endloop
  endfacet
  facet normal -0.442256 0.896889 0
    outer loop
      vertex 20.05 4.18135 0
      vertex 19.8036 4.05985 5
      vertex 20.05 4.18135 5
    endloop
  endfacet
  facet normal -0.442256 0.896889 0
    outer loop
      vertex 19.8036 4.05985 5
      vertex 20.05 4.18135 0
      vertex 19.8036 4.05985 0
    endloop
  endfacet
  facet normal -0.659396 0.751796 0
    outer loop
      vertex 20.4849 4.51508 0
      vertex 20.2784 4.33396 5
      vertex 20.4849 4.51508 5
    endloop
  endfacet
  facet normal -0.659396 0.751796 0
    outer loop
      vertex 20.2784 4.33396 5
      vertex 20.4849 4.51508 0
      vertex 20.2784 4.33396 0
    endloop
  endfacet
  facet normal -0.831322 0.555792 0
    outer loop
      vertex 20.666 4.7216 0
      vertex 20.8187 4.95 5
      vertex 20.8187 4.95 0
    endloop
  endfacet
  facet normal -0.831322 0.555792 0
    outer loop
      vertex 20.8187 4.95 5
      vertex 20.666 4.7216 0
      vertex 20.666 4.7216 5
    endloop
  endfacet
  facet normal -0.980778 0.195129 0
    outer loop
      vertex 21.0284 5.45648 0
      vertex 21.082 5.72589 5
      vertex 21.082 5.72589 0
    endloop
  endfacet
  facet normal -0.980778 0.195129 0
    outer loop
      vertex 21.082 5.72589 5
      vertex 21.0284 5.45648 0
      vertex 21.0284 5.45648 5
    endloop
  endfacet
  facet normal 0.946936 -0.321422 0
    outer loop
      vertex 8.97156 6.54352 5
      vertex 9.05985 6.80363 0
      vertex 9.05985 6.80363 5
    endloop
  endfacet
  facet normal 0.946936 -0.321422 0
    outer loop
      vertex 9.05985 6.80363 0
      vertex 8.97156 6.54352 5
      vertex 8.97156 6.54352 0
    endloop
  endfacet
  facet normal 0.321433 -0.946932 0
    outer loop
      vertex 10.1964 7.94015 0
      vertex 10.4565 8.02844 5
      vertex 10.1964 7.94015 5
    endloop
  endfacet
  facet normal 0.321433 -0.946932 0
    outer loop
      vertex 10.4565 8.02844 5
      vertex 10.1964 7.94015 0
      vertex 10.4565 8.02844 0
    endloop
  endfacet
  facet normal 0.555565 -0.831473 0
    outer loop
      vertex 9.7216 7.66604 0
      vertex 9.95 7.81865 5
      vertex 9.7216 7.66604 5
    endloop
  endfacet
  facet normal 0.555565 -0.831473 0
    outer loop
      vertex 9.95 7.81865 5
      vertex 9.7216 7.66604 0
      vertex 9.95 7.81865 0
    endloop
  endfacet
  facet normal -0.321433 0.946932 0
    outer loop
      vertex 19.8036 4.05985 0
      vertex 19.5435 3.97156 5
      vertex 19.8036 4.05985 5
    endloop
  endfacet
  facet normal -0.321433 0.946932 0
    outer loop
      vertex 19.5435 3.97156 5
      vertex 19.8036 4.05985 0
      vertex 19.5435 3.97156 0
    endloop
  endfacet
  facet normal 0.65936 -0.751827 0
    outer loop
      vertex 9.51508 7.48492 0
      vertex 9.7216 7.66604 5
      vertex 9.51508 7.48492 5
    endloop
  endfacet
  facet normal 0.65936 -0.751827 0
    outer loop
      vertex 9.7216 7.66604 5
      vertex 9.51508 7.48492 0
      vertex 9.7216 7.66604 0
    endloop
  endfacet
  facet normal 0.99786 -0.0653833 0
    outer loop
      vertex 8.9 16 5
      vertex 8.91796 16.2741 0
      vertex 8.91796 16.2741 5
    endloop
  endfacet
  facet normal 0.99786 -0.0653833 0
    outer loop
      vertex 8.91796 16.2741 0
      vertex 8.9 16 5
      vertex 8.9 16 0
    endloop
  endfacet
  facet normal 0.980776 -0.195136 0
    outer loop
      vertex 8.91796 16.2741 5
      vertex 8.97156 16.5435 0
      vertex 8.97156 16.5435 5
    endloop
  endfacet
  facet normal 0.980776 -0.195136 0
    outer loop
      vertex 8.97156 16.5435 0
      vertex 8.91796 16.2741 5
      vertex 8.91796 16.2741 0
    endloop
  endfacet
  facet normal -0.997851 0.0655283 0
    outer loop
      vertex 21.082 15.7259 0
      vertex 21.1 16 5
      vertex 21.1 16 0
    endloop
  endfacet
  facet normal -0.997851 0.0655283 0
    outer loop
      vertex 21.1 16 5
      vertex 21.082 15.7259 0
      vertex 21.082 15.7259 5
    endloop
  endfacet
  facet normal 0 1 -0
    outer loop
      vertex 19 13.9 0
      vertex 11 13.9 5
      vertex 19 13.9 5
    endloop
  endfacet
  facet normal 0 1 0
    outer loop
      vertex 11 13.9 5
      vertex 19 13.9 0
      vertex 11 13.9 0
    endloop
  endfacet
  facet normal 0.659319 0.751864 -0
    outer loop
      vertex 9.7216 14.334 0
      vertex 9.51508 14.5151 5
      vertex 9.7216 14.334 5
    endloop
  endfacet
  facet normal 0.659319 0.751864 0
    outer loop
      vertex 9.51508 14.5151 5
      vertex 9.7216 14.334 0
      vertex 9.51508 14.5151 0
    endloop
  endfacet
  facet normal 0.0655283 0.997851 -0
    outer loop
      vertex 11 13.9 0
      vertex 10.7259 13.918 5
      vertex 11 13.9 5
    endloop
  endfacet
  facet normal 0.0655283 0.997851 0
    outer loop
      vertex 10.7259 13.918 5
      vertex 11 13.9 0
      vertex 10.7259 13.918 0
    endloop
  endfacet
  facet normal 0.195136 -0.980776 0
    outer loop
      vertex 10.4565 18.0284 0
      vertex 10.7259 18.082 5
      vertex 10.4565 18.0284 5
    endloop
  endfacet
  facet normal 0.195136 -0.980776 0
    outer loop
      vertex 10.7259 18.082 5
      vertex 10.4565 18.0284 0
      vertex 10.7259 18.082 0
    endloop
  endfacet
  facet normal -0.831322 -0.555792 0
    outer loop
      vertex 20.8187 17.05 0
      vertex 20.666 17.2784 5
      vertex 20.666 17.2784 0
    endloop
  endfacet
  facet normal -0.831322 -0.555792 0
    outer loop
      vertex 20.666 17.2784 5
      vertex 20.8187 17.05 0
      vertex 20.8187 17.05 5
    endloop
  endfacet
  facet normal 0.896889 0.442256 0
    outer loop
      vertex 9.18135 14.95 5
      vertex 9.05985 15.1964 0
      vertex 9.05985 15.1964 5
    endloop
  endfacet
  facet normal 0.896889 0.442256 0
    outer loop
      vertex 9.05985 15.1964 0
      vertex 9.18135 14.95 5
      vertex 9.18135 14.95 0
    endloop
  endfacet
  facet normal 0.751796 0.659396 0
    outer loop
      vertex 9.51508 14.5151 5
      vertex 9.33396 14.7216 0
      vertex 9.33396 14.7216 5
    endloop
  endfacet
  facet normal 0.751796 0.659396 0
    outer loop
      vertex 9.33396 14.7216 0
      vertex 9.51508 14.5151 5
      vertex 9.51508 14.5151 0
    endloop
  endfacet
  facet normal -0.0655283 0.997851 0
    outer loop
      vertex 19.2741 13.918 0
      vertex 19 13.9 5
      vertex 19.2741 13.918 5
    endloop
  endfacet
  facet normal -0.0655283 0.997851 0
    outer loop
      vertex 19 13.9 5
      vertex 19.2741 13.918 0
      vertex 19 13.9 0
    endloop
  endfacet
  facet normal -0.897033 0.441964 0
    outer loop
      vertex 20.8187 14.95 0
      vertex 20.9401 15.1964 5
      vertex 20.9401 15.1964 0
    endloop
  endfacet
  facet normal -0.897033 0.441964 0
    outer loop
      vertex 20.9401 15.1964 5
      vertex 20.8187 14.95 0
      vertex 20.8187 14.95 5
    endloop
  endfacet
  facet normal 0.751796 -0.659396 0
    outer loop
      vertex 9.33396 17.2784 5
      vertex 9.51508 17.4849 0
      vertex 9.51508 17.4849 5
    endloop
  endfacet
  facet normal 0.751796 -0.659396 0
    outer loop
      vertex 9.51508 17.4849 0
      vertex 9.33396 17.2784 5
      vertex 9.33396 17.2784 0
    endloop
  endfacet
  facet normal 0.0655283 -0.997851 0
    outer loop
      vertex 10.7259 18.082 0
      vertex 11 18.1 5
      vertex 10.7259 18.082 5
    endloop
  endfacet
  facet normal 0.0655283 -0.997851 0
    outer loop
      vertex 11 18.1 5
      vertex 10.7259 18.082 0
      vertex 11 18.1 0
    endloop
  endfacet
  facet normal 0 -1 0
    outer loop
      vertex 11 18.1 0
      vertex 19 18.1 5
      vertex 11 18.1 5
    endloop
  endfacet
  facet normal 0 -1 -0
    outer loop
      vertex 19 18.1 5
      vertex 11 18.1 0
      vertex 19 18.1 0
    endloop
  endfacet
  facet normal -0.980776 -0.195136 0
    outer loop
      vertex 21.082 16.2741 0
      vertex 21.0284 16.5435 5
      vertex 21.0284 16.5435 0
    endloop
  endfacet
  facet normal -0.980776 -0.195136 0
    outer loop
      vertex 21.0284 16.5435 5
      vertex 21.082 16.2741 0
      vertex 21.082 16.2741 5
    endloop
  endfacet
  facet normal -0.555792 -0.831322 0
    outer loop
      vertex 20.05 17.8187 0
      vertex 20.2784 17.666 5
      vertex 20.05 17.8187 5
    endloop
  endfacet
  facet normal -0.555792 -0.831322 -0
    outer loop
      vertex 20.2784 17.666 5
      vertex 20.05 17.8187 0
      vertex 20.2784 17.666 0
    endloop
  endfacet
  facet normal -0.0655283 -0.997851 0
    outer loop
      vertex 19 18.1 0
      vertex 19.2741 18.082 5
      vertex 19 18.1 5
    endloop
  endfacet
  facet normal -0.0655283 -0.997851 -0
    outer loop
      vertex 19.2741 18.082 5
      vertex 19 18.1 0
      vertex 19.2741 18.082 0
    endloop
  endfacet
  facet normal 0.441964 0.897033 -0
    outer loop
      vertex 10.1964 14.0599 0
      vertex 9.95 14.1813 5
      vertex 10.1964 14.0599 5
    endloop
  endfacet
  facet normal 0.441964 0.897033 0
    outer loop
      vertex 9.95 14.1813 5
      vertex 10.1964 14.0599 0
      vertex 9.95 14.1813 0
    endloop
  endfacet
  facet normal 0.831473 0.555565 0
    outer loop
      vertex 9.33396 14.7216 5
      vertex 9.18135 14.95 0
      vertex 9.18135 14.95 5
    endloop
  endfacet
  facet normal 0.831473 0.555565 0
    outer loop
      vertex 9.18135 14.95 0
      vertex 9.33396 14.7216 5
      vertex 9.33396 14.7216 0
    endloop
  endfacet
  facet normal 0.946932 0.321433 0
    outer loop
      vertex 9.05985 15.1964 5
      vertex 8.97156 15.4565 0
      vertex 8.97156 15.4565 5
    endloop
  endfacet
  facet normal 0.946932 0.321433 0
    outer loop
      vertex 8.97156 15.4565 0
      vertex 9.05985 15.1964 5
      vertex 9.05985 15.1964 0
    endloop
  endfacet
  facet normal 0.980776 0.195136 0
    outer loop
      vertex 8.97156 15.4565 5
      vertex 8.91796 15.7259 0
      vertex 8.91796 15.7259 5
    endloop
  endfacet
  facet normal 0.980776 0.195136 0
    outer loop
      vertex 8.91796 15.7259 0
      vertex 8.97156 15.4565 5
      vertex 8.97156 15.4565 0
    endloop
  endfacet
  facet normal 0.99786 0.0653833 0
    outer loop
      vertex 8.91796 15.7259 5
      vertex 8.9 16 0
      vertex 8.9 16 5
    endloop
  endfacet
  facet normal 0.99786 0.0653833 0
    outer loop
      vertex 8.9 16 0
      vertex 8.91796 15.7259 5
      vertex 8.91796 15.7259 0
    endloop
  endfacet
  facet normal -0.555792 0.831322 0
    outer loop
      vertex 20.2784 14.334 0
      vertex 20.05 14.1813 5
      vertex 20.2784 14.334 5
    endloop
  endfacet
  facet normal -0.555792 0.831322 0
    outer loop
      vertex 20.05 14.1813 5
      vertex 20.2784 14.334 0
      vertex 20.05 14.1813 0
    endloop
  endfacet
  facet normal -0.659355 0.751832 0
    outer loop
      vertex 20.4849 14.5151 0
      vertex 20.2784 14.334 5
      vertex 20.4849 14.5151 5
    endloop
  endfacet
  facet normal -0.659355 0.751832 0
    outer loop
      vertex 20.2784 14.334 5
      vertex 20.4849 14.5151 0
      vertex 20.2784 14.334 0
    endloop
  endfacet
  facet normal -0.946921 0.321465 0
    outer loop
      vertex 20.9401 15.1964 0
      vertex 21.0284 15.4565 5
      vertex 21.0284 15.4565 0
    endloop
  endfacet
  facet normal -0.946921 0.321465 0
    outer loop
      vertex 21.0284 15.4565 5
      vertex 20.9401 15.1964 0
      vertex 20.9401 15.1964 5
    endloop
  endfacet
  facet normal 0.896889 -0.442256 0
    outer loop
      vertex 9.05985 16.8036 5
      vertex 9.18135 17.05 0
      vertex 9.18135 17.05 5
    endloop
  endfacet
  facet normal 0.896889 -0.442256 0
    outer loop
      vertex 9.18135 17.05 0
      vertex 9.05985 16.8036 5
      vertex 9.05985 16.8036 0
    endloop
  endfacet
  facet normal 0.831473 -0.555565 0
    outer loop
      vertex 9.18135 17.05 5
      vertex 9.33396 17.2784 0
      vertex 9.33396 17.2784 5
    endloop
  endfacet
  facet normal 0.831473 -0.555565 0
    outer loop
      vertex 9.33396 17.2784 0
      vertex 9.18135 17.05 5
      vertex 9.18135 17.05 0
    endloop
  endfacet
  facet normal 0.659319 -0.751864 0
    outer loop
      vertex 9.51508 17.4849 0
      vertex 9.7216 17.666 5
      vertex 9.51508 17.4849 5
    endloop
  endfacet
  facet normal 0.659319 -0.751864 0
    outer loop
      vertex 9.7216 17.666 5
      vertex 9.51508 17.4849 0
      vertex 9.7216 17.666 0
    endloop
  endfacet
  facet normal -0.897033 -0.441964 0
    outer loop
      vertex 20.9401 16.8036 0
      vertex 20.8187 17.05 5
      vertex 20.8187 17.05 0
    endloop
  endfacet
  facet normal -0.897033 -0.441964 0
    outer loop
      vertex 20.8187 17.05 5
      vertex 20.9401 16.8036 0
      vertex 20.9401 16.8036 5
    endloop
  endfacet
  facet normal -0.946921 -0.321465 0
    outer loop
      vertex 21.0284 16.5435 0
      vertex 20.9401 16.8036 5
      vertex 20.9401 16.8036 0
    endloop
  endfacet
  facet normal -0.946921 -0.321465 0
    outer loop
      vertex 20.9401 16.8036 5
      vertex 21.0284 16.5435 0
      vertex 21.0284 16.5435 5
    endloop
  endfacet
  facet normal -0.997851 -0.0655283 0
    outer loop
      vertex 21.1 16 0
      vertex 21.082 16.2741 5
      vertex 21.082 16.2741 0
    endloop
  endfacet
  facet normal -0.997851 -0.0655283 0
    outer loop
      vertex 21.082 16.2741 5
      vertex 21.1 16 0
      vertex 21.1 16 5
    endloop
  endfacet
  facet normal -0.659355 -0.751832 0
    outer loop
      vertex 20.2784 17.666 0
      vertex 20.4849 17.4849 5
      vertex 20.2784 17.666 5
    endloop
  endfacet
  facet normal -0.659355 -0.751832 -0
    outer loop
      vertex 20.4849 17.4849 5
      vertex 20.2784 17.666 0
      vertex 20.4849 17.4849 0
    endloop
  endfacet
  facet normal -0.751832 -0.659355 0
    outer loop
      vertex 20.666 17.2784 0
      vertex 20.4849 17.4849 5
      vertex 20.4849 17.4849 0
    endloop
  endfacet
  facet normal -0.751832 -0.659355 0
    outer loop
      vertex 20.4849 17.4849 5
      vertex 20.666 17.2784 0
      vertex 20.666 17.2784 5
    endloop
  endfacet
  facet normal -0.321465 -0.946921 0
    outer loop
      vertex 19.5435 18.0284 0
      vertex 19.8036 17.9401 5
      vertex 19.5435 18.0284 5
    endloop
  endfacet
  facet normal -0.321465 -0.946921 -0
    outer loop
      vertex 19.8036 17.9401 5
      vertex 19.5435 18.0284 0
      vertex 19.8036 17.9401 0
    endloop
  endfacet
  facet normal -0.441964 -0.897033 0
    outer loop
      vertex 19.8036 17.9401 0
      vertex 20.05 17.8187 5
      vertex 19.8036 17.9401 5
    endloop
  endfacet
  facet normal -0.441964 -0.897033 -0
    outer loop
      vertex 20.05 17.8187 5
      vertex 19.8036 17.9401 0
      vertex 20.05 17.8187 0
    endloop
  endfacet
  facet normal -0.195136 -0.980776 0
    outer loop
      vertex 19.2741 18.082 0
      vertex 19.5435 18.0284 5
      vertex 19.2741 18.082 5
    endloop
  endfacet
  facet normal -0.195136 -0.980776 -0
    outer loop
      vertex 19.5435 18.0284 5
      vertex 19.2741 18.082 0
      vertex 19.5435 18.0284 0
    endloop
  endfacet
  facet normal 0.195136 0.980776 -0
    outer loop
      vertex 10.7259 13.918 0
      vertex 10.4565 13.9716 5
      vertex 10.7259 13.918 5
    endloop
  endfacet
  facet normal 0.195136 0.980776 0
    outer loop
      vertex 10.4565 13.9716 5
      vertex 10.7259 13.918 0
      vertex 10.4565 13.9716 0
    endloop
  endfacet
  facet normal 0.321465 0.946921 -0
    outer loop
      vertex 10.4565 13.9716 0
      vertex 10.1964 14.0599 5
      vertex 10.4565 13.9716 5
    endloop
  endfacet
  facet normal 0.321465 0.946921 0
    outer loop
      vertex 10.1964 14.0599 5
      vertex 10.4565 13.9716 0
      vertex 10.1964 14.0599 0
    endloop
  endfacet
  facet normal 0.555792 0.831322 -0
    outer loop
      vertex 9.95 14.1813 0
      vertex 9.7216 14.334 5
      vertex 9.95 14.1813 5
    endloop
  endfacet
  facet normal 0.555792 0.831322 0
    outer loop
      vertex 9.7216 14.334 5
      vertex 9.95 14.1813 0
      vertex 9.7216 14.334 0
    endloop
  endfacet
  facet normal -0.441964 0.897033 0
    outer loop
      vertex 20.05 14.1813 0
      vertex 19.8036 14.0599 5
      vertex 20.05 14.1813 5
    endloop
  endfacet
  facet normal -0.441964 0.897033 0
    outer loop
      vertex 19.8036 14.0599 5
      vertex 20.05 14.1813 0
      vertex 19.8036 14.0599 0
    endloop
  endfacet
  facet normal -0.831322 0.555792 0
    outer loop
      vertex 20.666 14.7216 0
      vertex 20.8187 14.95 5
      vertex 20.8187 14.95 0
    endloop
  endfacet
  facet normal -0.831322 0.555792 0
    outer loop
      vertex 20.8187 14.95 5
      vertex 20.666 14.7216 0
      vertex 20.666 14.7216 5
    endloop
  endfacet
  facet normal -0.751832 0.659355 0
    outer loop
      vertex 20.4849 14.5151 0
      vertex 20.666 14.7216 5
      vertex 20.666 14.7216 0
    endloop
  endfacet
  facet normal -0.751832 0.659355 0
    outer loop
      vertex 20.666 14.7216 5
      vertex 20.4849 14.5151 0
      vertex 20.4849 14.5151 5
    endloop
  endfacet
  facet normal -0.980776 0.195136 0
    outer loop
      vertex 21.0284 15.4565 0
      vertex 21.082 15.7259 5
      vertex 21.082 15.7259 0
    endloop
  endfacet
  facet normal -0.980776 0.195136 0
    outer loop
      vertex 21.082 15.7259 5
      vertex 21.0284 15.4565 0
      vertex 21.0284 15.4565 5
    endloop
  endfacet
  facet normal 0.946932 -0.321433 0
    outer loop
      vertex 8.97156 16.5435 5
      vertex 9.05985 16.8036 0
      vertex 9.05985 16.8036 5
    endloop
  endfacet
  facet normal 0.946932 -0.321433 0
    outer loop
      vertex 9.05985 16.8036 0
      vertex 8.97156 16.5435 5
      vertex 8.97156 16.5435 0
    endloop
  endfacet
  facet normal 0.321465 -0.946921 0
    outer loop
      vertex 10.1964 17.9401 0
      vertex 10.4565 18.0284 5
      vertex 10.1964 17.9401 5
    endloop
  endfacet
  facet normal 0.321465 -0.946921 0
    outer loop
      vertex 10.4565 18.0284 5
      vertex 10.1964 17.9401 0
      vertex 10.4565 18.0284 0
    endloop
  endfacet
  facet normal 0.441964 -0.897033 0
    outer loop
      vertex 9.95 17.8187 0
      vertex 10.1964 17.9401 5
      vertex 9.95 17.8187 5
    endloop
  endfacet
  facet normal 0.441964 -0.897033 0
    outer loop
      vertex 10.1964 17.9401 5
      vertex 9.95 17.8187 0
      vertex 10.1964 17.9401 0
    endloop
  endfacet
  facet normal -0.321465 0.946921 0
    outer loop
      vertex 19.8036 14.0599 0
      vertex 19.5435 13.9716 5
      vertex 19.8036 14.0599 5
    endloop
  endfacet
  facet normal -0.321465 0.946921 0
    outer loop
      vertex 19.5435 13.9716 5
      vertex 19.8036 14.0599 0
      vertex 19.5435 13.9716 0
    endloop
  endfacet
  facet normal -0.195136 0.980776 0
    outer loop
      vertex 19.5435 13.9716 0
      vertex 19.2741 13.918 5
      vertex 19.5435 13.9716 5
    endloop
  endfacet
  facet normal -0.195136 0.980776 0
    outer loop
      vertex 19.2741 13.918 5
      vertex 19.5435 13.9716 0
      vertex 19.2741 13.918 0
    endloop
  endfacet
  facet normal 0.555792 -0.831322 0
    outer loop
      vertex 9.7216 17.666 0
      vertex 9.95 17.8187 5
      vertex 9.7216 17.666 5
    endloop
  endfacet
  facet normal 0.555792 -0.831322 0
    outer loop
      vertex 9.95 17.8187 5
      vertex 9.7216 17.666 0
      vertex 9.95 17.8187 0
    endloop
  endfacet
  facet normal -0.555632 -0.831428 0
    outer loop
      vertex 16.325 32.295 0
      vertex 16.6132 32.1024 19.2
      vertex 16.325 32.295 19.2
    endloop
  endfacet
  facet normal -0.555632 -0.831428 -0
    outer loop
      vertex 16.6132 32.1024 19.2
      vertex 16.325 32.295 0
      vertex 16.6132 32.1024 0
    endloop
  endfacet
  facet normal 0.980802 -0.195007 0
    outer loop
      vertex 12.3727 30.3459 19.2
      vertex 12.4403 30.6859 0
      vertex 12.4403 30.6859 19.2
    endloop
  endfacet
  facet normal 0.980802 -0.195007 0
    outer loop
      vertex 12.4403 30.6859 0
      vertex 12.3727 30.3459 19.2
      vertex 12.3727 30.3459 0
    endloop
  endfacet
  facet normal -0.980802 0.195007 0
    outer loop
      vertex 17.5597 29.3141 0
      vertex 17.6273 29.6541 19.2
      vertex 17.6273 29.6541 0
    endloop
  endfacet
  facet normal -0.980802 0.195007 0
    outer loop
      vertex 17.6273 29.6541 19.2
      vertex 17.5597 29.3141 0
      vertex 17.5597 29.3141 19.2
    endloop
  endfacet
  facet normal 0.195007 0.980802 -0
    outer loop
      vertex 14.6541 27.3727 0
      vertex 14.3141 27.4403 19.2
      vertex 14.6541 27.3727 19.2
    endloop
  endfacet
  facet normal 0.195007 0.980802 0
    outer loop
      vertex 14.3141 27.4403 19.2
      vertex 14.6541 27.3727 0
      vertex 14.3141 27.4403 0
    endloop
  endfacet
  facet normal 0.442245 -0.896894 0
    outer loop
      vertex 13.675 32.295 0
      vertex 13.9859 32.4483 19.2
      vertex 13.675 32.295 19.2
    endloop
  endfacet
  facet normal 0.442245 -0.896894 0
    outer loop
      vertex 13.9859 32.4483 19.2
      vertex 13.675 32.295 0
      vertex 13.9859 32.4483 0
    endloop
  endfacet
  facet normal 0.946938 -0.321416 0
    outer loop
      vertex 12.4403 30.6859 19.2
      vertex 12.5517 31.0141 0
      vertex 12.5517 31.0141 19.2
    endloop
  endfacet
  facet normal 0.946938 -0.321416 0
    outer loop
      vertex 12.5517 31.0141 0
      vertex 12.4403 30.6859 19.2
      vertex 12.4403 30.6859 0
    endloop
  endfacet
  facet normal -0.997854 0.065485 0
    outer loop
      vertex 17.6273 29.6541 0
      vertex 17.65 30 19.2
      vertex 17.65 30 0
    endloop
  endfacet
  facet normal -0.997854 0.065485 0
    outer loop
      vertex 17.65 30 19.2
      vertex 17.6273 29.6541 0
      vertex 17.6273 29.6541 19.2
    endloop
  endfacet
  facet normal 0.321416 0.946938 -0
    outer loop
      vertex 14.3141 27.4403 0
      vertex 13.9859 27.5517 19.2
      vertex 14.3141 27.4403 19.2
    endloop
  endfacet
  facet normal 0.321416 0.946938 0
    outer loop
      vertex 13.9859 27.5517 19.2
      vertex 14.3141 27.4403 0
      vertex 13.9859 27.5517 0
    endloop
  endfacet
  facet normal -0.896894 -0.442245 0
    outer loop
      vertex 17.4483 31.0141 0
      vertex 17.295 31.325 19.2
      vertex 17.295 31.325 0
    endloop
  endfacet
  facet normal -0.896894 -0.442245 0
    outer loop
      vertex 17.295 31.325 19.2
      vertex 17.4483 31.0141 0
      vertex 17.4483 31.0141 19.2
    endloop
  endfacet
  facet normal -0.831428 -0.555632 0
    outer loop
      vertex 17.295 31.325 0
      vertex 17.1024 31.6132 19.2
      vertex 17.1024 31.6132 0
    endloop
  endfacet
  facet normal -0.831428 -0.555632 0
    outer loop
      vertex 17.1024 31.6132 19.2
      vertex 17.295 31.325 0
      vertex 17.295 31.325 19.2
    endloop
  endfacet
  facet normal -0.659444 -0.751754 0
    outer loop
      vertex 16.6132 32.1024 0
      vertex 16.8738 31.8738 19.2
      vertex 16.6132 32.1024 19.2
    endloop
  endfacet
  facet normal -0.659444 -0.751754 -0
    outer loop
      vertex 16.8738 31.8738 19.2
      vertex 16.6132 32.1024 0
      vertex 16.8738 31.8738 0
    endloop
  endfacet
  facet normal -0.321416 -0.946938 0
    outer loop
      vertex 15.6859 32.5597 0
      vertex 16.0141 32.4483 19.2
      vertex 15.6859 32.5597 19.2
    endloop
  endfacet
  facet normal -0.321416 -0.946938 -0
    outer loop
      vertex 16.0141 32.4483 19.2
      vertex 15.6859 32.5597 0
      vertex 16.0141 32.4483 0
    endloop
  endfacet
  facet normal -0.195007 -0.980802 0
    outer loop
      vertex 15.3459 32.6273 0
      vertex 15.6859 32.5597 19.2
      vertex 15.3459 32.6273 19.2
    endloop
  endfacet
  facet normal -0.195007 -0.980802 -0
    outer loop
      vertex 15.6859 32.5597 19.2
      vertex 15.3459 32.6273 0
      vertex 15.6859 32.5597 0
    endloop
  endfacet
  facet normal -0.065485 -0.997854 0
    outer loop
      vertex 15 32.65 0
      vertex 15.3459 32.6273 19.2
      vertex 15 32.65 19.2
    endloop
  endfacet
  facet normal -0.065485 -0.997854 -0
    outer loop
      vertex 15.3459 32.6273 19.2
      vertex 15 32.65 0
      vertex 15.3459 32.6273 0
    endloop
  endfacet
  facet normal 0.997854 -0.065485 0
    outer loop
      vertex 12.35 30 19.2
      vertex 12.3727 30.3459 0
      vertex 12.3727 30.3459 19.2
    endloop
  endfacet
  facet normal 0.997854 -0.065485 0
    outer loop
      vertex 12.3727 30.3459 0
      vertex 12.35 30 19.2
      vertex 12.35 30 0
    endloop
  endfacet
  facet normal 0.831428 -0.555632 0
    outer loop
      vertex 12.705 31.325 19.2
      vertex 12.8976 31.6132 0
      vertex 12.8976 31.6132 19.2
    endloop
  endfacet
  facet normal 0.831428 -0.555632 0
    outer loop
      vertex 12.8976 31.6132 0
      vertex 12.705 31.325 19.2
      vertex 12.705 31.325 0
    endloop
  endfacet
  facet normal 0.321416 -0.946938 0
    outer loop
      vertex 13.9859 32.4483 0
      vertex 14.3141 32.5597 19.2
      vertex 13.9859 32.4483 19.2
    endloop
  endfacet
  facet normal 0.321416 -0.946938 0
    outer loop
      vertex 14.3141 32.5597 19.2
      vertex 13.9859 32.4483 0
      vertex 14.3141 32.5597 0
    endloop
  endfacet
  facet normal 0.751754 -0.659444 0
    outer loop
      vertex 12.8976 31.6132 19.2
      vertex 13.1262 31.8738 0
      vertex 13.1262 31.8738 19.2
    endloop
  endfacet
  facet normal 0.751754 -0.659444 0
    outer loop
      vertex 13.1262 31.8738 0
      vertex 12.8976 31.6132 19.2
      vertex 12.8976 31.6132 0
    endloop
  endfacet
  facet normal -0.946938 0.321416 0
    outer loop
      vertex 17.4483 28.9859 0
      vertex 17.5597 29.3141 19.2
      vertex 17.5597 29.3141 0
    endloop
  endfacet
  facet normal -0.946938 0.321416 0
    outer loop
      vertex 17.5597 29.3141 19.2
      vertex 17.4483 28.9859 0
      vertex 17.4483 28.9859 19.2
    endloop
  endfacet
  facet normal -0.442245 0.896894 0
    outer loop
      vertex 16.325 27.705 0
      vertex 16.0141 27.5517 19.2
      vertex 16.325 27.705 19.2
    endloop
  endfacet
  facet normal -0.442245 0.896894 0
    outer loop
      vertex 16.0141 27.5517 19.2
      vertex 16.325 27.705 0
      vertex 16.0141 27.5517 0
    endloop
  endfacet
  facet normal 0.065485 0.997854 -0
    outer loop
      vertex 15 27.35 0
      vertex 14.6541 27.3727 19.2
      vertex 15 27.35 19.2
    endloop
  endfacet
  facet normal 0.065485 0.997854 0
    outer loop
      vertex 14.6541 27.3727 19.2
      vertex 15 27.35 0
      vertex 14.6541 27.3727 0
    endloop
  endfacet
  facet normal 0.555632 0.831428 -0
    outer loop
      vertex 13.675 27.705 0
      vertex 13.3868 27.8976 19.2
      vertex 13.675 27.705 19.2
    endloop
  endfacet
  facet normal 0.555632 0.831428 0
    outer loop
      vertex 13.3868 27.8976 19.2
      vertex 13.675 27.705 0
      vertex 13.3868 27.8976 0
    endloop
  endfacet
  facet normal 0.946938 0.321416 0
    outer loop
      vertex 12.5517 28.9859 19.2
      vertex 12.4403 29.3141 0
      vertex 12.4403 29.3141 19.2
    endloop
  endfacet
  facet normal 0.946938 0.321416 0
    outer loop
      vertex 12.4403 29.3141 0
      vertex 12.5517 28.9859 19.2
      vertex 12.5517 28.9859 0
    endloop
  endfacet
  facet normal -0.980802 -0.195007 0
    outer loop
      vertex 17.6273 30.3459 0
      vertex 17.5597 30.6859 19.2
      vertex 17.5597 30.6859 0
    endloop
  endfacet
  facet normal -0.980802 -0.195007 0
    outer loop
      vertex 17.5597 30.6859 19.2
      vertex 17.6273 30.3459 0
      vertex 17.6273 30.3459 19.2
    endloop
  endfacet
  facet normal -0.946938 -0.321416 0
    outer loop
      vertex 17.5597 30.6859 0
      vertex 17.4483 31.0141 19.2
      vertex 17.4483 31.0141 0
    endloop
  endfacet
  facet normal -0.946938 -0.321416 0
    outer loop
      vertex 17.4483 31.0141 19.2
      vertex 17.5597 30.6859 0
      vertex 17.5597 30.6859 19.2
    endloop
  endfacet
  facet normal -0.751754 -0.659444 0
    outer loop
      vertex 17.1024 31.6132 0
      vertex 16.8738 31.8738 19.2
      vertex 16.8738 31.8738 0
    endloop
  endfacet
  facet normal -0.751754 -0.659444 0
    outer loop
      vertex 16.8738 31.8738 19.2
      vertex 17.1024 31.6132 0
      vertex 17.1024 31.6132 19.2
    endloop
  endfacet
  facet normal 0.065485 -0.997854 0
    outer loop
      vertex 14.6541 32.6273 0
      vertex 15 32.65 19.2
      vertex 14.6541 32.6273 19.2
    endloop
  endfacet
  facet normal 0.065485 -0.997854 0
    outer loop
      vertex 15 32.65 19.2
      vertex 14.6541 32.6273 0
      vertex 15 32.65 0
    endloop
  endfacet
  facet normal -0.442245 -0.896894 0
    outer loop
      vertex 16.0141 32.4483 0
      vertex 16.325 32.295 19.2
      vertex 16.0141 32.4483 19.2
    endloop
  endfacet
  facet normal -0.442245 -0.896894 -0
    outer loop
      vertex 16.325 32.295 19.2
      vertex 16.0141 32.4483 0
      vertex 16.325 32.295 0
    endloop
  endfacet
  facet normal 0.997854 0.065485 0
    outer loop
      vertex 12.3727 29.6541 19.2
      vertex 12.35 30 0
      vertex 12.35 30 19.2
    endloop
  endfacet
  facet normal 0.997854 0.065485 0
    outer loop
      vertex 12.35 30 0
      vertex 12.3727 29.6541 19.2
      vertex 12.3727 29.6541 0
    endloop
  endfacet
  facet normal 0.896894 -0.442245 0
    outer loop
      vertex 12.5517 31.0141 19.2
      vertex 12.705 31.325 0
      vertex 12.705 31.325 19.2
    endloop
  endfacet
  facet normal 0.896894 -0.442245 0
    outer loop
      vertex 12.705 31.325 0
      vertex 12.5517 31.0141 19.2
      vertex 12.5517 31.0141 0
    endloop
  endfacet
  facet normal 0.195007 -0.980802 0
    outer loop
      vertex 14.3141 32.5597 0
      vertex 14.6541 32.6273 19.2
      vertex 14.3141 32.5597 19.2
    endloop
  endfacet
  facet normal 0.195007 -0.980802 0
    outer loop
      vertex 14.6541 32.6273 19.2
      vertex 14.3141 32.5597 0
      vertex 14.6541 32.6273 0
    endloop
  endfacet
  facet normal 0.659444 -0.751754 0
    outer loop
      vertex 13.1262 31.8738 0
      vertex 13.3868 32.1024 19.2
      vertex 13.1262 31.8738 19.2
    endloop
  endfacet
  facet normal 0.659444 -0.751754 0
    outer loop
      vertex 13.3868 32.1024 19.2
      vertex 13.1262 31.8738 0
      vertex 13.3868 32.1024 0
    endloop
  endfacet
  facet normal 0.555632 -0.831428 0
    outer loop
      vertex 13.3868 32.1024 0
      vertex 13.675 32.295 19.2
      vertex 13.3868 32.1024 19.2
    endloop
  endfacet
  facet normal 0.555632 -0.831428 0
    outer loop
      vertex 13.675 32.295 19.2
      vertex 13.3868 32.1024 0
      vertex 13.675 32.295 0
    endloop
  endfacet
  facet normal -0.997854 -0.065485 0
    outer loop
      vertex 17.65 30 0
      vertex 17.6273 30.3459 19.2
      vertex 17.6273 30.3459 0
    endloop
  endfacet
  facet normal -0.997854 -0.065485 0
    outer loop
      vertex 17.6273 30.3459 19.2
      vertex 17.65 30 0
      vertex 17.65 30 19.2
    endloop
  endfacet
  facet normal -0.195007 0.980802 0
    outer loop
      vertex 15.6859 27.4403 0
      vertex 15.3459 27.3727 19.2
      vertex 15.6859 27.4403 19.2
    endloop
  endfacet
  facet normal -0.195007 0.980802 0
    outer loop
      vertex 15.3459 27.3727 19.2
      vertex 15.6859 27.4403 0
      vertex 15.3459 27.3727 0
    endloop
  endfacet
  facet normal -0.831428 0.555632 0
    outer loop
      vertex 17.1024 28.3868 0
      vertex 17.295 28.675 19.2
      vertex 17.295 28.675 0
    endloop
  endfacet
  facet normal -0.831428 0.555632 0
    outer loop
      vertex 17.295 28.675 19.2
      vertex 17.1024 28.3868 0
      vertex 17.1024 28.3868 19.2
    endloop
  endfacet
  facet normal -0.896894 0.442245 0
    outer loop
      vertex 17.295 28.675 0
      vertex 17.4483 28.9859 19.2
      vertex 17.4483 28.9859 0
    endloop
  endfacet
  facet normal -0.896894 0.442245 0
    outer loop
      vertex 17.4483 28.9859 19.2
      vertex 17.295 28.675 0
      vertex 17.295 28.675 19.2
    endloop
  endfacet
  facet normal -0.321416 0.946938 0
    outer loop
      vertex 16.0141 27.5517 0
      vertex 15.6859 27.4403 19.2
      vertex 16.0141 27.5517 19.2
    endloop
  endfacet
  facet normal -0.321416 0.946938 0
    outer loop
      vertex 15.6859 27.4403 19.2
      vertex 16.0141 27.5517 0
      vertex 15.6859 27.4403 0
    endloop
  endfacet
  facet normal -0.751754 0.659444 0
    outer loop
      vertex 16.8738 28.1262 0
      vertex 17.1024 28.3868 19.2
      vertex 17.1024 28.3868 0
    endloop
  endfacet
  facet normal -0.751754 0.659444 0
    outer loop
      vertex 17.1024 28.3868 19.2
      vertex 16.8738 28.1262 0
      vertex 16.8738 28.1262 19.2
    endloop
  endfacet
  facet normal -0.555632 0.831428 0
    outer loop
      vertex 16.6132 27.8976 0
      vertex 16.325 27.705 19.2
      vertex 16.6132 27.8976 19.2
    endloop
  endfacet
  facet normal -0.555632 0.831428 0
    outer loop
      vertex 16.325 27.705 19.2
      vertex 16.6132 27.8976 0
      vertex 16.325 27.705 0
    endloop
  endfacet
  facet normal -0.065485 0.997854 0
    outer loop
      vertex 15.3459 27.3727 0
      vertex 15 27.35 19.2
      vertex 15.3459 27.3727 19.2
    endloop
  endfacet
  facet normal -0.065485 0.997854 0
    outer loop
      vertex 15 27.35 19.2
      vertex 15.3459 27.3727 0
      vertex 15 27.35 0
    endloop
  endfacet
  facet normal 0.442245 0.896894 -0
    outer loop
      vertex 13.9859 27.5517 0
      vertex 13.675 27.705 19.2
      vertex 13.9859 27.5517 19.2
    endloop
  endfacet
  facet normal 0.442245 0.896894 0
    outer loop
      vertex 13.675 27.705 19.2
      vertex 13.9859 27.5517 0
      vertex 13.675 27.705 0
    endloop
  endfacet
  facet normal 0.896894 0.442245 0
    outer loop
      vertex 12.705 28.675 19.2
      vertex 12.5517 28.9859 0
      vertex 12.5517 28.9859 19.2
    endloop
  endfacet
  facet normal 0.896894 0.442245 0
    outer loop
      vertex 12.5517 28.9859 0
      vertex 12.705 28.675 19.2
      vertex 12.705 28.675 0
    endloop
  endfacet
  facet normal 0.980802 0.195007 0
    outer loop
      vertex 12.4403 29.3141 19.2
      vertex 12.3727 29.6541 0
      vertex 12.3727 29.6541 19.2
    endloop
  endfacet
  facet normal 0.980802 0.195007 0
    outer loop
      vertex 12.3727 29.6541 0
      vertex 12.4403 29.3141 19.2
      vertex 12.4403 29.3141 0
    endloop
  endfacet
  facet normal 0.659444 0.751754 -0
    outer loop
      vertex 13.3868 27.8976 0
      vertex 13.1262 28.1262 19.2
      vertex 13.3868 27.8976 19.2
    endloop
  endfacet
  facet normal 0.659444 0.751754 0
    outer loop
      vertex 13.1262 28.1262 19.2
      vertex 13.3868 27.8976 0
      vertex 13.1262 28.1262 0
    endloop
  endfacet
  facet normal 0.831428 0.555632 0
    outer loop
      vertex 12.8976 28.3868 19.2
      vertex 12.705 28.675 0
      vertex 12.705 28.675 19.2
    endloop
  endfacet
  facet normal 0.831428 0.555632 0
    outer loop
      vertex 12.705 28.675 0
      vertex 12.8976 28.3868 19.2
      vertex 12.8976 28.3868 0
    endloop
  endfacet
  facet normal -0.659444 0.751754 0
    outer loop
      vertex 16.8738 28.1262 0
      vertex 16.6132 27.8976 19.2
      vertex 16.8738 28.1262 19.2
    endloop
  endfacet
  facet normal -0.659444 0.751754 0
    outer loop
      vertex 16.6132 27.8976 19.2
      vertex 16.8738 28.1262 0
      vertex 16.6132 27.8976 0
    endloop
  endfacet
  facet normal 0.751754 0.659444 0
    outer loop
      vertex 13.1262 28.1262 19.2
      vertex 12.8976 28.3868 0
      vertex 12.8976 28.3868 19.2
    endloop
  endfacet
  facet normal 0.751754 0.659444 0
    outer loop
      vertex 12.8976 28.3868 0
      vertex 13.1262 28.1262 19.2
      vertex 13.1262 28.1262 0
    endloop
  endfacet
endsolid OpenSCAD_Model
