solid OpenSCAD_Model
  facet normal -0.997854 -0.0654722 0
    outer loop
      vertex 12.25 10.65 0
      vertex 12.2363 10.8588 5
      vertex 12.2363 10.8588 0
    endloop
  endfacet
  facet normal -0.997854 -0.0654722 0
    outer loop
      vertex 12.2363 10.8588 5
      vertex 12.25 10.65 0
      vertex 12.25 10.65 5
    endloop
  endfacet
  facet normal 0.997858 -0.0654247 0
    outer loop
      vertex 9.05 10.65 5
      vertex 9.06369 10.8588 0
      vertex 9.06369 10.8588 5
    endloop
  endfacet
  facet normal 0.997858 -0.0654247 0
    outer loop
      vertex 9.06369 10.8588 0
      vertex 9.05 10.65 5
      vertex 9.05 10.65 0
    endloop
  endfacet
  facet normal 0.0654722 -0.997854 0
    outer loop
      vertex 10.4412 12.2363 0
      vertex 10.65 12.25 5
      vertex 10.4412 12.2363 5
    endloop
  endfacet
  facet normal 0.0654722 -0.997854 0
    outer loop
      vertex 10.65 12.25 5
      vertex 10.4412 12.2363 0
      vertex 10.65 12.25 0
    endloop
  endfacet
  facet normal -0.0654247 0.997858 0
    outer loop
      vertex 10.8588 9.06369 0
      vertex 10.65 9.05 5
      vertex 10.8588 9.06369 5
    endloop
  endfacet
  facet normal -0.0654247 0.997858 0
    outer loop
      vertex 10.65 9.05 5
      vertex 10.8588 9.06369 0
      vertex 10.65 9.05 0
    endloop
  endfacet
  facet normal -0.659248 -0.751925 0
    outer loop
      vertex 11.624 11.9194 0
      vertex 11.7814 11.7814 5
      vertex 11.624 11.9194 5
    endloop
  endfacet
  facet normal -0.659248 -0.751925 -0
    outer loop
      vertex 11.7814 11.7814 5
      vertex 11.624 11.9194 0
      vertex 11.7814 11.7814 0
    endloop
  endfacet
  facet normal 0.751925 -0.659248 0
    outer loop
      vertex 9.38063 11.624 5
      vertex 9.51863 11.7814 0
      vertex 9.51863 11.7814 5
    endloop
  endfacet
  facet normal 0.751925 -0.659248 0
    outer loop
      vertex 9.51863 11.7814 0
      vertex 9.38063 11.624 5
      vertex 9.38063 11.624 0
    endloop
  endfacet
  facet normal 0.442429 -0.896803 0
    outer loop
      vertex 9.85 12.0356 0
      vertex 10.0377 12.1282 5
      vertex 9.85 12.0356 5
    endloop
  endfacet
  facet normal 0.442429 -0.896803 0
    outer loop
      vertex 10.0377 12.1282 5
      vertex 9.85 12.0356 0
      vertex 10.0377 12.1282 0
    endloop
  endfacet
  facet normal -0.896803 -0.442429 0
    outer loop
      vertex 12.1282 11.2623 0
      vertex 12.0356 11.45 5
      vertex 12.0356 11.45 0
    endloop
  endfacet
  facet normal -0.896803 -0.442429 0
    outer loop
      vertex 12.0356 11.45 5
      vertex 12.1282 11.2623 0
      vertex 12.1282 11.2623 5
    endloop
  endfacet
  facet normal -0.831609 -0.555362 0
    outer loop
      vertex 12.0356 11.45 0
      vertex 11.9194 11.624 5
      vertex 11.9194 11.624 0
    endloop
  endfacet
  facet normal -0.831609 -0.555362 0
    outer loop
      vertex 11.9194 11.624 5
      vertex 12.0356 11.45 0
      vertex 12.0356 11.45 5
    endloop
  endfacet
  facet normal -0.321526 -0.946901 0
    outer loop
      vertex 11.0641 12.1955 0
      vertex 11.2623 12.1282 5
      vertex 11.0641 12.1955 5
    endloop
  endfacet
  facet normal -0.321526 -0.946901 -0
    outer loop
      vertex 11.2623 12.1282 5
      vertex 11.0641 12.1955 0
      vertex 11.2623 12.1282 0
    endloop
  endfacet
  facet normal -0.194922 -0.980819 0
    outer loop
      vertex 10.8588 12.2363 0
      vertex 11.0641 12.1955 5
      vertex 10.8588 12.2363 5
    endloop
  endfacet
  facet normal -0.194922 -0.980819 -0
    outer loop
      vertex 11.0641 12.1955 5
      vertex 10.8588 12.2363 0
      vertex 11.0641 12.1955 0
    endloop
  endfacet
  facet normal -0.442429 -0.896803 0
    outer loop
      vertex 11.2623 12.1282 0
      vertex 11.45 12.0356 5
      vertex 11.2623 12.1282 5
    endloop
  endfacet
  facet normal -0.442429 -0.896803 -0
    outer loop
      vertex 11.45 12.0356 5
      vertex 11.2623 12.1282 0
      vertex 11.45 12.0356 0
    endloop
  endfacet
  facet normal 0.946944 -0.321397 0
    outer loop
      vertex 9.10452 11.0641 5
      vertex 9.17179 11.2623 0
      vertex 9.17179 11.2623 5
    endloop
  endfacet
  facet normal 0.946944 -0.321397 0
    outer loop
      vertex 9.17179 11.2623 0
      vertex 9.10452 11.0641 5
      vertex 9.10452 11.0641 0
    endloop
  endfacet
  facet normal 0.980791 -0.195059 0
    outer loop
      vertex 9.06369 10.8588 5
      vertex 9.10452 11.0641 0
      vertex 9.10452 11.0641 5
    endloop
  endfacet
  facet normal 0.980791 -0.195059 0
    outer loop
      vertex 9.10452 11.0641 0
      vertex 9.06369 10.8588 5
      vertex 9.06369 10.8588 0
    endloop
  endfacet
  facet normal 0.555318 -0.831638 0
    outer loop
      vertex 9.67598 11.9194 0
      vertex 9.85 12.0356 5
      vertex 9.67598 11.9194 5
    endloop
  endfacet
  facet normal 0.555318 -0.831638 0
    outer loop
      vertex 9.85 12.0356 5
      vertex 9.67598 11.9194 0
      vertex 9.85 12.0356 0
    endloop
  endfacet
  facet normal 0.321526 -0.946901 0
    outer loop
      vertex 10.0377 12.1282 0
      vertex 10.2359 12.1955 5
      vertex 10.0377 12.1282 5
    endloop
  endfacet
  facet normal 0.321526 -0.946901 0
    outer loop
      vertex 10.2359 12.1955 5
      vertex 10.0377 12.1282 0
      vertex 10.2359 12.1955 0
    endloop
  endfacet
  facet normal -0.195059 0.980791 0
    outer loop
      vertex 11.0641 9.10452 0
      vertex 10.8588 9.06369 5
      vertex 11.0641 9.10452 5
    endloop
  endfacet
  facet normal -0.195059 0.980791 0
    outer loop
      vertex 10.8588 9.06369 5
      vertex 11.0641 9.10452 0
      vertex 10.8588 9.06369 0
    endloop
  endfacet
  facet normal -0.442314 0.89686 0
    outer loop
      vertex 11.45 9.26436 0
      vertex 11.2623 9.17179 5
      vertex 11.45 9.26436 5
    endloop
  endfacet
  facet normal -0.442314 0.89686 0
    outer loop
      vertex 11.2623 9.17179 5
      vertex 11.45 9.26436 0
      vertex 11.2623 9.17179 0
    endloop
  endfacet
  facet normal -0.946901 -0.321526 0
    outer loop
      vertex 12.1955 11.0641 0
      vertex 12.1282 11.2623 5
      vertex 12.1282 11.2623 0
    endloop
  endfacet
  facet normal -0.946901 -0.321526 0
    outer loop
      vertex 12.1282 11.2623 5
      vertex 12.1955 11.0641 0
      vertex 12.1955 11.0641 5
    endloop
  endfacet
  facet normal -0.980819 -0.194922 0
    outer loop
      vertex 12.2363 10.8588 0
      vertex 12.1955 11.0641 5
      vertex 12.1955 11.0641 0
    endloop
  endfacet
  facet normal -0.980819 -0.194922 0
    outer loop
      vertex 12.1955 11.0641 5
      vertex 12.2363 10.8588 0
      vertex 12.2363 10.8588 5
    endloop
  endfacet
  facet normal -0.751925 -0.659248 0
    outer loop
      vertex 11.9194 11.624 0
      vertex 11.7814 11.7814 5
      vertex 11.7814 11.7814 0
    endloop
  endfacet
  facet normal -0.751925 -0.659248 0
    outer loop
      vertex 11.7814 11.7814 5
      vertex 11.9194 11.624 0
      vertex 11.9194 11.624 5
    endloop
  endfacet
  facet normal -0.0654722 -0.997854 0
    outer loop
      vertex 10.65 12.25 0
      vertex 10.8588 12.2363 5
      vertex 10.65 12.25 5
    endloop
  endfacet
  facet normal -0.0654722 -0.997854 -0
    outer loop
      vertex 10.8588 12.2363 5
      vertex 10.65 12.25 0
      vertex 10.8588 12.2363 0
    endloop
  endfacet
  facet normal -0.555362 -0.831609 0
    outer loop
      vertex 11.45 12.0356 0
      vertex 11.624 11.9194 5
      vertex 11.45 12.0356 5
    endloop
  endfacet
  facet normal -0.555362 -0.831609 -0
    outer loop
      vertex 11.624 11.9194 5
      vertex 11.45 12.0356 0
      vertex 11.624 11.9194 0
    endloop
  endfacet
  facet normal 0.89686 -0.442314 0
    outer loop
      vertex 9.17179 11.2623 5
      vertex 9.26436 11.45 0
      vertex 9.26436 11.45 5
    endloop
  endfacet
  facet normal 0.89686 -0.442314 0
    outer loop
      vertex 9.26436 11.45 0
      vertex 9.17179 11.2623 5
      vertex 9.17179 11.2623 0
    endloop
  endfacet
  facet normal 0.831454 -0.555593 0
    outer loop
      vertex 9.26436 11.45 5
      vertex 9.38063 11.624 0
      vertex 9.38063 11.624 5
    endloop
  endfacet
  facet normal 0.831454 -0.555593 0
    outer loop
      vertex 9.38063 11.624 0
      vertex 9.26436 11.45 5
      vertex 9.26436 11.45 0
    endloop
  endfacet
  facet normal 0.659367 -0.751821 0
    outer loop
      vertex 9.51863 11.7814 0
      vertex 9.67598 11.9194 5
      vertex 9.51863 11.7814 5
    endloop
  endfacet
  facet normal 0.659367 -0.751821 0
    outer loop
      vertex 9.67598 11.9194 5
      vertex 9.51863 11.7814 0
      vertex 9.67598 11.9194 0
    endloop
  endfacet
  facet normal 0.194922 -0.980819 0
    outer loop
      vertex 10.2359 12.1955 0
      vertex 10.4412 12.2363 5
      vertex 10.2359 12.1955 5
    endloop
  endfacet
  facet normal 0.194922 -0.980819 0
    outer loop
      vertex 10.4412 12.2363 5
      vertex 10.2359 12.1955 0
      vertex 10.4412 12.2363 0
    endloop
  endfacet
  facet normal -0.997854 0.0654722 0
    outer loop
      vertex 12.2363 10.4412 0
      vertex 12.25 10.65 5
      vertex 12.25 10.65 0
    endloop
  endfacet
  facet normal -0.997854 0.0654722 0
    outer loop
      vertex 12.25 10.65 5
      vertex 12.2363 10.4412 0
      vertex 12.2363 10.4412 5
    endloop
  endfacet
  facet normal -0.946901 0.321526 0
    outer loop
      vertex 12.1282 10.0377 0
      vertex 12.1955 10.2359 5
      vertex 12.1955 10.2359 0
    endloop
  endfacet
  facet normal -0.946901 0.321526 0
    outer loop
      vertex 12.1955 10.2359 5
      vertex 12.1282 10.0377 0
      vertex 12.1282 10.0377 5
    endloop
  endfacet
  facet normal -0.980819 0.194922 0
    outer loop
      vertex 12.1955 10.2359 0
      vertex 12.2363 10.4412 5
      vertex 12.2363 10.4412 0
    endloop
  endfacet
  facet normal -0.980819 0.194922 0
    outer loop
      vertex 12.2363 10.4412 5
      vertex 12.1955 10.2359 0
      vertex 12.1955 10.2359 5
    endloop
  endfacet
  facet normal 0.89686 0.442314 0
    outer loop
      vertex 9.26436 9.85 5
      vertex 9.17179 10.0377 0
      vertex 9.17179 10.0377 5
    endloop
  endfacet
  facet normal 0.89686 0.442314 0
    outer loop
      vertex 9.17179 10.0377 0
      vertex 9.26436 9.85 5
      vertex 9.26436 9.85 0
    endloop
  endfacet
  facet normal -0.555593 0.831454 0
    outer loop
      vertex 11.624 9.38063 0
      vertex 11.45 9.26436 5
      vertex 11.624 9.38063 5
    endloop
  endfacet
  facet normal -0.555593 0.831454 0
    outer loop
      vertex 11.45 9.26436 5
      vertex 11.624 9.38063 0
      vertex 11.45 9.26436 0
    endloop
  endfacet
  facet normal 0.980791 0.195059 0
    outer loop
      vertex 9.10452 10.2359 5
      vertex 9.06369 10.4412 0
      vertex 9.06369 10.4412 5
    endloop
  endfacet
  facet normal 0.980791 0.195059 0
    outer loop
      vertex 9.06369 10.4412 0
      vertex 9.10452 10.2359 5
      vertex 9.10452 10.2359 0
    endloop
  endfacet
  facet normal 0.997858 0.0654247 0
    outer loop
      vertex 9.06369 10.4412 5
      vertex 9.05 10.65 0
      vertex 9.05 10.65 5
    endloop
  endfacet
  facet normal 0.997858 0.0654247 0
    outer loop
      vertex 9.05 10.65 0
      vertex 9.06369 10.4412 5
      vertex 9.06369 10.4412 0
    endloop
  endfacet
  facet normal 0.946944 0.321397 0
    outer loop
      vertex 9.17179 10.0377 5
      vertex 9.10452 10.2359 0
      vertex 9.10452 10.2359 5
    endloop
  endfacet
  facet normal 0.946944 0.321397 0
    outer loop
      vertex 9.10452 10.2359 0
      vertex 9.17179 10.0377 5
      vertex 9.17179 10.0377 0
    endloop
  endfacet
  facet normal -0.659248 0.751925 0
    outer loop
      vertex 11.7814 9.51863 0
      vertex 11.624 9.38063 5
      vertex 11.7814 9.51863 5
    endloop
  endfacet
  facet normal -0.659248 0.751925 0
    outer loop
      vertex 11.624 9.38063 5
      vertex 11.7814 9.51863 0
      vertex 11.624 9.38063 0
    endloop
  endfacet
  facet normal -0.321397 0.946944 0
    outer loop
      vertex 11.2623 9.17179 0
      vertex 11.0641 9.10452 5
      vertex 11.2623 9.17179 5
    endloop
  endfacet
  facet normal -0.321397 0.946944 0
    outer loop
      vertex 11.0641 9.10452 5
      vertex 11.2623 9.17179 0
      vertex 11.0641 9.10452 0
    endloop
  endfacet
  facet normal -0.896803 0.442429 0
    outer loop
      vertex 12.0356 9.85 0
      vertex 12.1282 10.0377 5
      vertex 12.1282 10.0377 0
    endloop
  endfacet
  facet normal -0.896803 0.442429 0
    outer loop
      vertex 12.1282 10.0377 5
      vertex 12.0356 9.85 0
      vertex 12.0356 9.85 5
    endloop
  endfacet
  facet normal -0.831638 0.555318 0
    outer loop
      vertex 11.9194 9.67598 0
      vertex 12.0356 9.85 5
      vertex 12.0356 9.85 0
    endloop
  endfacet
  facet normal -0.831638 0.555318 0
    outer loop
      vertex 12.0356 9.85 5
      vertex 11.9194 9.67598 0
      vertex 11.9194 9.67598 5
    endloop
  endfacet
  facet normal 0.0654247 0.997858 -0
    outer loop
      vertex 10.65 9.05 0
      vertex 10.4412 9.06369 5
      vertex 10.65 9.05 5
    endloop
  endfacet
  facet normal 0.0654247 0.997858 0
    outer loop
      vertex 10.4412 9.06369 5
      vertex 10.65 9.05 0
      vertex 10.4412 9.06369 0
    endloop
  endfacet
  facet normal 0.321397 0.946944 -0
    outer loop
      vertex 10.2359 9.10452 0
      vertex 10.0377 9.17179 5
      vertex 10.2359 9.10452 5
    endloop
  endfacet
  facet normal 0.321397 0.946944 0
    outer loop
      vertex 10.0377 9.17179 5
      vertex 10.2359 9.10452 0
      vertex 10.0377 9.17179 0
    endloop
  endfacet
  facet normal 0.195059 0.980791 -0
    outer loop
      vertex 10.4412 9.06369 0
      vertex 10.2359 9.10452 5
      vertex 10.4412 9.06369 5
    endloop
  endfacet
  facet normal 0.195059 0.980791 0
    outer loop
      vertex 10.2359 9.10452 5
      vertex 10.4412 9.06369 0
      vertex 10.2359 9.10452 0
    endloop
  endfacet
  facet normal 0.751821 0.659367 0
    outer loop
      vertex 9.51863 9.51863 5
      vertex 9.38063 9.67598 0
      vertex 9.38063 9.67598 5
    endloop
  endfacet
  facet normal 0.751821 0.659367 0
    outer loop
      vertex 9.38063 9.67598 0
      vertex 9.51863 9.51863 5
      vertex 9.51863 9.51863 0
    endloop
  endfacet
  facet normal 0.659367 0.751821 -0
    outer loop
      vertex 9.67598 9.38063 0
      vertex 9.51863 9.51863 5
      vertex 9.67598 9.38063 5
    endloop
  endfacet
  facet normal 0.659367 0.751821 0
    outer loop
      vertex 9.51863 9.51863 5
      vertex 9.67598 9.38063 0
      vertex 9.51863 9.51863 0
    endloop
  endfacet
  facet normal -0.751821 0.659367 0
    outer loop
      vertex 11.7814 9.51863 0
      vertex 11.9194 9.67598 5
      vertex 11.9194 9.67598 0
    endloop
  endfacet
  facet normal -0.751821 0.659367 0
    outer loop
      vertex 11.9194 9.67598 5
      vertex 11.7814 9.51863 0
      vertex 11.7814 9.51863 5
    endloop
  endfacet
  facet normal 0.831484 0.555549 0
    outer loop
      vertex 9.38063 9.67598 5
      vertex 9.26436 9.85 0
      vertex 9.26436 9.85 5
    endloop
  endfacet
  facet normal 0.831484 0.555549 0
    outer loop
      vertex 9.26436 9.85 0
      vertex 9.38063 9.67598 5
      vertex 9.38063 9.67598 0
    endloop
  endfacet
  facet normal 0.442314 0.89686 -0
    outer loop
      vertex 10.0377 9.17179 0
      vertex 9.85 9.26436 5
      vertex 10.0377 9.17179 5
    endloop
  endfacet
  facet normal 0.442314 0.89686 0
    outer loop
      vertex 9.85 9.26436 5
      vertex 10.0377 9.17179 0
      vertex 9.85 9.26436 0
    endloop
  endfacet
  facet normal 0.555549 0.831484 -0
    outer loop
      vertex 9.85 9.26436 0
      vertex 9.67598 9.38063 5
      vertex 9.85 9.26436 5
    endloop
  endfacet
  facet normal 0.555549 0.831484 0
    outer loop
      vertex 9.67598 9.38063 5
      vertex 9.85 9.26436 0
      vertex 9.67598 9.38063 0
    endloop
  endfacet
  facet normal -0.997854 -0.0654722 0
    outer loop
      vertex 12.25 41.65 0
      vertex 12.2363 41.8588 5
      vertex 12.2363 41.8588 0
    endloop
  endfacet
  facet normal -0.997854 -0.0654722 0
    outer loop
      vertex 12.2363 41.8588 5
      vertex 12.25 41.65 0
      vertex 12.25 41.65 5
    endloop
  endfacet
  facet normal 0.0654722 -0.997854 0
    outer loop
      vertex 10.4412 43.2363 0
      vertex 10.65 43.25 5
      vertex 10.4412 43.2363 5
    endloop
  endfacet
  facet normal 0.0654722 -0.997854 0
    outer loop
      vertex 10.65 43.25 5
      vertex 10.4412 43.2363 0
      vertex 10.65 43.25 0
    endloop
  endfacet
  facet normal -0.0654722 0.997854 0
    outer loop
      vertex 10.8588 40.0637 0
      vertex 10.65 40.05 5
      vertex 10.8588 40.0637 5
    endloop
  endfacet
  facet normal -0.0654722 0.997854 0
    outer loop
      vertex 10.65 40.05 5
      vertex 10.8588 40.0637 0
      vertex 10.65 40.05 0
    endloop
  endfacet
  facet normal -0.659248 -0.751925 0
    outer loop
      vertex 11.624 42.9194 0
      vertex 11.7814 42.7814 5
      vertex 11.624 42.9194 5
    endloop
  endfacet
  facet normal -0.659248 -0.751925 -0
    outer loop
      vertex 11.7814 42.7814 5
      vertex 11.624 42.9194 0
      vertex 11.7814 42.7814 0
    endloop
  endfacet
  facet normal 0.751925 -0.659248 0
    outer loop
      vertex 9.38063 42.624 5
      vertex 9.51863 42.7814 0
      vertex 9.51863 42.7814 5
    endloop
  endfacet
  facet normal 0.751925 -0.659248 0
    outer loop
      vertex 9.51863 42.7814 0
      vertex 9.38063 42.624 5
      vertex 9.38063 42.624 0
    endloop
  endfacet
  facet normal 0.442429 -0.896803 0
    outer loop
      vertex 9.85 43.0356 0
      vertex 10.0377 43.1282 5
      vertex 9.85 43.0356 5
    endloop
  endfacet
  facet normal 0.442429 -0.896803 0
    outer loop
      vertex 10.0377 43.1282 5
      vertex 9.85 43.0356 0
      vertex 10.0377 43.1282 0
    endloop
  endfacet
  facet normal -0.896803 -0.442429 0
    outer loop
      vertex 12.1282 42.2623 0
      vertex 12.0356 42.45 5
      vertex 12.0356 42.45 0
    endloop
  endfacet
  facet normal -0.896803 -0.442429 0
    outer loop
      vertex 12.0356 42.45 5
      vertex 12.1282 42.2623 0
      vertex 12.1282 42.2623 5
    endloop
  endfacet
  facet normal -0.831609 -0.555362 0
    outer loop
      vertex 12.0356 42.45 0
      vertex 11.9194 42.624 5
      vertex 11.9194 42.624 0
    endloop
  endfacet
  facet normal -0.831609 -0.555362 0
    outer loop
      vertex 11.9194 42.624 5
      vertex 12.0356 42.45 0
      vertex 12.0356 42.45 5
    endloop
  endfacet
  facet normal -0.321526 -0.946901 0
    outer loop
      vertex 11.0641 43.1955 0
      vertex 11.2623 43.1282 5
      vertex 11.0641 43.1955 5
    endloop
  endfacet
  facet normal -0.321526 -0.946901 -0
    outer loop
      vertex 11.2623 43.1282 5
      vertex 11.0641 43.1955 0
      vertex 11.2623 43.1282 0
    endloop
  endfacet
  facet normal -0.194922 -0.980819 0
    outer loop
      vertex 10.8588 43.2363 0
      vertex 11.0641 43.1955 5
      vertex 10.8588 43.2363 5
    endloop
  endfacet
  facet normal -0.194922 -0.980819 -0
    outer loop
      vertex 11.0641 43.1955 5
      vertex 10.8588 43.2363 0
      vertex 11.0641 43.1955 0
    endloop
  endfacet
  facet normal -0.442429 -0.896803 0
    outer loop
      vertex 11.2623 43.1282 0
      vertex 11.45 43.0356 5
      vertex 11.2623 43.1282 5
    endloop
  endfacet
  facet normal -0.442429 -0.896803 -0
    outer loop
      vertex 11.45 43.0356 5
      vertex 11.2623 43.1282 0
      vertex 11.45 43.0356 0
    endloop
  endfacet
  facet normal 0.946944 -0.321397 0
    outer loop
      vertex 9.10452 42.0641 5
      vertex 9.17179 42.2623 0
      vertex 9.17179 42.2623 5
    endloop
  endfacet
  facet normal 0.946944 -0.321397 0
    outer loop
      vertex 9.17179 42.2623 0
      vertex 9.10452 42.0641 5
      vertex 9.10452 42.0641 0
    endloop
  endfacet
  facet normal 0.89686 -0.442314 0
    outer loop
      vertex 9.17179 42.2623 5
      vertex 9.26436 42.45 0
      vertex 9.26436 42.45 5
    endloop
  endfacet
  facet normal 0.89686 -0.442314 0
    outer loop
      vertex 9.26436 42.45 0
      vertex 9.17179 42.2623 5
      vertex 9.17179 42.2623 0
    endloop
  endfacet
  facet normal 0.980791 -0.195059 0
    outer loop
      vertex 9.06369 41.8588 5
      vertex 9.10452 42.0641 0
      vertex 9.10452 42.0641 5
    endloop
  endfacet
  facet normal 0.980791 -0.195059 0
    outer loop
      vertex 9.10452 42.0641 0
      vertex 9.06369 41.8588 5
      vertex 9.06369 41.8588 0
    endloop
  endfacet
  facet normal 0.555318 -0.831638 0
    outer loop
      vertex 9.67598 42.9194 0
      vertex 9.85 43.0356 5
      vertex 9.67598 42.9194 5
    endloop
  endfacet
  facet normal 0.555318 -0.831638 0
    outer loop
      vertex 9.85 43.0356 5
      vertex 9.67598 42.9194 0
      vertex 9.85 43.0356 0
    endloop
  endfacet
  facet normal 0.321526 -0.946901 0
    outer loop
      vertex 10.0377 43.1282 0
      vertex 10.2359 43.1955 5
      vertex 10.0377 43.1282 5
    endloop
  endfacet
  facet normal 0.321526 -0.946901 0
    outer loop
      vertex 10.2359 43.1955 5
      vertex 10.0377 43.1282 0
      vertex 10.2359 43.1955 0
    endloop
  endfacet
  facet normal -0.751925 0.659248 0
    outer loop
      vertex 11.7814 40.5186 0
      vertex 11.9194 40.676 5
      vertex 11.9194 40.676 0
    endloop
  endfacet
  facet normal -0.751925 0.659248 0
    outer loop
      vertex 11.9194 40.676 5
      vertex 11.7814 40.5186 0
      vertex 11.7814 40.5186 5
    endloop
  endfacet
  facet normal -0.555362 0.831609 0
    outer loop
      vertex 11.624 40.3806 0
      vertex 11.45 40.2644 5
      vertex 11.624 40.3806 5
    endloop
  endfacet
  facet normal -0.555362 0.831609 0
    outer loop
      vertex 11.45 40.2644 5
      vertex 11.624 40.3806 0
      vertex 11.45 40.2644 0
    endloop
  endfacet
  facet normal -0.980819 0.194922 0
    outer loop
      vertex 12.1955 41.2359 0
      vertex 12.2363 41.4412 5
      vertex 12.2363 41.4412 0
    endloop
  endfacet
  facet normal -0.980819 0.194922 0
    outer loop
      vertex 12.2363 41.4412 5
      vertex 12.1955 41.2359 0
      vertex 12.1955 41.2359 5
    endloop
  endfacet
  facet normal 0.321526 0.946901 -0
    outer loop
      vertex 10.2359 40.1045 0
      vertex 10.0377 40.1718 5
      vertex 10.2359 40.1045 5
    endloop
  endfacet
  facet normal 0.321526 0.946901 0
    outer loop
      vertex 10.0377 40.1718 5
      vertex 10.2359 40.1045 0
      vertex 10.0377 40.1718 0
    endloop
  endfacet
  facet normal 0.194922 0.980819 -0
    outer loop
      vertex 10.4412 40.0637 0
      vertex 10.2359 40.1045 5
      vertex 10.4412 40.0637 5
    endloop
  endfacet
  facet normal 0.194922 0.980819 0
    outer loop
      vertex 10.2359 40.1045 5
      vertex 10.4412 40.0637 0
      vertex 10.2359 40.1045 0
    endloop
  endfacet
  facet normal 0.831454 0.555593 0
    outer loop
      vertex 9.38063 40.676 5
      vertex 9.26436 40.85 0
      vertex 9.26436 40.85 5
    endloop
  endfacet
  facet normal 0.831454 0.555593 0
    outer loop
      vertex 9.26436 40.85 0
      vertex 9.38063 40.676 5
      vertex 9.38063 40.676 0
    endloop
  endfacet
  facet normal 0.751925 0.659248 0
    outer loop
      vertex 9.51863 40.5186 5
      vertex 9.38063 40.676 0
      vertex 9.38063 40.676 5
    endloop
  endfacet
  facet normal 0.751925 0.659248 0
    outer loop
      vertex 9.38063 40.676 0
      vertex 9.51863 40.5186 5
      vertex 9.51863 40.5186 0
    endloop
  endfacet
  facet normal -0.946901 -0.321526 0
    outer loop
      vertex 12.1955 42.0641 0
      vertex 12.1282 42.2623 5
      vertex 12.1282 42.2623 0
    endloop
  endfacet
  facet normal -0.946901 -0.321526 0
    outer loop
      vertex 12.1282 42.2623 5
      vertex 12.1955 42.0641 0
      vertex 12.1955 42.0641 5
    endloop
  endfacet
  facet normal -0.980819 -0.194922 0
    outer loop
      vertex 12.2363 41.8588 0
      vertex 12.1955 42.0641 5
      vertex 12.1955 42.0641 0
    endloop
  endfacet
  facet normal -0.980819 -0.194922 0
    outer loop
      vertex 12.1955 42.0641 5
      vertex 12.2363 41.8588 0
      vertex 12.2363 41.8588 5
    endloop
  endfacet
  facet normal -0.751925 -0.659248 0
    outer loop
      vertex 11.9194 42.624 0
      vertex 11.7814 42.7814 5
      vertex 11.7814 42.7814 0
    endloop
  endfacet
  facet normal -0.751925 -0.659248 0
    outer loop
      vertex 11.7814 42.7814 5
      vertex 11.9194 42.624 0
      vertex 11.9194 42.624 5
    endloop
  endfacet
  facet normal -0.0654722 -0.997854 0
    outer loop
      vertex 10.65 43.25 0
      vertex 10.8588 43.2363 5
      vertex 10.65 43.25 5
    endloop
  endfacet
  facet normal -0.0654722 -0.997854 -0
    outer loop
      vertex 10.8588 43.2363 5
      vertex 10.65 43.25 0
      vertex 10.8588 43.2363 0
    endloop
  endfacet
  facet normal -0.555362 -0.831609 0
    outer loop
      vertex 11.45 43.0356 0
      vertex 11.624 42.9194 5
      vertex 11.45 43.0356 5
    endloop
  endfacet
  facet normal -0.555362 -0.831609 -0
    outer loop
      vertex 11.624 42.9194 5
      vertex 11.45 43.0356 0
      vertex 11.624 42.9194 0
    endloop
  endfacet
  facet normal 0.997858 -0.0654247 0
    outer loop
      vertex 9.05 41.65 5
      vertex 9.06369 41.8588 0
      vertex 9.06369 41.8588 5
    endloop
  endfacet
  facet normal 0.997858 -0.0654247 0
    outer loop
      vertex 9.06369 41.8588 0
      vertex 9.05 41.65 5
      vertex 9.05 41.65 0
    endloop
  endfacet
  facet normal 0.659367 -0.751821 0
    outer loop
      vertex 9.51863 42.7814 0
      vertex 9.67598 42.9194 5
      vertex 9.51863 42.7814 5
    endloop
  endfacet
  facet normal 0.659367 -0.751821 0
    outer loop
      vertex 9.67598 42.9194 5
      vertex 9.51863 42.7814 0
      vertex 9.67598 42.9194 0
    endloop
  endfacet
  facet normal 0.194922 -0.980819 0
    outer loop
      vertex 10.2359 43.1955 0
      vertex 10.4412 43.2363 5
      vertex 10.2359 43.1955 5
    endloop
  endfacet
  facet normal 0.194922 -0.980819 0
    outer loop
      vertex 10.4412 43.2363 5
      vertex 10.2359 43.1955 0
      vertex 10.4412 43.2363 0
    endloop
  endfacet
  facet normal -0.194922 0.980819 0
    outer loop
      vertex 11.0641 40.1045 0
      vertex 10.8588 40.0637 5
      vertex 11.0641 40.1045 5
    endloop
  endfacet
  facet normal -0.194922 0.980819 0
    outer loop
      vertex 10.8588 40.0637 5
      vertex 11.0641 40.1045 0
      vertex 10.8588 40.0637 0
    endloop
  endfacet
  facet normal -0.442429 0.896803 0
    outer loop
      vertex 11.45 40.2644 0
      vertex 11.2623 40.1718 5
      vertex 11.45 40.2644 5
    endloop
  endfacet
  facet normal -0.442429 0.896803 0
    outer loop
      vertex 11.2623 40.1718 5
      vertex 11.45 40.2644 0
      vertex 11.2623 40.1718 0
    endloop
  endfacet
  facet normal -0.659248 0.751925 0
    outer loop
      vertex 11.7814 40.5186 0
      vertex 11.624 40.3806 5
      vertex 11.7814 40.5186 5
    endloop
  endfacet
  facet normal -0.659248 0.751925 0
    outer loop
      vertex 11.624 40.3806 5
      vertex 11.7814 40.5186 0
      vertex 11.624 40.3806 0
    endloop
  endfacet
  facet normal -0.946901 0.321526 0
    outer loop
      vertex 12.1282 41.0377 0
      vertex 12.1955 41.2359 5
      vertex 12.1955 41.2359 0
    endloop
  endfacet
  facet normal -0.946901 0.321526 0
    outer loop
      vertex 12.1955 41.2359 5
      vertex 12.1282 41.0377 0
      vertex 12.1282 41.0377 5
    endloop
  endfacet
  facet normal -0.831609 0.555362 0
    outer loop
      vertex 11.9194 40.676 0
      vertex 12.0356 40.85 5
      vertex 12.0356 40.85 0
    endloop
  endfacet
  facet normal -0.831609 0.555362 0
    outer loop
      vertex 12.0356 40.85 5
      vertex 11.9194 40.676 0
      vertex 11.9194 40.676 5
    endloop
  endfacet
  facet normal -0.896803 0.442429 0
    outer loop
      vertex 12.0356 40.85 0
      vertex 12.1282 41.0377 5
      vertex 12.1282 41.0377 0
    endloop
  endfacet
  facet normal -0.896803 0.442429 0
    outer loop
      vertex 12.1282 41.0377 5
      vertex 12.0356 40.85 0
      vertex 12.0356 40.85 5
    endloop
  endfacet
  facet normal -0.997854 0.0654722 0
    outer loop
      vertex 12.2363 41.4412 0
      vertex 12.25 41.65 5
      vertex 12.25 41.65 0
    endloop
  endfacet
  facet normal -0.997854 0.0654722 0
    outer loop
      vertex 12.25 41.65 5
      vertex 12.2363 41.4412 0
      vertex 12.2363 41.4412 5
    endloop
  endfacet
  facet normal 0.555318 0.831638 -0
    outer loop
      vertex 9.85 40.2644 0
      vertex 9.67598 40.3806 5
      vertex 9.85 40.2644 5
    endloop
  endfacet
  facet normal 0.555318 0.831638 0
    outer loop
      vertex 9.67598 40.3806 5
      vertex 9.85 40.2644 0
      vertex 9.67598 40.3806 0
    endloop
  endfacet
  facet normal 0.442429 0.896803 -0
    outer loop
      vertex 10.0377 40.1718 0
      vertex 9.85 40.2644 5
      vertex 10.0377 40.1718 5
    endloop
  endfacet
  facet normal 0.442429 0.896803 0
    outer loop
      vertex 9.85 40.2644 5
      vertex 10.0377 40.1718 0
      vertex 9.85 40.2644 0
    endloop
  endfacet
  facet normal 0.0654722 0.997854 -0
    outer loop
      vertex 10.65 40.05 0
      vertex 10.4412 40.0637 5
      vertex 10.65 40.05 5
    endloop
  endfacet
  facet normal 0.0654722 0.997854 0
    outer loop
      vertex 10.4412 40.0637 5
      vertex 10.65 40.05 0
      vertex 10.4412 40.0637 0
    endloop
  endfacet
  facet normal 0.659367 0.751821 -0
    outer loop
      vertex 9.67598 40.3806 0
      vertex 9.51863 40.5186 5
      vertex 9.67598 40.3806 5
    endloop
  endfacet
  facet normal 0.659367 0.751821 0
    outer loop
      vertex 9.51863 40.5186 5
      vertex 9.67598 40.3806 0
      vertex 9.51863 40.5186 0
    endloop
  endfacet
  facet normal 0.89686 0.442314 0
    outer loop
      vertex 9.26436 40.85 5
      vertex 9.17179 41.0377 0
      vertex 9.17179 41.0377 5
    endloop
  endfacet
  facet normal 0.89686 0.442314 0
    outer loop
      vertex 9.17179 41.0377 0
      vertex 9.26436 40.85 5
      vertex 9.26436 40.85 0
    endloop
  endfacet
  facet normal 0.980791 0.195059 0
    outer loop
      vertex 9.10452 41.2359 5
      vertex 9.06369 41.4412 0
      vertex 9.06369 41.4412 5
    endloop
  endfacet
  facet normal 0.980791 0.195059 0
    outer loop
      vertex 9.06369 41.4412 0
      vertex 9.10452 41.2359 5
      vertex 9.10452 41.2359 0
    endloop
  endfacet
  facet normal 0.831454 -0.555593 0
    outer loop
      vertex 9.26436 42.45 5
      vertex 9.38063 42.624 0
      vertex 9.38063 42.624 5
    endloop
  endfacet
  facet normal 0.831454 -0.555593 0
    outer loop
      vertex 9.38063 42.624 0
      vertex 9.26436 42.45 5
      vertex 9.26436 42.45 0
    endloop
  endfacet
  facet normal 0.997858 0.0654247 0
    outer loop
      vertex 9.06369 41.4412 5
      vertex 9.05 41.65 0
      vertex 9.05 41.65 5
    endloop
  endfacet
  facet normal 0.997858 0.0654247 0
    outer loop
      vertex 9.05 41.65 0
      vertex 9.06369 41.4412 5
      vertex 9.06369 41.4412 0
    endloop
  endfacet
  facet normal -0.321526 0.946901 0
    outer loop
      vertex 11.2623 40.1718 0
      vertex 11.0641 40.1045 5
      vertex 11.2623 40.1718 5
    endloop
  endfacet
  facet normal -0.321526 0.946901 0
    outer loop
      vertex 11.0641 40.1045 5
      vertex 11.2623 40.1718 0
      vertex 11.0641 40.1045 0
    endloop
  endfacet
  facet normal 0.946944 0.321397 0
    outer loop
      vertex 9.17179 41.0377 5
      vertex 9.10452 41.2359 0
      vertex 9.10452 41.2359 5
    endloop
  endfacet
  facet normal 0.946944 0.321397 0
    outer loop
      vertex 9.10452 41.2359 0
      vertex 9.17179 41.0377 5
      vertex 9.17179 41.0377 0
    endloop
  endfacet
  facet normal -0.997854 -0.0654722 0
    outer loop
      vertex 43.25 10.65 0
      vertex 43.2363 10.8588 5
      vertex 43.2363 10.8588 0
    endloop
  endfacet
  facet normal -0.997854 -0.0654722 0
    outer loop
      vertex 43.2363 10.8588 5
      vertex 43.25 10.65 0
      vertex 43.25 10.65 5
    endloop
  endfacet
  facet normal 0.997854 -0.0654722 0
    outer loop
      vertex 40.05 10.65 5
      vertex 40.0637 10.8588 0
      vertex 40.0637 10.8588 5
    endloop
  endfacet
  facet normal 0.997854 -0.0654722 0
    outer loop
      vertex 40.0637 10.8588 0
      vertex 40.05 10.65 5
      vertex 40.05 10.65 0
    endloop
  endfacet
  facet normal 0.0654722 -0.997854 0
    outer loop
      vertex 41.4412 12.2363 0
      vertex 41.65 12.25 5
      vertex 41.4412 12.2363 5
    endloop
  endfacet
  facet normal 0.0654722 -0.997854 0
    outer loop
      vertex 41.65 12.25 5
      vertex 41.4412 12.2363 0
      vertex 41.65 12.25 0
    endloop
  endfacet
  facet normal -0.0654247 0.997858 0
    outer loop
      vertex 41.8588 9.06369 0
      vertex 41.65 9.05 5
      vertex 41.8588 9.06369 5
    endloop
  endfacet
  facet normal -0.0654247 0.997858 0
    outer loop
      vertex 41.65 9.05 5
      vertex 41.8588 9.06369 0
      vertex 41.65 9.05 0
    endloop
  endfacet
  facet normal -0.659248 -0.751925 0
    outer loop
      vertex 42.624 11.9194 0
      vertex 42.7814 11.7814 5
      vertex 42.624 11.9194 5
    endloop
  endfacet
  facet normal -0.659248 -0.751925 -0
    outer loop
      vertex 42.7814 11.7814 5
      vertex 42.624 11.9194 0
      vertex 42.7814 11.7814 0
    endloop
  endfacet
  facet normal 0.751925 -0.659248 0
    outer loop
      vertex 40.3806 11.624 5
      vertex 40.5186 11.7814 0
      vertex 40.5186 11.7814 5
    endloop
  endfacet
  facet normal 0.751925 -0.659248 0
    outer loop
      vertex 40.5186 11.7814 0
      vertex 40.3806 11.624 5
      vertex 40.3806 11.624 0
    endloop
  endfacet
  facet normal 0.442429 -0.896803 0
    outer loop
      vertex 40.85 12.0356 0
      vertex 41.0377 12.1282 5
      vertex 40.85 12.0356 5
    endloop
  endfacet
  facet normal 0.442429 -0.896803 0
    outer loop
      vertex 41.0377 12.1282 5
      vertex 40.85 12.0356 0
      vertex 41.0377 12.1282 0
    endloop
  endfacet
  facet normal -0.896803 -0.442429 0
    outer loop
      vertex 43.1282 11.2623 0
      vertex 43.0356 11.45 5
      vertex 43.0356 11.45 0
    endloop
  endfacet
  facet normal -0.896803 -0.442429 0
    outer loop
      vertex 43.0356 11.45 5
      vertex 43.1282 11.2623 0
      vertex 43.1282 11.2623 5
    endloop
  endfacet
  facet normal -0.831609 -0.555362 0
    outer loop
      vertex 43.0356 11.45 0
      vertex 42.9194 11.624 5
      vertex 42.9194 11.624 0
    endloop
  endfacet
  facet normal -0.831609 -0.555362 0
    outer loop
      vertex 42.9194 11.624 5
      vertex 43.0356 11.45 0
      vertex 43.0356 11.45 5
    endloop
  endfacet
  facet normal -0.321526 -0.946901 0
    outer loop
      vertex 42.0641 12.1955 0
      vertex 42.2623 12.1282 5
      vertex 42.0641 12.1955 5
    endloop
  endfacet
  facet normal -0.321526 -0.946901 -0
    outer loop
      vertex 42.2623 12.1282 5
      vertex 42.0641 12.1955 0
      vertex 42.2623 12.1282 0
    endloop
  endfacet
  facet normal -0.194922 -0.980819 0
    outer loop
      vertex 41.8588 12.2363 0
      vertex 42.0641 12.1955 5
      vertex 41.8588 12.2363 5
    endloop
  endfacet
  facet normal -0.194922 -0.980819 -0
    outer loop
      vertex 42.0641 12.1955 5
      vertex 41.8588 12.2363 0
      vertex 42.0641 12.1955 0
    endloop
  endfacet
  facet normal -0.442429 -0.896803 0
    outer loop
      vertex 42.2623 12.1282 0
      vertex 42.45 12.0356 5
      vertex 42.2623 12.1282 5
    endloop
  endfacet
  facet normal -0.442429 -0.896803 -0
    outer loop
      vertex 42.45 12.0356 5
      vertex 42.2623 12.1282 0
      vertex 42.45 12.0356 0
    endloop
  endfacet
  facet normal 0.946901 -0.321526 0
    outer loop
      vertex 40.1045 11.0641 5
      vertex 40.1718 11.2623 0
      vertex 40.1718 11.2623 5
    endloop
  endfacet
  facet normal 0.946901 -0.321526 0
    outer loop
      vertex 40.1718 11.2623 0
      vertex 40.1045 11.0641 5
      vertex 40.1045 11.0641 0
    endloop
  endfacet
  facet normal 0.980819 -0.194922 0
    outer loop
      vertex 40.0637 10.8588 5
      vertex 40.1045 11.0641 0
      vertex 40.1045 11.0641 5
    endloop
  endfacet
  facet normal 0.980819 -0.194922 0
    outer loop
      vertex 40.1045 11.0641 0
      vertex 40.0637 10.8588 5
      vertex 40.0637 10.8588 0
    endloop
  endfacet
  facet normal 0.555362 -0.831609 0
    outer loop
      vertex 40.676 11.9194 0
      vertex 40.85 12.0356 5
      vertex 40.676 11.9194 5
    endloop
  endfacet
  facet normal 0.555362 -0.831609 0
    outer loop
      vertex 40.85 12.0356 5
      vertex 40.676 11.9194 0
      vertex 40.85 12.0356 0
    endloop
  endfacet
  facet normal 0.321526 -0.946901 0
    outer loop
      vertex 41.0377 12.1282 0
      vertex 41.2359 12.1955 5
      vertex 41.0377 12.1282 5
    endloop
  endfacet
  facet normal 0.321526 -0.946901 0
    outer loop
      vertex 41.2359 12.1955 5
      vertex 41.0377 12.1282 0
      vertex 41.2359 12.1955 0
    endloop
  endfacet
  facet normal -0.195059 0.980791 0
    outer loop
      vertex 42.0641 9.10452 0
      vertex 41.8588 9.06369 5
      vertex 42.0641 9.10452 5
    endloop
  endfacet
  facet normal -0.195059 0.980791 0
    outer loop
      vertex 41.8588 9.06369 5
      vertex 42.0641 9.10452 0
      vertex 41.8588 9.06369 0
    endloop
  endfacet
  facet normal -0.442314 0.89686 0
    outer loop
      vertex 42.45 9.26436 0
      vertex 42.2623 9.17179 5
      vertex 42.45 9.26436 5
    endloop
  endfacet
  facet normal -0.442314 0.89686 0
    outer loop
      vertex 42.2623 9.17179 5
      vertex 42.45 9.26436 0
      vertex 42.2623 9.17179 0
    endloop
  endfacet
  facet normal -0.946901 -0.321526 0
    outer loop
      vertex 43.1955 11.0641 0
      vertex 43.1282 11.2623 5
      vertex 43.1282 11.2623 0
    endloop
  endfacet
  facet normal -0.946901 -0.321526 0
    outer loop
      vertex 43.1282 11.2623 5
      vertex 43.1955 11.0641 0
      vertex 43.1955 11.0641 5
    endloop
  endfacet
  facet normal -0.980819 -0.194922 0
    outer loop
      vertex 43.2363 10.8588 0
      vertex 43.1955 11.0641 5
      vertex 43.1955 11.0641 0
    endloop
  endfacet
  facet normal -0.980819 -0.194922 0
    outer loop
      vertex 43.1955 11.0641 5
      vertex 43.2363 10.8588 0
      vertex 43.2363 10.8588 5
    endloop
  endfacet
  facet normal -0.751925 -0.659248 0
    outer loop
      vertex 42.9194 11.624 0
      vertex 42.7814 11.7814 5
      vertex 42.7814 11.7814 0
    endloop
  endfacet
  facet normal -0.751925 -0.659248 0
    outer loop
      vertex 42.7814 11.7814 5
      vertex 42.9194 11.624 0
      vertex 42.9194 11.624 5
    endloop
  endfacet
  facet normal -0.0654722 -0.997854 0
    outer loop
      vertex 41.65 12.25 0
      vertex 41.8588 12.2363 5
      vertex 41.65 12.25 5
    endloop
  endfacet
  facet normal -0.0654722 -0.997854 -0
    outer loop
      vertex 41.8588 12.2363 5
      vertex 41.65 12.25 0
      vertex 41.8588 12.2363 0
    endloop
  endfacet
  facet normal -0.555362 -0.831609 0
    outer loop
      vertex 42.45 12.0356 0
      vertex 42.624 11.9194 5
      vertex 42.45 12.0356 5
    endloop
  endfacet
  facet normal -0.555362 -0.831609 -0
    outer loop
      vertex 42.624 11.9194 5
      vertex 42.45 12.0356 0
      vertex 42.624 11.9194 0
    endloop
  endfacet
  facet normal 0.896803 -0.442429 0
    outer loop
      vertex 40.1718 11.2623 5
      vertex 40.2644 11.45 0
      vertex 40.2644 11.45 5
    endloop
  endfacet
  facet normal 0.896803 -0.442429 0
    outer loop
      vertex 40.2644 11.45 0
      vertex 40.1718 11.2623 5
      vertex 40.1718 11.2623 0
    endloop
  endfacet
  facet normal 0.831609 -0.555362 0
    outer loop
      vertex 40.2644 11.45 5
      vertex 40.3806 11.624 0
      vertex 40.3806 11.624 5
    endloop
  endfacet
  facet normal 0.831609 -0.555362 0
    outer loop
      vertex 40.3806 11.624 0
      vertex 40.2644 11.45 5
      vertex 40.2644 11.45 0
    endloop
  endfacet
  facet normal 0.659248 -0.751925 0
    outer loop
      vertex 40.5186 11.7814 0
      vertex 40.676 11.9194 5
      vertex 40.5186 11.7814 5
    endloop
  endfacet
  facet normal 0.659248 -0.751925 0
    outer loop
      vertex 40.676 11.9194 5
      vertex 40.5186 11.7814 0
      vertex 40.676 11.9194 0
    endloop
  endfacet
  facet normal 0.194922 -0.980819 0
    outer loop
      vertex 41.2359 12.1955 0
      vertex 41.4412 12.2363 5
      vertex 41.2359 12.1955 5
    endloop
  endfacet
  facet normal 0.194922 -0.980819 0
    outer loop
      vertex 41.4412 12.2363 5
      vertex 41.2359 12.1955 0
      vertex 41.4412 12.2363 0
    endloop
  endfacet
  facet normal -0.997854 0.0654722 0
    outer loop
      vertex 43.2363 10.4412 0
      vertex 43.25 10.65 5
      vertex 43.25 10.65 0
    endloop
  endfacet
  facet normal -0.997854 0.0654722 0
    outer loop
      vertex 43.25 10.65 5
      vertex 43.2363 10.4412 0
      vertex 43.2363 10.4412 5
    endloop
  endfacet
  facet normal -0.946901 0.321526 0
    outer loop
      vertex 43.1282 10.0377 0
      vertex 43.1955 10.2359 5
      vertex 43.1955 10.2359 0
    endloop
  endfacet
  facet normal -0.946901 0.321526 0
    outer loop
      vertex 43.1955 10.2359 5
      vertex 43.1282 10.0377 0
      vertex 43.1282 10.0377 5
    endloop
  endfacet
  facet normal -0.980819 0.194922 0
    outer loop
      vertex 43.1955 10.2359 0
      vertex 43.2363 10.4412 5
      vertex 43.2363 10.4412 0
    endloop
  endfacet
  facet normal -0.980819 0.194922 0
    outer loop
      vertex 43.2363 10.4412 5
      vertex 43.1955 10.2359 0
      vertex 43.1955 10.2359 5
    endloop
  endfacet
  facet normal 0.896803 0.442429 0
    outer loop
      vertex 40.2644 9.85 5
      vertex 40.1718 10.0377 0
      vertex 40.1718 10.0377 5
    endloop
  endfacet
  facet normal 0.896803 0.442429 0
    outer loop
      vertex 40.1718 10.0377 0
      vertex 40.2644 9.85 5
      vertex 40.2644 9.85 0
    endloop
  endfacet
  facet normal -0.555593 0.831454 0
    outer loop
      vertex 42.624 9.38063 0
      vertex 42.45 9.26436 5
      vertex 42.624 9.38063 5
    endloop
  endfacet
  facet normal -0.555593 0.831454 0
    outer loop
      vertex 42.45 9.26436 5
      vertex 42.624 9.38063 0
      vertex 42.45 9.26436 0
    endloop
  endfacet
  facet normal 0.980819 0.194922 0
    outer loop
      vertex 40.1045 10.2359 5
      vertex 40.0637 10.4412 0
      vertex 40.0637 10.4412 5
    endloop
  endfacet
  facet normal 0.980819 0.194922 0
    outer loop
      vertex 40.0637 10.4412 0
      vertex 40.1045 10.2359 5
      vertex 40.1045 10.2359 0
    endloop
  endfacet
  facet normal 0.997854 0.0654722 0
    outer loop
      vertex 40.0637 10.4412 5
      vertex 40.05 10.65 0
      vertex 40.05 10.65 5
    endloop
  endfacet
  facet normal 0.997854 0.0654722 0
    outer loop
      vertex 40.05 10.65 0
      vertex 40.0637 10.4412 5
      vertex 40.0637 10.4412 0
    endloop
  endfacet
  facet normal 0.946901 0.321526 0
    outer loop
      vertex 40.1718 10.0377 5
      vertex 40.1045 10.2359 0
      vertex 40.1045 10.2359 5
    endloop
  endfacet
  facet normal 0.946901 0.321526 0
    outer loop
      vertex 40.1045 10.2359 0
      vertex 40.1718 10.0377 5
      vertex 40.1718 10.0377 0
    endloop
  endfacet
  facet normal -0.659248 0.751925 0
    outer loop
      vertex 42.7814 9.51863 0
      vertex 42.624 9.38063 5
      vertex 42.7814 9.51863 5
    endloop
  endfacet
  facet normal -0.659248 0.751925 0
    outer loop
      vertex 42.624 9.38063 5
      vertex 42.7814 9.51863 0
      vertex 42.624 9.38063 0
    endloop
  endfacet
  facet normal -0.321397 0.946944 0
    outer loop
      vertex 42.2623 9.17179 0
      vertex 42.0641 9.10452 5
      vertex 42.2623 9.17179 5
    endloop
  endfacet
  facet normal -0.321397 0.946944 0
    outer loop
      vertex 42.0641 9.10452 5
      vertex 42.2623 9.17179 0
      vertex 42.0641 9.10452 0
    endloop
  endfacet
  facet normal -0.896803 0.442429 0
    outer loop
      vertex 43.0356 9.85 0
      vertex 43.1282 10.0377 5
      vertex 43.1282 10.0377 0
    endloop
  endfacet
  facet normal -0.896803 0.442429 0
    outer loop
      vertex 43.1282 10.0377 5
      vertex 43.0356 9.85 0
      vertex 43.0356 9.85 5
    endloop
  endfacet
  facet normal -0.831638 0.555318 0
    outer loop
      vertex 42.9194 9.67598 0
      vertex 43.0356 9.85 5
      vertex 43.0356 9.85 0
    endloop
  endfacet
  facet normal -0.831638 0.555318 0
    outer loop
      vertex 43.0356 9.85 5
      vertex 42.9194 9.67598 0
      vertex 42.9194 9.67598 5
    endloop
  endfacet
  facet normal 0.321397 0.946944 -0
    outer loop
      vertex 41.2359 9.10452 0
      vertex 41.0377 9.17179 5
      vertex 41.2359 9.10452 5
    endloop
  endfacet
  facet normal 0.321397 0.946944 0
    outer loop
      vertex 41.0377 9.17179 5
      vertex 41.2359 9.10452 0
      vertex 41.0377 9.17179 0
    endloop
  endfacet
  facet normal 0.195059 0.980791 -0
    outer loop
      vertex 41.4412 9.06369 0
      vertex 41.2359 9.10452 5
      vertex 41.4412 9.06369 5
    endloop
  endfacet
  facet normal 0.195059 0.980791 0
    outer loop
      vertex 41.2359 9.10452 5
      vertex 41.4412 9.06369 0
      vertex 41.2359 9.10452 0
    endloop
  endfacet
  facet normal 0.751821 0.659367 0
    outer loop
      vertex 40.5186 9.51863 5
      vertex 40.3806 9.67598 0
      vertex 40.3806 9.67598 5
    endloop
  endfacet
  facet normal 0.751821 0.659367 0
    outer loop
      vertex 40.3806 9.67598 0
      vertex 40.5186 9.51863 5
      vertex 40.5186 9.51863 0
    endloop
  endfacet
  facet normal 0.659248 0.751925 -0
    outer loop
      vertex 40.676 9.38063 0
      vertex 40.5186 9.51863 5
      vertex 40.676 9.38063 5
    endloop
  endfacet
  facet normal 0.659248 0.751925 0
    outer loop
      vertex 40.5186 9.51863 5
      vertex 40.676 9.38063 0
      vertex 40.5186 9.51863 0
    endloop
  endfacet
  facet normal -0.751821 0.659367 0
    outer loop
      vertex 42.7814 9.51863 0
      vertex 42.9194 9.67598 5
      vertex 42.9194 9.67598 0
    endloop
  endfacet
  facet normal -0.751821 0.659367 0
    outer loop
      vertex 42.9194 9.67598 5
      vertex 42.7814 9.51863 0
      vertex 42.7814 9.51863 5
    endloop
  endfacet
  facet normal 0.555593 0.831454 -0
    outer loop
      vertex 40.85 9.26436 0
      vertex 40.676 9.38063 5
      vertex 40.85 9.26436 5
    endloop
  endfacet
  facet normal 0.555593 0.831454 0
    outer loop
      vertex 40.676 9.38063 5
      vertex 40.85 9.26436 0
      vertex 40.676 9.38063 0
    endloop
  endfacet
  facet normal 0.0654247 0.997858 -0
    outer loop
      vertex 41.65 9.05 0
      vertex 41.4412 9.06369 5
      vertex 41.65 9.05 5
    endloop
  endfacet
  facet normal 0.0654247 0.997858 0
    outer loop
      vertex 41.4412 9.06369 5
      vertex 41.65 9.05 0
      vertex 41.4412 9.06369 0
    endloop
  endfacet
  facet normal 0.831638 0.555318 0
    outer loop
      vertex 40.3806 9.67598 5
      vertex 40.2644 9.85 0
      vertex 40.2644 9.85 5
    endloop
  endfacet
  facet normal 0.831638 0.555318 0
    outer loop
      vertex 40.2644 9.85 0
      vertex 40.3806 9.67598 5
      vertex 40.3806 9.67598 0
    endloop
  endfacet
  facet normal 0.442314 0.89686 -0
    outer loop
      vertex 41.0377 9.17179 0
      vertex 40.85 9.26436 5
      vertex 41.0377 9.17179 5
    endloop
  endfacet
  facet normal 0.442314 0.89686 0
    outer loop
      vertex 40.85 9.26436 5
      vertex 41.0377 9.17179 0
      vertex 40.85 9.26436 0
    endloop
  endfacet
  facet normal -0.555362 -0.831609 0
    outer loop
      vertex 42.45 43.0356 0
      vertex 42.624 42.9194 5
      vertex 42.45 43.0356 5
    endloop
  endfacet
  facet normal -0.555362 -0.831609 -0
    outer loop
      vertex 42.624 42.9194 5
      vertex 42.45 43.0356 0
      vertex 42.624 42.9194 0
    endloop
  endfacet
  facet normal -0.980819 0.194922 0
    outer loop
      vertex 43.1955 41.2359 0
      vertex 43.2363 41.4412 5
      vertex 43.2363 41.4412 0
    endloop
  endfacet
  facet normal -0.980819 0.194922 0
    outer loop
      vertex 43.2363 41.4412 5
      vertex 43.1955 41.2359 0
      vertex 43.1955 41.2359 5
    endloop
  endfacet
  facet normal 0.194922 0.980819 -0
    outer loop
      vertex 41.4412 40.0637 0
      vertex 41.2359 40.1045 5
      vertex 41.4412 40.0637 5
    endloop
  endfacet
  facet normal 0.194922 0.980819 0
    outer loop
      vertex 41.2359 40.1045 5
      vertex 41.4412 40.0637 0
      vertex 41.2359 40.1045 0
    endloop
  endfacet
  facet normal 0.442429 -0.896803 0
    outer loop
      vertex 40.85 43.0356 0
      vertex 41.0377 43.1282 5
      vertex 40.85 43.0356 5
    endloop
  endfacet
  facet normal 0.442429 -0.896803 0
    outer loop
      vertex 41.0377 43.1282 5
      vertex 40.85 43.0356 0
      vertex 41.0377 43.1282 0
    endloop
  endfacet
  facet normal 0.946901 -0.321526 0
    outer loop
      vertex 40.1045 42.0641 5
      vertex 40.1718 42.2623 0
      vertex 40.1718 42.2623 5
    endloop
  endfacet
  facet normal 0.946901 -0.321526 0
    outer loop
      vertex 40.1718 42.2623 0
      vertex 40.1045 42.0641 5
      vertex 40.1045 42.0641 0
    endloop
  endfacet
  facet normal -0.896803 -0.442429 0
    outer loop
      vertex 43.1282 42.2623 0
      vertex 43.0356 42.45 5
      vertex 43.0356 42.45 0
    endloop
  endfacet
  facet normal -0.896803 -0.442429 0
    outer loop
      vertex 43.0356 42.45 5
      vertex 43.1282 42.2623 0
      vertex 43.1282 42.2623 5
    endloop
  endfacet
  facet normal -0.831609 -0.555362 0
    outer loop
      vertex 43.0356 42.45 0
      vertex 42.9194 42.624 5
      vertex 42.9194 42.624 0
    endloop
  endfacet
  facet normal -0.831609 -0.555362 0
    outer loop
      vertex 42.9194 42.624 5
      vertex 43.0356 42.45 0
      vertex 43.0356 42.45 5
    endloop
  endfacet
  facet normal -0.321526 -0.946901 0
    outer loop
      vertex 42.0641 43.1955 0
      vertex 42.2623 43.1282 5
      vertex 42.0641 43.1955 5
    endloop
  endfacet
  facet normal -0.321526 -0.946901 -0
    outer loop
      vertex 42.2623 43.1282 5
      vertex 42.0641 43.1955 0
      vertex 42.2623 43.1282 0
    endloop
  endfacet
  facet normal -0.194922 -0.980819 0
    outer loop
      vertex 41.8588 43.2363 0
      vertex 42.0641 43.1955 5
      vertex 41.8588 43.2363 5
    endloop
  endfacet
  facet normal -0.194922 -0.980819 -0
    outer loop
      vertex 42.0641 43.1955 5
      vertex 41.8588 43.2363 0
      vertex 42.0641 43.1955 0
    endloop
  endfacet
  facet normal 0.831609 -0.555362 0
    outer loop
      vertex 40.2644 42.45 5
      vertex 40.3806 42.624 0
      vertex 40.3806 42.624 5
    endloop
  endfacet
  facet normal 0.831609 -0.555362 0
    outer loop
      vertex 40.3806 42.624 0
      vertex 40.2644 42.45 5
      vertex 40.2644 42.45 0
    endloop
  endfacet
  facet normal 0.555362 -0.831609 0
    outer loop
      vertex 40.676 42.9194 0
      vertex 40.85 43.0356 5
      vertex 40.676 42.9194 5
    endloop
  endfacet
  facet normal 0.555362 -0.831609 0
    outer loop
      vertex 40.85 43.0356 5
      vertex 40.676 42.9194 0
      vertex 40.85 43.0356 0
    endloop
  endfacet
  facet normal 0.321526 -0.946901 0
    outer loop
      vertex 41.0377 43.1282 0
      vertex 41.2359 43.1955 5
      vertex 41.0377 43.1282 5
    endloop
  endfacet
  facet normal 0.321526 -0.946901 0
    outer loop
      vertex 41.2359 43.1955 5
      vertex 41.0377 43.1282 0
      vertex 41.2359 43.1955 0
    endloop
  endfacet
  facet normal -0.997854 0.0654722 0
    outer loop
      vertex 43.2363 41.4412 0
      vertex 43.25 41.65 5
      vertex 43.25 41.65 0
    endloop
  endfacet
  facet normal -0.997854 0.0654722 0
    outer loop
      vertex 43.25 41.65 5
      vertex 43.2363 41.4412 0
      vertex 43.2363 41.4412 5
    endloop
  endfacet
  facet normal -0.442429 0.896803 0
    outer loop
      vertex 42.45 40.2644 0
      vertex 42.2623 40.1718 5
      vertex 42.45 40.2644 5
    endloop
  endfacet
  facet normal -0.442429 0.896803 0
    outer loop
      vertex 42.2623 40.1718 5
      vertex 42.45 40.2644 0
      vertex 42.2623 40.1718 0
    endloop
  endfacet
  facet normal -0.555362 0.831609 0
    outer loop
      vertex 42.624 40.3806 0
      vertex 42.45 40.2644 5
      vertex 42.624 40.3806 5
    endloop
  endfacet
  facet normal -0.555362 0.831609 0
    outer loop
      vertex 42.45 40.2644 5
      vertex 42.624 40.3806 0
      vertex 42.45 40.2644 0
    endloop
  endfacet
  facet normal -0.831609 0.555362 0
    outer loop
      vertex 42.9194 40.676 0
      vertex 43.0356 40.85 5
      vertex 43.0356 40.85 0
    endloop
  endfacet
  facet normal -0.831609 0.555362 0
    outer loop
      vertex 43.0356 40.85 5
      vertex 42.9194 40.676 0
      vertex 42.9194 40.676 5
    endloop
  endfacet
  facet normal 0.0654722 0.997854 -0
    outer loop
      vertex 41.65 40.05 0
      vertex 41.4412 40.0637 5
      vertex 41.65 40.05 5
    endloop
  endfacet
  facet normal 0.0654722 0.997854 0
    outer loop
      vertex 41.4412 40.0637 5
      vertex 41.65 40.05 0
      vertex 41.4412 40.0637 0
    endloop
  endfacet
  facet normal 0.555362 0.831609 -0
    outer loop
      vertex 40.85 40.2644 0
      vertex 40.676 40.3806 5
      vertex 40.85 40.2644 5
    endloop
  endfacet
  facet normal 0.555362 0.831609 0
    outer loop
      vertex 40.676 40.3806 5
      vertex 40.85 40.2644 0
      vertex 40.676 40.3806 0
    endloop
  endfacet
  facet normal 0.831609 0.555362 0
    outer loop
      vertex 40.3806 40.676 5
      vertex 40.2644 40.85 0
      vertex 40.2644 40.85 5
    endloop
  endfacet
  facet normal 0.831609 0.555362 0
    outer loop
      vertex 40.2644 40.85 0
      vertex 40.3806 40.676 5
      vertex 40.3806 40.676 0
    endloop
  endfacet
  facet normal 0.946901 0.321526 0
    outer loop
      vertex 40.1718 41.0377 5
      vertex 40.1045 41.2359 0
      vertex 40.1045 41.2359 5
    endloop
  endfacet
  facet normal 0.946901 0.321526 0
    outer loop
      vertex 40.1045 41.2359 0
      vertex 40.1718 41.0377 5
      vertex 40.1718 41.0377 0
    endloop
  endfacet
  facet normal -0.980819 -0.194922 0
    outer loop
      vertex 43.2363 41.8588 0
      vertex 43.1955 42.0641 5
      vertex 43.1955 42.0641 0
    endloop
  endfacet
  facet normal -0.980819 -0.194922 0
    outer loop
      vertex 43.1955 42.0641 5
      vertex 43.2363 41.8588 0
      vertex 43.2363 41.8588 5
    endloop
  endfacet
  facet normal -0.946901 -0.321526 0
    outer loop
      vertex 43.1955 42.0641 0
      vertex 43.1282 42.2623 5
      vertex 43.1282 42.2623 0
    endloop
  endfacet
  facet normal -0.946901 -0.321526 0
    outer loop
      vertex 43.1282 42.2623 5
      vertex 43.1955 42.0641 0
      vertex 43.1955 42.0641 5
    endloop
  endfacet
  facet normal -0.751925 -0.659248 0
    outer loop
      vertex 42.9194 42.624 0
      vertex 42.7814 42.7814 5
      vertex 42.7814 42.7814 0
    endloop
  endfacet
  facet normal -0.751925 -0.659248 0
    outer loop
      vertex 42.7814 42.7814 5
      vertex 42.9194 42.624 0
      vertex 42.9194 42.624 5
    endloop
  endfacet
  facet normal -0.659248 -0.751925 0
    outer loop
      vertex 42.624 42.9194 0
      vertex 42.7814 42.7814 5
      vertex 42.624 42.9194 5
    endloop
  endfacet
  facet normal -0.659248 -0.751925 -0
    outer loop
      vertex 42.7814 42.7814 5
      vertex 42.624 42.9194 0
      vertex 42.7814 42.7814 0
    endloop
  endfacet
  facet normal -0.442429 -0.896803 0
    outer loop
      vertex 42.2623 43.1282 0
      vertex 42.45 43.0356 5
      vertex 42.2623 43.1282 5
    endloop
  endfacet
  facet normal -0.442429 -0.896803 -0
    outer loop
      vertex 42.45 43.0356 5
      vertex 42.2623 43.1282 0
      vertex 42.45 43.0356 0
    endloop
  endfacet
  facet normal 0.0654722 -0.997854 0
    outer loop
      vertex 41.4412 43.2363 0
      vertex 41.65 43.25 5
      vertex 41.4412 43.2363 5
    endloop
  endfacet
  facet normal 0.0654722 -0.997854 0
    outer loop
      vertex 41.65 43.25 5
      vertex 41.4412 43.2363 0
      vertex 41.65 43.25 0
    endloop
  endfacet
  facet normal 0.997854 0.0654722 0
    outer loop
      vertex 40.0637 41.4412 5
      vertex 40.05 41.65 0
      vertex 40.05 41.65 5
    endloop
  endfacet
  facet normal 0.997854 0.0654722 0
    outer loop
      vertex 40.05 41.65 0
      vertex 40.0637 41.4412 5
      vertex 40.0637 41.4412 0
    endloop
  endfacet
  facet normal 0.980819 -0.194922 0
    outer loop
      vertex 40.0637 41.8588 5
      vertex 40.1045 42.0641 0
      vertex 40.1045 42.0641 5
    endloop
  endfacet
  facet normal 0.980819 -0.194922 0
    outer loop
      vertex 40.1045 42.0641 0
      vertex 40.0637 41.8588 5
      vertex 40.0637 41.8588 0
    endloop
  endfacet
  facet normal 0.896803 -0.442429 0
    outer loop
      vertex 40.1718 42.2623 5
      vertex 40.2644 42.45 0
      vertex 40.2644 42.45 5
    endloop
  endfacet
  facet normal 0.896803 -0.442429 0
    outer loop
      vertex 40.2644 42.45 0
      vertex 40.1718 42.2623 5
      vertex 40.1718 42.2623 0
    endloop
  endfacet
  facet normal 0.194922 -0.980819 0
    outer loop
      vertex 41.2359 43.1955 0
      vertex 41.4412 43.2363 5
      vertex 41.2359 43.1955 5
    endloop
  endfacet
  facet normal 0.194922 -0.980819 0
    outer loop
      vertex 41.4412 43.2363 5
      vertex 41.2359 43.1955 0
      vertex 41.4412 43.2363 0
    endloop
  endfacet
  facet normal 0.659248 -0.751925 0
    outer loop
      vertex 40.5186 42.7814 0
      vertex 40.676 42.9194 5
      vertex 40.5186 42.7814 5
    endloop
  endfacet
  facet normal 0.659248 -0.751925 0
    outer loop
      vertex 40.676 42.9194 5
      vertex 40.5186 42.7814 0
      vertex 40.676 42.9194 0
    endloop
  endfacet
  facet normal 0.751925 -0.659248 0
    outer loop
      vertex 40.3806 42.624 5
      vertex 40.5186 42.7814 0
      vertex 40.5186 42.7814 5
    endloop
  endfacet
  facet normal 0.751925 -0.659248 0
    outer loop
      vertex 40.5186 42.7814 0
      vertex 40.3806 42.624 5
      vertex 40.3806 42.624 0
    endloop
  endfacet
  facet normal -0.997854 -0.0654722 0
    outer loop
      vertex 43.25 41.65 0
      vertex 43.2363 41.8588 5
      vertex 43.2363 41.8588 0
    endloop
  endfacet
  facet normal -0.997854 -0.0654722 0
    outer loop
      vertex 43.2363 41.8588 5
      vertex 43.25 41.65 0
      vertex 43.25 41.65 5
    endloop
  endfacet
  facet normal -0.194922 0.980819 0
    outer loop
      vertex 42.0641 40.1045 0
      vertex 41.8588 40.0637 5
      vertex 42.0641 40.1045 5
    endloop
  endfacet
  facet normal -0.194922 0.980819 0
    outer loop
      vertex 41.8588 40.0637 5
      vertex 42.0641 40.1045 0
      vertex 41.8588 40.0637 0
    endloop
  endfacet
  facet normal -0.321526 0.946901 0
    outer loop
      vertex 42.2623 40.1718 0
      vertex 42.0641 40.1045 5
      vertex 42.2623 40.1718 5
    endloop
  endfacet
  facet normal -0.321526 0.946901 0
    outer loop
      vertex 42.0641 40.1045 5
      vertex 42.2623 40.1718 0
      vertex 42.0641 40.1045 0
    endloop
  endfacet
  facet normal -0.659248 0.751925 0
    outer loop
      vertex 42.7814 40.5186 0
      vertex 42.624 40.3806 5
      vertex 42.7814 40.5186 5
    endloop
  endfacet
  facet normal -0.659248 0.751925 0
    outer loop
      vertex 42.624 40.3806 5
      vertex 42.7814 40.5186 0
      vertex 42.624 40.3806 0
    endloop
  endfacet
  facet normal -0.946901 0.321526 0
    outer loop
      vertex 43.1282 41.0377 0
      vertex 43.1955 41.2359 5
      vertex 43.1955 41.2359 0
    endloop
  endfacet
  facet normal -0.946901 0.321526 0
    outer loop
      vertex 43.1955 41.2359 5
      vertex 43.1282 41.0377 0
      vertex 43.1282 41.0377 5
    endloop
  endfacet
  facet normal -0.0654722 0.997854 0
    outer loop
      vertex 41.8588 40.0637 0
      vertex 41.65 40.05 5
      vertex 41.8588 40.0637 5
    endloop
  endfacet
  facet normal -0.0654722 0.997854 0
    outer loop
      vertex 41.65 40.05 5
      vertex 41.8588 40.0637 0
      vertex 41.65 40.05 0
    endloop
  endfacet
  facet normal 0.321526 0.946901 -0
    outer loop
      vertex 41.2359 40.1045 0
      vertex 41.0377 40.1718 5
      vertex 41.2359 40.1045 5
    endloop
  endfacet
  facet normal 0.321526 0.946901 0
    outer loop
      vertex 41.0377 40.1718 5
      vertex 41.2359 40.1045 0
      vertex 41.0377 40.1718 0
    endloop
  endfacet
  facet normal 0.896803 0.442429 0
    outer loop
      vertex 40.2644 40.85 5
      vertex 40.1718 41.0377 0
      vertex 40.1718 41.0377 5
    endloop
  endfacet
  facet normal 0.896803 0.442429 0
    outer loop
      vertex 40.1718 41.0377 0
      vertex 40.2644 40.85 5
      vertex 40.2644 40.85 0
    endloop
  endfacet
  facet normal 0.980819 0.194922 0
    outer loop
      vertex 40.1045 41.2359 5
      vertex 40.0637 41.4412 0
      vertex 40.0637 41.4412 5
    endloop
  endfacet
  facet normal 0.980819 0.194922 0
    outer loop
      vertex 40.0637 41.4412 0
      vertex 40.1045 41.2359 5
      vertex 40.1045 41.2359 0
    endloop
  endfacet
  facet normal 0.751925 0.659248 0
    outer loop
      vertex 40.5186 40.5186 5
      vertex 40.3806 40.676 0
      vertex 40.3806 40.676 5
    endloop
  endfacet
  facet normal 0.751925 0.659248 0
    outer loop
      vertex 40.3806 40.676 0
      vertex 40.5186 40.5186 5
      vertex 40.5186 40.5186 0
    endloop
  endfacet
  facet normal -0.0654722 -0.997854 0
    outer loop
      vertex 41.65 43.25 0
      vertex 41.8588 43.2363 5
      vertex 41.65 43.25 5
    endloop
  endfacet
  facet normal -0.0654722 -0.997854 -0
    outer loop
      vertex 41.8588 43.2363 5
      vertex 41.65 43.25 0
      vertex 41.8588 43.2363 0
    endloop
  endfacet
  facet normal 0.997854 -0.0654722 0
    outer loop
      vertex 40.05 41.65 5
      vertex 40.0637 41.8588 0
      vertex 40.0637 41.8588 5
    endloop
  endfacet
  facet normal 0.997854 -0.0654722 0
    outer loop
      vertex 40.0637 41.8588 0
      vertex 40.05 41.65 5
      vertex 40.05 41.65 0
    endloop
  endfacet
  facet normal -0.751925 0.659248 0
    outer loop
      vertex 42.7814 40.5186 0
      vertex 42.9194 40.676 5
      vertex 42.9194 40.676 0
    endloop
  endfacet
  facet normal -0.751925 0.659248 0
    outer loop
      vertex 42.9194 40.676 5
      vertex 42.7814 40.5186 0
      vertex 42.7814 40.5186 5
    endloop
  endfacet
  facet normal -0.896803 0.442429 0
    outer loop
      vertex 43.0356 40.85 0
      vertex 43.1282 41.0377 5
      vertex 43.1282 41.0377 0
    endloop
  endfacet
  facet normal -0.896803 0.442429 0
    outer loop
      vertex 43.1282 41.0377 5
      vertex 43.0356 40.85 0
      vertex 43.0356 40.85 5
    endloop
  endfacet
  facet normal 0.442429 0.896803 -0
    outer loop
      vertex 41.0377 40.1718 0
      vertex 40.85 40.2644 5
      vertex 41.0377 40.1718 5
    endloop
  endfacet
  facet normal 0.442429 0.896803 0
    outer loop
      vertex 40.85 40.2644 5
      vertex 41.0377 40.1718 0
      vertex 40.85 40.2644 0
    endloop
  endfacet
  facet normal 0.659248 0.751925 -0
    outer loop
      vertex 40.676 40.3806 0
      vertex 40.5186 40.5186 5
      vertex 40.676 40.3806 5
    endloop
  endfacet
  facet normal 0.659248 0.751925 0
    outer loop
      vertex 40.5186 40.5186 5
      vertex 40.676 40.3806 0
      vertex 40.5186 40.5186 0
    endloop
  endfacet
  facet normal -0.997857 -0.065431 0
    outer loop
      vertex 37.25 26.15 0
      vertex 37.155 27.5988 5
      vertex 37.155 27.5988 0
    endloop
  endfacet
  facet normal -0.997857 -0.065431 0
    outer loop
      vertex 37.155 27.5988 5
      vertex 37.25 26.15 0
      vertex 37.25 26.15 5
    endloop
  endfacet
  facet normal 0.997857 -0.065431 0
    outer loop
      vertex 15.05 26.15 5
      vertex 15.145 27.5988 0
      vertex 15.145 27.5988 5
    endloop
  endfacet
  facet normal 0.997857 -0.065431 0
    outer loop
      vertex 15.145 27.5988 0
      vertex 15.05 26.15 5
      vertex 15.05 26.15 0
    endloop
  endfacet
  facet normal -0.065431 -0.997857 0
    outer loop
      vertex 26.15 37.25 0
      vertex 27.5988 37.155 5
      vertex 26.15 37.25 5
    endloop
  endfacet
  facet normal -0.065431 -0.997857 -0
    outer loop
      vertex 27.5988 37.155 5
      vertex 26.15 37.25 0
      vertex 27.5988 37.155 0
    endloop
  endfacet
  facet normal 0.065431 0.997857 -0
    outer loop
      vertex 26.15 15.05 0
      vertex 24.7012 15.145 5
      vertex 26.15 15.05 5
    endloop
  endfacet
  facet normal 0.065431 0.997857 0
    outer loop
      vertex 24.7012 15.145 5
      vertex 26.15 15.05 0
      vertex 24.7012 15.145 0
    endloop
  endfacet
  facet normal 0.751842 0.659343 0
    outer loop
      vertex 18.3011 18.3011 5
      vertex 17.3438 19.3927 0
      vertex 17.3438 19.3927 5
    endloop
  endfacet
  facet normal 0.751842 0.659343 0
    outer loop
      vertex 17.3438 19.3927 0
      vertex 18.3011 18.3011 5
      vertex 18.3011 18.3011 0
    endloop
  endfacet
  facet normal -0.659343 -0.751842 0
    outer loop
      vertex 32.9073 34.9562 0
      vertex 33.9989 33.9989 5
      vertex 32.9073 34.9562 5
    endloop
  endfacet
  facet normal -0.659343 -0.751842 -0
    outer loop
      vertex 33.9989 33.9989 5
      vertex 32.9073 34.9562 0
      vertex 33.9989 33.9989 0
    endloop
  endfacet
  facet normal 0.659343 -0.751842 0
    outer loop
      vertex 18.3011 33.9989 0
      vertex 19.3927 34.9562 5
      vertex 18.3011 33.9989 5
    endloop
  endfacet
  facet normal 0.659343 -0.751842 0
    outer loop
      vertex 19.3927 34.9562 5
      vertex 18.3011 33.9989 0
      vertex 19.3927 34.9562 0
    endloop
  endfacet
  facet normal 0.32143 -0.946933 0
    outer loop
      vertex 21.9022 36.4051 0
      vertex 23.2771 36.8718 5
      vertex 21.9022 36.4051 5
    endloop
  endfacet
  facet normal 0.32143 -0.946933 0
    outer loop
      vertex 23.2771 36.8718 5
      vertex 21.9022 36.4051 0
      vertex 23.2771 36.8718 0
    endloop
  endfacet
  facet normal -0.896866 -0.442303 0
    outer loop
      vertex 36.4051 30.3978 0
      vertex 35.7629 31.7 5
      vertex 35.7629 31.7 0
    endloop
  endfacet
  facet normal -0.896866 -0.442303 0
    outer loop
      vertex 35.7629 31.7 5
      vertex 36.4051 30.3978 0
      vertex 36.4051 30.3978 5
    endloop
  endfacet
  facet normal -0.980795 -0.195043 0
    outer loop
      vertex 37.155 27.5988 0
      vertex 36.8718 29.0229 5
      vertex 36.8718 29.0229 0
    endloop
  endfacet
  facet normal -0.980795 -0.195043 0
    outer loop
      vertex 36.8718 29.0229 5
      vertex 37.155 27.5988 0
      vertex 37.155 27.5988 5
    endloop
  endfacet
  facet normal -0.831467 -0.555574 0
    outer loop
      vertex 35.7629 31.7 0
      vertex 34.9562 32.9073 5
      vertex 34.9562 32.9073 0
    endloop
  endfacet
  facet normal -0.831467 -0.555574 0
    outer loop
      vertex 34.9562 32.9073 5
      vertex 35.7629 31.7 0
      vertex 35.7629 31.7 5
    endloop
  endfacet
  facet normal -0.442303 -0.896866 0
    outer loop
      vertex 30.3978 36.4051 0
      vertex 31.7 35.7629 5
      vertex 30.3978 36.4051 5
    endloop
  endfacet
  facet normal -0.442303 -0.896866 -0
    outer loop
      vertex 31.7 35.7629 5
      vertex 30.3978 36.4051 0
      vertex 31.7 35.7629 0
    endloop
  endfacet
  facet normal -0.32143 -0.946933 0
    outer loop
      vertex 29.0229 36.8718 0
      vertex 30.3978 36.4051 5
      vertex 29.0229 36.8718 5
    endloop
  endfacet
  facet normal -0.32143 -0.946933 -0
    outer loop
      vertex 30.3978 36.4051 5
      vertex 29.0229 36.8718 0
      vertex 30.3978 36.4051 0
    endloop
  endfacet
  facet normal -0.555574 -0.831467 0
    outer loop
      vertex 31.7 35.7629 0
      vertex 32.9073 34.9562 5
      vertex 31.7 35.7629 5
    endloop
  endfacet
  facet normal -0.555574 -0.831467 -0
    outer loop
      vertex 32.9073 34.9562 5
      vertex 31.7 35.7629 0
      vertex 32.9073 34.9562 0
    endloop
  endfacet
  facet normal 0.896866 -0.442303 0
    outer loop
      vertex 15.8949 30.3978 5
      vertex 16.5371 31.7 0
      vertex 16.5371 31.7 5
    endloop
  endfacet
  facet normal 0.896866 -0.442303 0
    outer loop
      vertex 16.5371 31.7 0
      vertex 15.8949 30.3978 5
      vertex 15.8949 30.3978 0
    endloop
  endfacet
  facet normal 0.751842 -0.659343 0
    outer loop
      vertex 17.3438 32.9073 5
      vertex 18.3011 33.9989 0
      vertex 18.3011 33.9989 5
    endloop
  endfacet
  facet normal 0.751842 -0.659343 0
    outer loop
      vertex 18.3011 33.9989 0
      vertex 17.3438 32.9073 5
      vertex 17.3438 32.9073 0
    endloop
  endfacet
  facet normal 0.946933 -0.32143 0
    outer loop
      vertex 15.4282 29.0229 5
      vertex 15.8949 30.3978 0
      vertex 15.8949 30.3978 5
    endloop
  endfacet
  facet normal 0.946933 -0.32143 0
    outer loop
      vertex 15.8949 30.3978 0
      vertex 15.4282 29.0229 5
      vertex 15.4282 29.0229 0
    endloop
  endfacet
  facet normal 0.195043 -0.980795 0
    outer loop
      vertex 23.2771 36.8718 0
      vertex 24.7012 37.155 5
      vertex 23.2771 36.8718 5
    endloop
  endfacet
  facet normal 0.195043 -0.980795 0
    outer loop
      vertex 24.7012 37.155 5
      vertex 23.2771 36.8718 0
      vertex 24.7012 37.155 0
    endloop
  endfacet
  facet normal -0.442303 0.896866 0
    outer loop
      vertex 31.7 16.5371 0
      vertex 30.3978 15.8949 5
      vertex 31.7 16.5371 5
    endloop
  endfacet
  facet normal -0.442303 0.896866 0
    outer loop
      vertex 30.3978 15.8949 5
      vertex 31.7 16.5371 0
      vertex 30.3978 15.8949 0
    endloop
  endfacet
  facet normal -0.555574 0.831467 0
    outer loop
      vertex 32.9073 17.3438 0
      vertex 31.7 16.5371 5
      vertex 32.9073 17.3438 5
    endloop
  endfacet
  facet normal -0.555574 0.831467 0
    outer loop
      vertex 31.7 16.5371 5
      vertex 32.9073 17.3438 0
      vertex 31.7 16.5371 0
    endloop
  endfacet
  facet normal 0.442303 0.896866 -0
    outer loop
      vertex 21.9022 15.8949 0
      vertex 20.6 16.5371 5
      vertex 21.9022 15.8949 5
    endloop
  endfacet
  facet normal 0.442303 0.896866 0
    outer loop
      vertex 20.6 16.5371 5
      vertex 21.9022 15.8949 0
      vertex 20.6 16.5371 0
    endloop
  endfacet
  facet normal 0.659343 0.751842 -0
    outer loop
      vertex 19.3927 17.3438 0
      vertex 18.3011 18.3011 5
      vertex 19.3927 17.3438 5
    endloop
  endfacet
  facet normal 0.659343 0.751842 0
    outer loop
      vertex 18.3011 18.3011 5
      vertex 19.3927 17.3438 0
      vertex 18.3011 18.3011 0
    endloop
  endfacet
  facet normal 0.32143 0.946933 -0
    outer loop
      vertex 23.2771 15.4282 0
      vertex 21.9022 15.8949 5
      vertex 23.2771 15.4282 5
    endloop
  endfacet
  facet normal 0.32143 0.946933 0
    outer loop
      vertex 21.9022 15.8949 5
      vertex 23.2771 15.4282 0
      vertex 21.9022 15.8949 0
    endloop
  endfacet
  facet normal -0.946933 -0.32143 0
    outer loop
      vertex 36.8718 29.0229 0
      vertex 36.4051 30.3978 5
      vertex 36.4051 30.3978 0
    endloop
  endfacet
  facet normal -0.946933 -0.32143 0
    outer loop
      vertex 36.4051 30.3978 5
      vertex 36.8718 29.0229 0
      vertex 36.8718 29.0229 5
    endloop
  endfacet
  facet normal -0.751842 -0.659343 0
    outer loop
      vertex 34.9562 32.9073 0
      vertex 33.9989 33.9989 5
      vertex 33.9989 33.9989 0
    endloop
  endfacet
  facet normal -0.751842 -0.659343 0
    outer loop
      vertex 33.9989 33.9989 5
      vertex 34.9562 32.9073 0
      vertex 34.9562 32.9073 5
    endloop
  endfacet
  facet normal -0.195043 -0.980795 0
    outer loop
      vertex 27.5988 37.155 0
      vertex 29.0229 36.8718 5
      vertex 27.5988 37.155 5
    endloop
  endfacet
  facet normal -0.195043 -0.980795 -0
    outer loop
      vertex 29.0229 36.8718 5
      vertex 27.5988 37.155 0
      vertex 29.0229 36.8718 0
    endloop
  endfacet
  facet normal 0.831467 -0.555574 0
    outer loop
      vertex 16.5371 31.7 5
      vertex 17.3438 32.9073 0
      vertex 17.3438 32.9073 5
    endloop
  endfacet
  facet normal 0.831467 -0.555574 0
    outer loop
      vertex 17.3438 32.9073 0
      vertex 16.5371 31.7 5
      vertex 16.5371 31.7 0
    endloop
  endfacet
  facet normal 0.980795 -0.195043 0
    outer loop
      vertex 15.145 27.5988 5
      vertex 15.4282 29.0229 0
      vertex 15.4282 29.0229 5
    endloop
  endfacet
  facet normal 0.980795 -0.195043 0
    outer loop
      vertex 15.4282 29.0229 0
      vertex 15.145 27.5988 5
      vertex 15.145 27.5988 0
    endloop
  endfacet
  facet normal 0.442303 -0.896866 0
    outer loop
      vertex 20.6 35.7629 0
      vertex 21.9022 36.4051 5
      vertex 20.6 35.7629 5
    endloop
  endfacet
  facet normal 0.442303 -0.896866 0
    outer loop
      vertex 21.9022 36.4051 5
      vertex 20.6 35.7629 0
      vertex 21.9022 36.4051 0
    endloop
  endfacet
  facet normal 0.555574 -0.831467 0
    outer loop
      vertex 19.3927 34.9562 0
      vertex 20.6 35.7629 5
      vertex 19.3927 34.9562 5
    endloop
  endfacet
  facet normal 0.555574 -0.831467 0
    outer loop
      vertex 20.6 35.7629 5
      vertex 19.3927 34.9562 0
      vertex 20.6 35.7629 0
    endloop
  endfacet
  facet normal 0.065431 -0.997857 0
    outer loop
      vertex 24.7012 37.155 0
      vertex 26.15 37.25 5
      vertex 24.7012 37.155 5
    endloop
  endfacet
  facet normal 0.065431 -0.997857 0
    outer loop
      vertex 26.15 37.25 5
      vertex 24.7012 37.155 0
      vertex 26.15 37.25 0
    endloop
  endfacet
  facet normal -0.997857 0.065431 0
    outer loop
      vertex 37.155 24.7012 0
      vertex 37.25 26.15 5
      vertex 37.25 26.15 0
    endloop
  endfacet
  facet normal -0.997857 0.065431 0
    outer loop
      vertex 37.25 26.15 5
      vertex 37.155 24.7012 0
      vertex 37.155 24.7012 5
    endloop
  endfacet
  facet normal -0.065431 0.997857 0
    outer loop
      vertex 27.5988 15.145 0
      vertex 26.15 15.05 5
      vertex 27.5988 15.145 5
    endloop
  endfacet
  facet normal -0.065431 0.997857 0
    outer loop
      vertex 26.15 15.05 5
      vertex 27.5988 15.145 0
      vertex 26.15 15.05 0
    endloop
  endfacet
  facet normal -0.32143 0.946933 0
    outer loop
      vertex 30.3978 15.8949 0
      vertex 29.0229 15.4282 5
      vertex 30.3978 15.8949 5
    endloop
  endfacet
  facet normal -0.32143 0.946933 0
    outer loop
      vertex 29.0229 15.4282 5
      vertex 30.3978 15.8949 0
      vertex 29.0229 15.4282 0
    endloop
  endfacet
  facet normal -0.659343 0.751842 0
    outer loop
      vertex 33.9989 18.3011 0
      vertex 32.9073 17.3438 5
      vertex 33.9989 18.3011 5
    endloop
  endfacet
  facet normal -0.659343 0.751842 0
    outer loop
      vertex 32.9073 17.3438 5
      vertex 33.9989 18.3011 0
      vertex 32.9073 17.3438 0
    endloop
  endfacet
  facet normal -0.946933 0.32143 0
    outer loop
      vertex 36.4051 21.9022 0
      vertex 36.8718 23.2771 5
      vertex 36.8718 23.2771 0
    endloop
  endfacet
  facet normal -0.946933 0.32143 0
    outer loop
      vertex 36.8718 23.2771 5
      vertex 36.4051 21.9022 0
      vertex 36.4051 21.9022 5
    endloop
  endfacet
  facet normal -0.831467 0.555574 0
    outer loop
      vertex 34.9562 19.3927 0
      vertex 35.7629 20.6 5
      vertex 35.7629 20.6 0
    endloop
  endfacet
  facet normal -0.831467 0.555574 0
    outer loop
      vertex 35.7629 20.6 5
      vertex 34.9562 19.3927 0
      vertex 34.9562 19.3927 5
    endloop
  endfacet
  facet normal 0.555574 0.831467 -0
    outer loop
      vertex 20.6 16.5371 0
      vertex 19.3927 17.3438 5
      vertex 20.6 16.5371 5
    endloop
  endfacet
  facet normal 0.555574 0.831467 0
    outer loop
      vertex 19.3927 17.3438 5
      vertex 20.6 16.5371 0
      vertex 19.3927 17.3438 0
    endloop
  endfacet
  facet normal 0.195043 0.980795 -0
    outer loop
      vertex 24.7012 15.145 0
      vertex 23.2771 15.4282 5
      vertex 24.7012 15.145 5
    endloop
  endfacet
  facet normal 0.195043 0.980795 0
    outer loop
      vertex 23.2771 15.4282 5
      vertex 24.7012 15.145 0
      vertex 23.2771 15.4282 0
    endloop
  endfacet
  facet normal 0.896866 0.442303 0
    outer loop
      vertex 16.5371 20.6 5
      vertex 15.8949 21.9022 0
      vertex 15.8949 21.9022 5
    endloop
  endfacet
  facet normal 0.896866 0.442303 0
    outer loop
      vertex 15.8949 21.9022 0
      vertex 16.5371 20.6 5
      vertex 16.5371 20.6 0
    endloop
  endfacet
  facet normal 0.946933 0.32143 0
    outer loop
      vertex 15.8949 21.9022 5
      vertex 15.4282 23.2771 0
      vertex 15.4282 23.2771 5
    endloop
  endfacet
  facet normal 0.946933 0.32143 0
    outer loop
      vertex 15.4282 23.2771 0
      vertex 15.8949 21.9022 5
      vertex 15.8949 21.9022 0
    endloop
  endfacet
  facet normal 0.997857 0.065431 0
    outer loop
      vertex 15.145 24.7012 5
      vertex 15.05 26.15 0
      vertex 15.05 26.15 5
    endloop
  endfacet
  facet normal 0.997857 0.065431 0
    outer loop
      vertex 15.05 26.15 0
      vertex 15.145 24.7012 5
      vertex 15.145 24.7012 0
    endloop
  endfacet
  facet normal -0.195043 0.980795 0
    outer loop
      vertex 29.0229 15.4282 0
      vertex 27.5988 15.145 5
      vertex 29.0229 15.4282 5
    endloop
  endfacet
  facet normal -0.195043 0.980795 0
    outer loop
      vertex 27.5988 15.145 5
      vertex 29.0229 15.4282 0
      vertex 27.5988 15.145 0
    endloop
  endfacet
  facet normal -0.751842 0.659343 0
    outer loop
      vertex 33.9989 18.3011 0
      vertex 34.9562 19.3927 5
      vertex 34.9562 19.3927 0
    endloop
  endfacet
  facet normal -0.751842 0.659343 0
    outer loop
      vertex 34.9562 19.3927 5
      vertex 33.9989 18.3011 0
      vertex 33.9989 18.3011 5
    endloop
  endfacet
  facet normal -0.980795 0.195043 0
    outer loop
      vertex 36.8718 23.2771 0
      vertex 37.155 24.7012 5
      vertex 37.155 24.7012 0
    endloop
  endfacet
  facet normal -0.980795 0.195043 0
    outer loop
      vertex 37.155 24.7012 5
      vertex 36.8718 23.2771 0
      vertex 36.8718 23.2771 5
    endloop
  endfacet
  facet normal -0.896866 0.442303 0
    outer loop
      vertex 35.7629 20.6 0
      vertex 36.4051 21.9022 5
      vertex 36.4051 21.9022 0
    endloop
  endfacet
  facet normal -0.896866 0.442303 0
    outer loop
      vertex 36.4051 21.9022 5
      vertex 35.7629 20.6 0
      vertex 35.7629 20.6 5
    endloop
  endfacet
  facet normal 0.831467 0.555574 0
    outer loop
      vertex 17.3438 19.3927 5
      vertex 16.5371 20.6 0
      vertex 16.5371 20.6 5
    endloop
  endfacet
  facet normal 0.831467 0.555574 0
    outer loop
      vertex 16.5371 20.6 0
      vertex 17.3438 19.3927 5
      vertex 17.3438 19.3927 0
    endloop
  endfacet
  facet normal 0.980795 0.195043 0
    outer loop
      vertex 15.4282 23.2771 5
      vertex 15.145 24.7012 0
      vertex 15.145 24.7012 5
    endloop
  endfacet
  facet normal 0.980795 0.195043 0
    outer loop
      vertex 15.145 24.7012 0
      vertex 15.4282 23.2771 5
      vertex 15.4282 23.2771 0
    endloop
  endfacet
  facet normal 0.0655283 -0.997851 0
    outer loop
      vertex 20.8759 10.082 0
      vertex 21.15 10.1 5
      vertex 20.8759 10.082 5
    endloop
  endfacet
  facet normal 0.0655283 -0.997851 0
    outer loop
      vertex 21.15 10.1 5
      vertex 20.8759 10.082 0
      vertex 21.15 10.1 0
    endloop
  endfacet
  facet normal 0.0653833 0.99786 -0
    outer loop
      vertex 21.15 5.9 0
      vertex 20.8759 5.91796 5
      vertex 21.15 5.9 5
    endloop
  endfacet
  facet normal 0.0653833 0.99786 0
    outer loop
      vertex 20.8759 5.91796 5
      vertex 21.15 5.9 0
      vertex 20.8759 5.91796 0
    endloop
  endfacet
  facet normal 0.659396 0.751796 -0
    outer loop
      vertex 19.8716 6.33396 0
      vertex 19.6651 6.51508 5
      vertex 19.8716 6.33396 5
    endloop
  endfacet
  facet normal 0.659396 0.751796 0
    outer loop
      vertex 19.6651 6.51508 5
      vertex 19.8716 6.33396 0
      vertex 19.6651 6.51508 0
    endloop
  endfacet
  facet normal -0.946929 0.321443 0
    outer loop
      vertex 33.0901 7.19636 0
      vertex 33.1784 7.45648 5
      vertex 33.1784 7.45648 0
    endloop
  endfacet
  facet normal -0.946929 0.321443 0
    outer loop
      vertex 33.1784 7.45648 5
      vertex 33.0901 7.19636 0
      vertex 33.0901 7.19636 5
    endloop
  endfacet
  facet normal -0.442256 0.896889 0
    outer loop
      vertex 32.2 6.18135 0
      vertex 31.9536 6.05985 5
      vertex 32.2 6.18135 5
    endloop
  endfacet
  facet normal -0.442256 0.896889 0
    outer loop
      vertex 31.9536 6.05985 5
      vertex 32.2 6.18135 0
      vertex 31.9536 6.05985 0
    endloop
  endfacet
  facet normal 0.997851 0.0655259 0
    outer loop
      vertex 19.068 7.72589 5
      vertex 19.05 8 0
      vertex 19.05 8 5
    endloop
  endfacet
  facet normal 0.997851 0.0655259 0
    outer loop
      vertex 19.05 8 0
      vertex 19.068 7.72589 5
      vertex 19.068 7.72589 0
    endloop
  endfacet
  facet normal 0.751864 -0.659319 0
    outer loop
      vertex 19.484 9.2784 5
      vertex 19.6651 9.48492 0
      vertex 19.6651 9.48492 5
    endloop
  endfacet
  facet normal 0.751864 -0.659319 0
    outer loop
      vertex 19.6651 9.48492 0
      vertex 19.484 9.2784 5
      vertex 19.484 9.2784 0
    endloop
  endfacet
  facet normal 0 -1 0
    outer loop
      vertex 21.15 10.1 0
      vertex 31.15 10.1 5
      vertex 21.15 10.1 5
    endloop
  endfacet
  facet normal 0 -1 -0
    outer loop
      vertex 31.15 10.1 5
      vertex 21.15 10.1 0
      vertex 31.15 10.1 0
    endloop
  endfacet
  facet normal -0.997851 -0.0655283 0
    outer loop
      vertex 33.25 8 0
      vertex 33.232 8.2741 5
      vertex 33.232 8.2741 0
    endloop
  endfacet
  facet normal -0.997851 -0.0655283 0
    outer loop
      vertex 33.232 8.2741 5
      vertex 33.25 8 0
      vertex 33.25 8 5
    endloop
  endfacet
  facet normal 0 1 -0
    outer loop
      vertex 31.15 5.9 0
      vertex 21.15 5.9 5
      vertex 31.15 5.9 5
    endloop
  endfacet
  facet normal 0 1 0
    outer loop
      vertex 21.15 5.9 5
      vertex 31.15 5.9 0
      vertex 21.15 5.9 0
    endloop
  endfacet
  facet normal -0.0653833 0.99786 0
    outer loop
      vertex 31.4241 5.91796 0
      vertex 31.15 5.9 5
      vertex 31.4241 5.91796 5
    endloop
  endfacet
  facet normal -0.0653833 0.99786 0
    outer loop
      vertex 31.15 5.9 5
      vertex 31.4241 5.91796 0
      vertex 31.15 5.9 0
    endloop
  endfacet
  facet normal -0.195136 0.980776 0
    outer loop
      vertex 31.6935 5.97156 0
      vertex 31.4241 5.91796 5
      vertex 31.6935 5.97156 5
    endloop
  endfacet
  facet normal -0.195136 0.980776 0
    outer loop
      vertex 31.4241 5.91796 5
      vertex 31.6935 5.97156 0
      vertex 31.4241 5.91796 0
    endloop
  endfacet
  facet normal -0.751864 0.659319 0
    outer loop
      vertex 32.6349 6.51508 0
      vertex 32.816 6.7216 5
      vertex 32.816 6.7216 0
    endloop
  endfacet
  facet normal -0.751864 0.659319 0
    outer loop
      vertex 32.816 6.7216 5
      vertex 32.6349 6.51508 0
      vertex 32.6349 6.51508 5
    endloop
  endfacet
  facet normal 0.946925 -0.321454 0
    outer loop
      vertex 19.1216 8.54352 5
      vertex 19.2099 8.80363 0
      vertex 19.2099 8.80363 5
    endloop
  endfacet
  facet normal 0.946925 -0.321454 0
    outer loop
      vertex 19.2099 8.80363 0
      vertex 19.1216 8.54352 5
      vertex 19.1216 8.54352 0
    endloop
  endfacet
  facet normal 0.980778 0.195129 0
    outer loop
      vertex 19.1216 7.45648 5
      vertex 19.068 7.72589 0
      vertex 19.068 7.72589 5
    endloop
  endfacet
  facet normal 0.980778 0.195129 0
    outer loop
      vertex 19.068 7.72589 0
      vertex 19.1216 7.45648 5
      vertex 19.1216 7.45648 0
    endloop
  endfacet
  facet normal 0.897005 0.442021 0
    outer loop
      vertex 19.3313 6.95 5
      vertex 19.2099 7.19636 0
      vertex 19.2099 7.19636 5
    endloop
  endfacet
  facet normal 0.897005 0.442021 0
    outer loop
      vertex 19.2099 7.19636 0
      vertex 19.3313 6.95 5
      vertex 19.3313 6.95 0
    endloop
  endfacet
  facet normal 0.321433 0.946932 -0
    outer loop
      vertex 20.6065 5.97156 0
      vertex 20.3464 6.05985 5
      vertex 20.6065 5.97156 5
    endloop
  endfacet
  facet normal 0.321433 0.946932 0
    outer loop
      vertex 20.3464 6.05985 5
      vertex 20.6065 5.97156 0
      vertex 20.3464 6.05985 0
    endloop
  endfacet
  facet normal -0.980778 0.195129 0
    outer loop
      vertex 33.1784 7.45648 0
      vertex 33.232 7.72589 5
      vertex 33.232 7.72589 0
    endloop
  endfacet
  facet normal -0.980778 0.195129 0
    outer loop
      vertex 33.232 7.72589 5
      vertex 33.1784 7.45648 0
      vertex 33.1784 7.45648 5
    endloop
  endfacet
  facet normal -0.831322 0.555792 0
    outer loop
      vertex 32.816 6.7216 0
      vertex 32.9687 6.95 5
      vertex 32.9687 6.95 0
    endloop
  endfacet
  facet normal -0.831322 0.555792 0
    outer loop
      vertex 32.9687 6.95 5
      vertex 32.816 6.7216 0
      vertex 32.816 6.7216 5
    endloop
  endfacet
  facet normal 0.897012 -0.442007 0
    outer loop
      vertex 19.2099 8.80363 5
      vertex 19.3313 9.05 0
      vertex 19.3313 9.05 5
    endloop
  endfacet
  facet normal 0.897012 -0.442007 0
    outer loop
      vertex 19.3313 9.05 0
      vertex 19.2099 8.80363 5
      vertex 19.2099 8.80363 0
    endloop
  endfacet
  facet normal 0.831322 -0.555792 0
    outer loop
      vertex 19.3313 9.05 5
      vertex 19.484 9.2784 0
      vertex 19.484 9.2784 5
    endloop
  endfacet
  facet normal 0.831322 -0.555792 0
    outer loop
      vertex 19.484 9.2784 0
      vertex 19.3313 9.05 5
      vertex 19.3313 9.05 0
    endloop
  endfacet
  facet normal 0.659396 -0.751796 0
    outer loop
      vertex 19.6651 9.48492 0
      vertex 19.8716 9.66604 5
      vertex 19.6651 9.48492 5
    endloop
  endfacet
  facet normal 0.659396 -0.751796 0
    outer loop
      vertex 19.8716 9.66604 5
      vertex 19.6651 9.48492 0
      vertex 19.8716 9.66604 0
    endloop
  endfacet
  facet normal 0.321302 -0.946977 0
    outer loop
      vertex 20.3464 9.94015 0
      vertex 20.6065 10.0284 5
      vertex 20.3464 9.94015 5
    endloop
  endfacet
  facet normal 0.321302 -0.946977 0
    outer loop
      vertex 20.6065 10.0284 5
      vertex 20.3464 9.94015 0
      vertex 20.6065 10.0284 0
    endloop
  endfacet
  facet normal -0.751864 -0.659319 0
    outer loop
      vertex 32.816 9.2784 0
      vertex 32.6349 9.48492 5
      vertex 32.6349 9.48492 0
    endloop
  endfacet
  facet normal -0.751864 -0.659319 0
    outer loop
      vertex 32.6349 9.48492 5
      vertex 32.816 9.2784 0
      vertex 32.816 9.2784 5
    endloop
  endfacet
  facet normal 0.946929 0.321443 0
    outer loop
      vertex 19.2099 7.19636 5
      vertex 19.1216 7.45648 0
      vertex 19.1216 7.45648 5
    endloop
  endfacet
  facet normal 0.946929 0.321443 0
    outer loop
      vertex 19.1216 7.45648 0
      vertex 19.2099 7.19636 5
      vertex 19.2099 7.19636 0
    endloop
  endfacet
  facet normal 0.751864 0.659319 0
    outer loop
      vertex 19.6651 6.51508 5
      vertex 19.484 6.7216 0
      vertex 19.484 6.7216 5
    endloop
  endfacet
  facet normal 0.751864 0.659319 0
    outer loop
      vertex 19.484 6.7216 0
      vertex 19.6651 6.51508 5
      vertex 19.6651 6.51508 0
    endloop
  endfacet
  facet normal 0.555565 0.831473 -0
    outer loop
      vertex 20.1 6.18135 0
      vertex 19.8716 6.33396 5
      vertex 20.1 6.18135 5
    endloop
  endfacet
  facet normal 0.555565 0.831473 0
    outer loop
      vertex 19.8716 6.33396 5
      vertex 20.1 6.18135 0
      vertex 19.8716 6.33396 0
    endloop
  endfacet
  facet normal 0.442256 0.896889 -0
    outer loop
      vertex 20.3464 6.05985 0
      vertex 20.1 6.18135 5
      vertex 20.3464 6.05985 5
    endloop
  endfacet
  facet normal 0.442256 0.896889 0
    outer loop
      vertex 20.1 6.18135 5
      vertex 20.3464 6.05985 0
      vertex 20.1 6.18135 0
    endloop
  endfacet
  facet normal -0.321433 0.946932 0
    outer loop
      vertex 31.9536 6.05985 0
      vertex 31.6935 5.97156 5
      vertex 31.9536 6.05985 5
    endloop
  endfacet
  facet normal -0.321433 0.946932 0
    outer loop
      vertex 31.6935 5.97156 5
      vertex 31.9536 6.05985 0
      vertex 31.6935 5.97156 0
    endloop
  endfacet
  facet normal -0.659396 0.751796 0
    outer loop
      vertex 32.6349 6.51508 0
      vertex 32.4284 6.33396 5
      vertex 32.6349 6.51508 5
    endloop
  endfacet
  facet normal -0.659396 0.751796 0
    outer loop
      vertex 32.4284 6.33396 5
      vertex 32.6349 6.51508 0
      vertex 32.4284 6.33396 0
    endloop
  endfacet
  facet normal -0.555565 0.831473 0
    outer loop
      vertex 32.4284 6.33396 0
      vertex 32.2 6.18135 5
      vertex 32.4284 6.33396 5
    endloop
  endfacet
  facet normal -0.555565 0.831473 0
    outer loop
      vertex 32.2 6.18135 5
      vertex 32.4284 6.33396 0
      vertex 32.2 6.18135 0
    endloop
  endfacet
  facet normal -0.997851 0.0655259 0
    outer loop
      vertex 33.232 7.72589 0
      vertex 33.25 8 5
      vertex 33.25 8 0
    endloop
  endfacet
  facet normal -0.997851 0.0655259 0
    outer loop
      vertex 33.25 8 5
      vertex 33.232 7.72589 0
      vertex 33.232 7.72589 5
    endloop
  endfacet
  facet normal -0.897005 0.442021 0
    outer loop
      vertex 32.9687 6.95 0
      vertex 33.0901 7.19636 5
      vertex 33.0901 7.19636 0
    endloop
  endfacet
  facet normal -0.897005 0.442021 0
    outer loop
      vertex 33.0901 7.19636 5
      vertex 32.9687 6.95 0
      vertex 32.9687 6.95 5
    endloop
  endfacet
  facet normal 0.997851 -0.0655283 0
    outer loop
      vertex 19.05 8 5
      vertex 19.068 8.2741 0
      vertex 19.068 8.2741 5
    endloop
  endfacet
  facet normal 0.997851 -0.0655283 0
    outer loop
      vertex 19.068 8.2741 0
      vertex 19.05 8 5
      vertex 19.05 8 0
    endloop
  endfacet
  facet normal 0.980779 -0.195122 0
    outer loop
      vertex 19.068 8.2741 5
      vertex 19.1216 8.54352 0
      vertex 19.1216 8.54352 5
    endloop
  endfacet
  facet normal 0.980779 -0.195122 0
    outer loop
      vertex 19.1216 8.54352 0
      vertex 19.068 8.2741 5
      vertex 19.068 8.2741 0
    endloop
  endfacet
  facet normal 0.555565 -0.831473 0
    outer loop
      vertex 19.8716 9.66604 0
      vertex 20.1 9.81865 5
      vertex 19.8716 9.66604 5
    endloop
  endfacet
  facet normal 0.555565 -0.831473 0
    outer loop
      vertex 20.1 9.81865 5
      vertex 19.8716 9.66604 0
      vertex 20.1 9.81865 0
    endloop
  endfacet
  facet normal 0.442256 -0.896889 0
    outer loop
      vertex 20.1 9.81865 0
      vertex 20.3464 9.94015 5
      vertex 20.1 9.81865 5
    endloop
  endfacet
  facet normal 0.442256 -0.896889 0
    outer loop
      vertex 20.3464 9.94015 5
      vertex 20.1 9.81865 0
      vertex 20.3464 9.94015 0
    endloop
  endfacet
  facet normal 0.195136 -0.980776 0
    outer loop
      vertex 20.6065 10.0284 0
      vertex 20.8759 10.082 5
      vertex 20.6065 10.0284 5
    endloop
  endfacet
  facet normal 0.195136 -0.980776 0
    outer loop
      vertex 20.8759 10.082 5
      vertex 20.6065 10.0284 0
      vertex 20.8759 10.082 0
    endloop
  endfacet
  facet normal -0.980779 -0.195122 0
    outer loop
      vertex 33.232 8.2741 0
      vertex 33.1784 8.54352 5
      vertex 33.1784 8.54352 0
    endloop
  endfacet
  facet normal -0.980779 -0.195122 0
    outer loop
      vertex 33.1784 8.54352 5
      vertex 33.232 8.2741 0
      vertex 33.232 8.2741 5
    endloop
  endfacet
  facet normal -0.0655283 -0.997851 0
    outer loop
      vertex 31.15 10.1 0
      vertex 31.4241 10.082 5
      vertex 31.15 10.1 5
    endloop
  endfacet
  facet normal -0.0655283 -0.997851 -0
    outer loop
      vertex 31.4241 10.082 5
      vertex 31.15 10.1 0
      vertex 31.4241 10.082 0
    endloop
  endfacet
  facet normal -0.555565 -0.831473 0
    outer loop
      vertex 32.2 9.81865 0
      vertex 32.4284 9.66604 5
      vertex 32.2 9.81865 5
    endloop
  endfacet
  facet normal -0.555565 -0.831473 -0
    outer loop
      vertex 32.4284 9.66604 5
      vertex 32.2 9.81865 0
      vertex 32.4284 9.66604 0
    endloop
  endfacet
  facet normal 0.831322 0.555792 0
    outer loop
      vertex 19.484 6.7216 5
      vertex 19.3313 6.95 0
      vertex 19.3313 6.95 5
    endloop
  endfacet
  facet normal 0.831322 0.555792 0
    outer loop
      vertex 19.3313 6.95 0
      vertex 19.484 6.7216 5
      vertex 19.484 6.7216 0
    endloop
  endfacet
  facet normal 0.195136 0.980776 -0
    outer loop
      vertex 20.8759 5.91796 0
      vertex 20.6065 5.97156 5
      vertex 20.8759 5.91796 5
    endloop
  endfacet
  facet normal 0.195136 0.980776 0
    outer loop
      vertex 20.6065 5.97156 5
      vertex 20.8759 5.91796 0
      vertex 20.6065 5.97156 0
    endloop
  endfacet
  facet normal -0.946925 -0.321454 0
    outer loop
      vertex 33.1784 8.54352 0
      vertex 33.0901 8.80363 5
      vertex 33.0901 8.80363 0
    endloop
  endfacet
  facet normal -0.946925 -0.321454 0
    outer loop
      vertex 33.0901 8.80363 5
      vertex 33.1784 8.54352 0
      vertex 33.1784 8.54352 5
    endloop
  endfacet
  facet normal -0.831322 -0.555792 0
    outer loop
      vertex 32.9687 9.05 0
      vertex 32.816 9.2784 5
      vertex 32.816 9.2784 0
    endloop
  endfacet
  facet normal -0.831322 -0.555792 0
    outer loop
      vertex 32.816 9.2784 5
      vertex 32.9687 9.05 0
      vertex 32.9687 9.05 5
    endloop
  endfacet
  facet normal -0.897012 -0.442007 0
    outer loop
      vertex 33.0901 8.80363 0
      vertex 32.9687 9.05 5
      vertex 32.9687 9.05 0
    endloop
  endfacet
  facet normal -0.897012 -0.442007 0
    outer loop
      vertex 32.9687 9.05 5
      vertex 33.0901 8.80363 0
      vertex 33.0901 8.80363 5
    endloop
  endfacet
  facet normal -0.195136 -0.980776 0
    outer loop
      vertex 31.4241 10.082 0
      vertex 31.6935 10.0284 5
      vertex 31.4241 10.082 5
    endloop
  endfacet
  facet normal -0.195136 -0.980776 -0
    outer loop
      vertex 31.6935 10.0284 5
      vertex 31.4241 10.082 0
      vertex 31.6935 10.0284 0
    endloop
  endfacet
  facet normal -0.442256 -0.896889 0
    outer loop
      vertex 31.9536 9.94015 0
      vertex 32.2 9.81865 5
      vertex 31.9536 9.94015 5
    endloop
  endfacet
  facet normal -0.442256 -0.896889 -0
    outer loop
      vertex 32.2 9.81865 5
      vertex 31.9536 9.94015 0
      vertex 32.2 9.81865 0
    endloop
  endfacet
  facet normal -0.659396 -0.751796 0
    outer loop
      vertex 32.4284 9.66604 0
      vertex 32.6349 9.48492 5
      vertex 32.4284 9.66604 5
    endloop
  endfacet
  facet normal -0.659396 -0.751796 -0
    outer loop
      vertex 32.6349 9.48492 5
      vertex 32.4284 9.66604 0
      vertex 32.6349 9.48492 0
    endloop
  endfacet
  facet normal -0.321302 -0.946977 0
    outer loop
      vertex 31.6935 10.0284 0
      vertex 31.9536 9.94015 5
      vertex 31.6935 10.0284 5
    endloop
  endfacet
  facet normal -0.321302 -0.946977 -0
    outer loop
      vertex 31.9536 9.94015 5
      vertex 31.6935 10.0284 0
      vertex 31.9536 9.94015 0
    endloop
  endfacet
  facet normal 0.946921 -0.321465 0
    outer loop
      vertex 19.1216 44.8435 5
      vertex 19.2099 45.1036 0
      vertex 19.2099 45.1036 5
    endloop
  endfacet
  facet normal 0.946921 -0.321465 0
    outer loop
      vertex 19.2099 45.1036 0
      vertex 19.1216 44.8435 5
      vertex 19.1216 44.8435 0
    endloop
  endfacet
  facet normal 0.997851 -0.0655283 0
    outer loop
      vertex 19.05 44.3 5
      vertex 19.068 44.5741 0
      vertex 19.068 44.5741 5
    endloop
  endfacet
  facet normal 0.997851 -0.0655283 0
    outer loop
      vertex 19.068 44.5741 0
      vertex 19.05 44.3 5
      vertex 19.05 44.3 0
    endloop
  endfacet
  facet normal 0.980776 -0.195136 0
    outer loop
      vertex 19.068 44.5741 5
      vertex 19.1216 44.8435 0
      vertex 19.1216 44.8435 5
    endloop
  endfacet
  facet normal 0.980776 -0.195136 0
    outer loop
      vertex 19.1216 44.8435 0
      vertex 19.068 44.5741 5
      vertex 19.068 44.5741 0
    endloop
  endfacet
  facet normal 0.751832 0.659355 0
    outer loop
      vertex 19.6651 42.8151 5
      vertex 19.484 43.0216 0
      vertex 19.484 43.0216 5
    endloop
  endfacet
  facet normal 0.751832 0.659355 0
    outer loop
      vertex 19.484 43.0216 0
      vertex 19.6651 42.8151 5
      vertex 19.6651 42.8151 0
    endloop
  endfacet
  facet normal 0 1 -0
    outer loop
      vertex 31.15 42.2 0
      vertex 21.15 42.2 5
      vertex 31.15 42.2 5
    endloop
  endfacet
  facet normal 0 1 0
    outer loop
      vertex 21.15 42.2 5
      vertex 31.15 42.2 0
      vertex 21.15 42.2 0
    endloop
  endfacet
  facet normal -0.980776 0.195136 0
    outer loop
      vertex 33.1784 43.7565 0
      vertex 33.232 44.0259 5
      vertex 33.232 44.0259 0
    endloop
  endfacet
  facet normal -0.980776 0.195136 0
    outer loop
      vertex 33.232 44.0259 5
      vertex 33.1784 43.7565 0
      vertex 33.1784 43.7565 5
    endloop
  endfacet
  facet normal 0.321465 0.946921 -0
    outer loop
      vertex 20.6065 42.2716 0
      vertex 20.3464 42.3599 5
      vertex 20.6065 42.2716 5
    endloop
  endfacet
  facet normal 0.321465 0.946921 0
    outer loop
      vertex 20.3464 42.3599 5
      vertex 20.6065 42.2716 0
      vertex 20.3464 42.3599 0
    endloop
  endfacet
  facet normal 0.997851 0.0655283 0
    outer loop
      vertex 19.068 44.0259 5
      vertex 19.05 44.3 0
      vertex 19.05 44.3 5
    endloop
  endfacet
  facet normal 0.997851 0.0655283 0
    outer loop
      vertex 19.05 44.3 0
      vertex 19.068 44.0259 5
      vertex 19.068 44.0259 0
    endloop
  endfacet
  facet normal 0.897033 -0.441964 0
    outer loop
      vertex 19.2099 45.1036 5
      vertex 19.3313 45.35 0
      vertex 19.3313 45.35 5
    endloop
  endfacet
  facet normal 0.897033 -0.441964 0
    outer loop
      vertex 19.3313 45.35 0
      vertex 19.2099 45.1036 5
      vertex 19.2099 45.1036 0
    endloop
  endfacet
  facet normal 0.441964 -0.897033 0
    outer loop
      vertex 20.1 46.1187 0
      vertex 20.3464 46.2401 5
      vertex 20.1 46.1187 5
    endloop
  endfacet
  facet normal 0.441964 -0.897033 0
    outer loop
      vertex 20.3464 46.2401 5
      vertex 20.1 46.1187 0
      vertex 20.3464 46.2401 0
    endloop
  endfacet
  facet normal -0.0655283 0.997851 0
    outer loop
      vertex 31.4241 42.218 0
      vertex 31.15 42.2 5
      vertex 31.4241 42.218 5
    endloop
  endfacet
  facet normal -0.0655283 0.997851 0
    outer loop
      vertex 31.15 42.2 5
      vertex 31.4241 42.218 0
      vertex 31.15 42.2 0
    endloop
  endfacet
  facet normal 0 -1 0
    outer loop
      vertex 21.15 46.4 0
      vertex 31.15 46.4 5
      vertex 21.15 46.4 5
    endloop
  endfacet
  facet normal 0 -1 -0
    outer loop
      vertex 31.15 46.4 5
      vertex 21.15 46.4 0
      vertex 31.15 46.4 0
    endloop
  endfacet
  facet normal -0.831322 0.555792 0
    outer loop
      vertex 32.816 43.0216 0
      vertex 32.9687 43.25 5
      vertex 32.9687 43.25 0
    endloop
  endfacet
  facet normal -0.831322 0.555792 0
    outer loop
      vertex 32.9687 43.25 5
      vertex 32.816 43.0216 0
      vertex 32.816 43.0216 5
    endloop
  endfacet
  facet normal 0.195136 0.980776 -0
    outer loop
      vertex 20.8759 42.218 0
      vertex 20.6065 42.2716 5
      vertex 20.8759 42.218 5
    endloop
  endfacet
  facet normal 0.195136 0.980776 0
    outer loop
      vertex 20.6065 42.2716 5
      vertex 20.8759 42.218 0
      vertex 20.6065 42.2716 0
    endloop
  endfacet
  facet normal 0.555792 0.831322 -0
    outer loop
      vertex 20.1 42.4813 0
      vertex 19.8716 42.634 5
      vertex 20.1 42.4813 5
    endloop
  endfacet
  facet normal 0.555792 0.831322 0
    outer loop
      vertex 19.8716 42.634 5
      vertex 20.1 42.4813 0
      vertex 19.8716 42.634 0
    endloop
  endfacet
  facet normal 0.946921 0.321465 0
    outer loop
      vertex 19.2099 43.4964 5
      vertex 19.1216 43.7565 0
      vertex 19.1216 43.7565 5
    endloop
  endfacet
  facet normal 0.946921 0.321465 0
    outer loop
      vertex 19.1216 43.7565 0
      vertex 19.2099 43.4964 5
      vertex 19.2099 43.4964 0
    endloop
  endfacet
  facet normal 0.980776 0.195136 0
    outer loop
      vertex 19.1216 43.7565 5
      vertex 19.068 44.0259 0
      vertex 19.068 44.0259 5
    endloop
  endfacet
  facet normal 0.980776 0.195136 0
    outer loop
      vertex 19.068 44.0259 0
      vertex 19.1216 43.7565 5
      vertex 19.1216 43.7565 0
    endloop
  endfacet
  facet normal 0.831322 -0.555792 0
    outer loop
      vertex 19.3313 45.35 5
      vertex 19.484 45.5784 0
      vertex 19.484 45.5784 5
    endloop
  endfacet
  facet normal 0.831322 -0.555792 0
    outer loop
      vertex 19.484 45.5784 0
      vertex 19.3313 45.35 5
      vertex 19.3313 45.35 0
    endloop
  endfacet
  facet normal 0.195136 -0.980776 0
    outer loop
      vertex 20.6065 46.3284 0
      vertex 20.8759 46.382 5
      vertex 20.6065 46.3284 5
    endloop
  endfacet
  facet normal 0.195136 -0.980776 0
    outer loop
      vertex 20.8759 46.382 5
      vertex 20.6065 46.3284 0
      vertex 20.8759 46.382 0
    endloop
  endfacet
  facet normal -0.441964 0.897033 0
    outer loop
      vertex 32.2 42.4813 0
      vertex 31.9536 42.3599 5
      vertex 32.2 42.4813 5
    endloop
  endfacet
  facet normal -0.441964 0.897033 0
    outer loop
      vertex 31.9536 42.3599 5
      vertex 32.2 42.4813 0
      vertex 31.9536 42.3599 0
    endloop
  endfacet
  facet normal -0.0655283 -0.997851 0
    outer loop
      vertex 31.15 46.4 0
      vertex 31.4241 46.382 5
      vertex 31.15 46.4 5
    endloop
  endfacet
  facet normal -0.0655283 -0.997851 -0
    outer loop
      vertex 31.4241 46.382 5
      vertex 31.15 46.4 0
      vertex 31.4241 46.382 0
    endloop
  endfacet
  facet normal -0.195136 -0.980776 0
    outer loop
      vertex 31.4241 46.382 0
      vertex 31.6935 46.3284 5
      vertex 31.4241 46.382 5
    endloop
  endfacet
  facet normal -0.195136 -0.980776 -0
    outer loop
      vertex 31.6935 46.3284 5
      vertex 31.4241 46.382 0
      vertex 31.6935 46.3284 0
    endloop
  endfacet
  facet normal -0.751832 -0.659355 0
    outer loop
      vertex 32.816 45.5784 0
      vertex 32.6349 45.7849 5
      vertex 32.6349 45.7849 0
    endloop
  endfacet
  facet normal -0.751832 -0.659355 0
    outer loop
      vertex 32.6349 45.7849 5
      vertex 32.816 45.5784 0
      vertex 32.816 45.5784 5
    endloop
  endfacet
  facet normal 0.0655283 0.997851 -0
    outer loop
      vertex 21.15 42.2 0
      vertex 20.8759 42.218 5
      vertex 21.15 42.2 5
    endloop
  endfacet
  facet normal 0.0655283 0.997851 0
    outer loop
      vertex 20.8759 42.218 5
      vertex 21.15 42.2 0
      vertex 20.8759 42.218 0
    endloop
  endfacet
  facet normal 0.441964 0.897033 -0
    outer loop
      vertex 20.3464 42.3599 0
      vertex 20.1 42.4813 5
      vertex 20.3464 42.3599 5
    endloop
  endfacet
  facet normal 0.441964 0.897033 0
    outer loop
      vertex 20.1 42.4813 5
      vertex 20.3464 42.3599 0
      vertex 20.1 42.4813 0
    endloop
  endfacet
  facet normal 0.897033 0.441964 0
    outer loop
      vertex 19.3313 43.25 5
      vertex 19.2099 43.4964 0
      vertex 19.2099 43.4964 5
    endloop
  endfacet
  facet normal 0.897033 0.441964 0
    outer loop
      vertex 19.2099 43.4964 0
      vertex 19.3313 43.25 5
      vertex 19.3313 43.25 0
    endloop
  endfacet
  facet normal 0.321465 -0.946921 0
    outer loop
      vertex 20.3464 46.2401 0
      vertex 20.6065 46.3284 5
      vertex 20.3464 46.2401 5
    endloop
  endfacet
  facet normal 0.321465 -0.946921 0
    outer loop
      vertex 20.6065 46.3284 5
      vertex 20.3464 46.2401 0
      vertex 20.6065 46.3284 0
    endloop
  endfacet
  facet normal 0.0655283 -0.997851 0
    outer loop
      vertex 20.8759 46.382 0
      vertex 21.15 46.4 5
      vertex 20.8759 46.382 5
    endloop
  endfacet
  facet normal 0.0655283 -0.997851 0
    outer loop
      vertex 21.15 46.4 5
      vertex 20.8759 46.382 0
      vertex 21.15 46.4 0
    endloop
  endfacet
  facet normal -0.321465 0.946921 0
    outer loop
      vertex 31.9536 42.3599 0
      vertex 31.6935 42.2716 5
      vertex 31.9536 42.3599 5
    endloop
  endfacet
  facet normal -0.321465 0.946921 0
    outer loop
      vertex 31.6935 42.2716 5
      vertex 31.9536 42.3599 0
      vertex 31.6935 42.2716 0
    endloop
  endfacet
  facet normal -0.946921 0.321465 0
    outer loop
      vertex 33.0901 43.4964 0
      vertex 33.1784 43.7565 5
      vertex 33.1784 43.7565 0
    endloop
  endfacet
  facet normal -0.946921 0.321465 0
    outer loop
      vertex 33.1784 43.7565 5
      vertex 33.0901 43.4964 0
      vertex 33.0901 43.4964 5
    endloop
  endfacet
  facet normal -0.897033 0.441964 0
    outer loop
      vertex 32.9687 43.25 0
      vertex 33.0901 43.4964 5
      vertex 33.0901 43.4964 0
    endloop
  endfacet
  facet normal -0.897033 0.441964 0
    outer loop
      vertex 33.0901 43.4964 5
      vertex 32.9687 43.25 0
      vertex 32.9687 43.25 5
    endloop
  endfacet
  facet normal -0.751832 0.659355 0
    outer loop
      vertex 32.6349 42.8151 0
      vertex 32.816 43.0216 5
      vertex 32.816 43.0216 0
    endloop
  endfacet
  facet normal -0.751832 0.659355 0
    outer loop
      vertex 32.816 43.0216 5
      vertex 32.6349 42.8151 0
      vertex 32.6349 42.8151 5
    endloop
  endfacet
  facet normal -0.555792 0.831322 0
    outer loop
      vertex 32.4284 42.634 0
      vertex 32.2 42.4813 5
      vertex 32.4284 42.634 5
    endloop
  endfacet
  facet normal -0.555792 0.831322 0
    outer loop
      vertex 32.2 42.4813 5
      vertex 32.4284 42.634 0
      vertex 32.2 42.4813 0
    endloop
  endfacet
  facet normal -0.659355 0.751832 0
    outer loop
      vertex 32.6349 42.8151 0
      vertex 32.4284 42.634 5
      vertex 32.6349 42.8151 5
    endloop
  endfacet
  facet normal -0.659355 0.751832 0
    outer loop
      vertex 32.4284 42.634 5
      vertex 32.6349 42.8151 0
      vertex 32.4284 42.634 0
    endloop
  endfacet
  facet normal -0.997851 0.0655283 0
    outer loop
      vertex 33.232 44.0259 0
      vertex 33.25 44.3 5
      vertex 33.25 44.3 0
    endloop
  endfacet
  facet normal -0.997851 0.0655283 0
    outer loop
      vertex 33.25 44.3 5
      vertex 33.232 44.0259 0
      vertex 33.232 44.0259 5
    endloop
  endfacet
  facet normal -0.980776 -0.195136 0
    outer loop
      vertex 33.232 44.5741 0
      vertex 33.1784 44.8435 5
      vertex 33.1784 44.8435 0
    endloop
  endfacet
  facet normal -0.980776 -0.195136 0
    outer loop
      vertex 33.1784 44.8435 5
      vertex 33.232 44.5741 0
      vertex 33.232 44.5741 5
    endloop
  endfacet
  facet normal -0.659355 -0.751832 0
    outer loop
      vertex 32.4284 45.966 0
      vertex 32.6349 45.7849 5
      vertex 32.4284 45.966 5
    endloop
  endfacet
  facet normal -0.659355 -0.751832 -0
    outer loop
      vertex 32.6349 45.7849 5
      vertex 32.4284 45.966 0
      vertex 32.6349 45.7849 0
    endloop
  endfacet
  facet normal 0.659355 0.751832 -0
    outer loop
      vertex 19.8716 42.634 0
      vertex 19.6651 42.8151 5
      vertex 19.8716 42.634 5
    endloop
  endfacet
  facet normal 0.659355 0.751832 0
    outer loop
      vertex 19.6651 42.8151 5
      vertex 19.8716 42.634 0
      vertex 19.6651 42.8151 0
    endloop
  endfacet
  facet normal 0.831322 0.555792 0
    outer loop
      vertex 19.484 43.0216 5
      vertex 19.3313 43.25 0
      vertex 19.3313 43.25 5
    endloop
  endfacet
  facet normal 0.831322 0.555792 0
    outer loop
      vertex 19.3313 43.25 0
      vertex 19.484 43.0216 5
      vertex 19.484 43.0216 0
    endloop
  endfacet
  facet normal 0.751832 -0.659355 0
    outer loop
      vertex 19.484 45.5784 5
      vertex 19.6651 45.7849 0
      vertex 19.6651 45.7849 5
    endloop
  endfacet
  facet normal 0.751832 -0.659355 0
    outer loop
      vertex 19.6651 45.7849 0
      vertex 19.484 45.5784 5
      vertex 19.484 45.5784 0
    endloop
  endfacet
  facet normal 0.659355 -0.751832 0
    outer loop
      vertex 19.6651 45.7849 0
      vertex 19.8716 45.966 5
      vertex 19.6651 45.7849 5
    endloop
  endfacet
  facet normal 0.659355 -0.751832 0
    outer loop
      vertex 19.8716 45.966 5
      vertex 19.6651 45.7849 0
      vertex 19.8716 45.966 0
    endloop
  endfacet
  facet normal 0.555792 -0.831322 0
    outer loop
      vertex 19.8716 45.966 0
      vertex 20.1 46.1187 5
      vertex 19.8716 45.966 5
    endloop
  endfacet
  facet normal 0.555792 -0.831322 0
    outer loop
      vertex 20.1 46.1187 5
      vertex 19.8716 45.966 0
      vertex 20.1 46.1187 0
    endloop
  endfacet
  facet normal -0.195136 0.980776 0
    outer loop
      vertex 31.6935 42.2716 0
      vertex 31.4241 42.218 5
      vertex 31.6935 42.2716 5
    endloop
  endfacet
  facet normal -0.195136 0.980776 0
    outer loop
      vertex 31.4241 42.218 5
      vertex 31.6935 42.2716 0
      vertex 31.4241 42.218 0
    endloop
  endfacet
  facet normal -0.997851 -0.0655283 0
    outer loop
      vertex 33.25 44.3 0
      vertex 33.232 44.5741 5
      vertex 33.232 44.5741 0
    endloop
  endfacet
  facet normal -0.997851 -0.0655283 0
    outer loop
      vertex 33.232 44.5741 5
      vertex 33.25 44.3 0
      vertex 33.25 44.3 5
    endloop
  endfacet
  facet normal -0.897033 -0.441964 0
    outer loop
      vertex 33.0901 45.1036 0
      vertex 32.9687 45.35 5
      vertex 32.9687 45.35 0
    endloop
  endfacet
  facet normal -0.897033 -0.441964 0
    outer loop
      vertex 32.9687 45.35 5
      vertex 33.0901 45.1036 0
      vertex 33.0901 45.1036 5
    endloop
  endfacet
  facet normal -0.946921 -0.321465 0
    outer loop
      vertex 33.1784 44.8435 0
      vertex 33.0901 45.1036 5
      vertex 33.0901 45.1036 0
    endloop
  endfacet
  facet normal -0.946921 -0.321465 0
    outer loop
      vertex 33.0901 45.1036 5
      vertex 33.1784 44.8435 0
      vertex 33.1784 44.8435 5
    endloop
  endfacet
  facet normal -0.831322 -0.555792 0
    outer loop
      vertex 32.9687 45.35 0
      vertex 32.816 45.5784 5
      vertex 32.816 45.5784 0
    endloop
  endfacet
  facet normal -0.831322 -0.555792 0
    outer loop
      vertex 32.816 45.5784 5
      vertex 32.9687 45.35 0
      vertex 32.9687 45.35 5
    endloop
  endfacet
  facet normal -0.555792 -0.831322 0
    outer loop
      vertex 32.2 46.1187 0
      vertex 32.4284 45.966 5
      vertex 32.2 46.1187 5
    endloop
  endfacet
  facet normal -0.555792 -0.831322 -0
    outer loop
      vertex 32.4284 45.966 5
      vertex 32.2 46.1187 0
      vertex 32.4284 45.966 0
    endloop
  endfacet
  facet normal -0.321465 -0.946921 0
    outer loop
      vertex 31.6935 46.3284 0
      vertex 31.9536 46.2401 5
      vertex 31.6935 46.3284 5
    endloop
  endfacet
  facet normal -0.321465 -0.946921 -0
    outer loop
      vertex 31.9536 46.2401 5
      vertex 31.6935 46.3284 0
      vertex 31.9536 46.2401 0
    endloop
  endfacet
  facet normal -0.441964 -0.897033 0
    outer loop
      vertex 31.9536 46.2401 0
      vertex 32.2 46.1187 5
      vertex 31.9536 46.2401 5
    endloop
  endfacet
  facet normal -0.441964 -0.897033 -0
    outer loop
      vertex 32.2 46.1187 5
      vertex 31.9536 46.2401 0
      vertex 32.2 46.1187 0
    endloop
  endfacet
  facet normal -1 0 0
    outer loop
      vertex 0 0 0
      vertex 0 52.3 5
      vertex 0 52.3 0
    endloop
  endfacet
  facet normal -1 -0 0
    outer loop
      vertex 0 52.3 5
      vertex 0 0 0
      vertex 0 0 5
    endloop
  endfacet
  facet normal 0 0 1
    outer loop
      vertex 18.3011 33.9989 5
      vertex 11.624 40.3806 5
      vertex 17.3438 32.9073 5
    endloop
  endfacet
  facet normal 0 0 1
    outer loop
      vertex 15.05 26.15 5
      vertex 12.2363 10.8588 5
      vertex 12.25 10.65 5
    endloop
  endfacet
  facet normal -0 0 1
    outer loop
      vertex 11.45 40.2644 5
      vertex 17.3438 32.9073 5
      vertex 11.624 40.3806 5
    endloop
  endfacet
  facet normal 0 0 1
    outer loop
      vertex 15.05 26.15 5
      vertex 12.1955 11.0641 5
      vertex 12.2363 10.8588 5
    endloop
  endfacet
  facet normal -0 0 1
    outer loop
      vertex 11.2623 40.1718 5
      vertex 17.3438 32.9073 5
      vertex 11.45 40.2644 5
    endloop
  endfacet
  facet normal 0 0 1
    outer loop
      vertex 15.05 26.15 5
      vertex 12.1282 11.2623 5
      vertex 12.1955 11.0641 5
    endloop
  endfacet
  facet normal -0 0 1
    outer loop
      vertex 11.0641 40.1045 5
      vertex 17.3438 32.9073 5
      vertex 11.2623 40.1718 5
    endloop
  endfacet
  facet normal 0 0 1
    outer loop
      vertex 15.05 26.15 5
      vertex 12.0356 11.45 5
      vertex 12.1282 11.2623 5
    endloop
  endfacet
  facet normal 0 0 1
    outer loop
      vertex 17.3438 32.9073 5
      vertex 11.0641 40.1045 5
      vertex 16.5371 31.7 5
    endloop
  endfacet
  facet normal 0 0 1
    outer loop
      vertex 15.05 26.15 5
      vertex 11.9194 11.624 5
      vertex 12.0356 11.45 5
    endloop
  endfacet
  facet normal -0 0 1
    outer loop
      vertex 10.8588 40.0637 5
      vertex 16.5371 31.7 5
      vertex 11.0641 40.1045 5
    endloop
  endfacet
  facet normal 0 0 1
    outer loop
      vertex 15.05 26.15 5
      vertex 11.7814 11.7814 5
      vertex 11.9194 11.624 5
    endloop
  endfacet
  facet normal -0 0 1
    outer loop
      vertex 10.65 40.05 5
      vertex 16.5371 31.7 5
      vertex 10.8588 40.0637 5
    endloop
  endfacet
  facet normal 0 0 1
    outer loop
      vertex 15.05 26.15 5
      vertex 11.624 11.9194 5
      vertex 11.7814 11.7814 5
    endloop
  endfacet
  facet normal 0 0 1
    outer loop
      vertex 16.5371 31.7 5
      vertex 10.65 40.05 5
      vertex 15.8949 30.3978 5
    endloop
  endfacet
  facet normal 0 0 1
    outer loop
      vertex 15.05 26.15 5
      vertex 11.45 12.0356 5
      vertex 11.624 11.9194 5
    endloop
  endfacet
  facet normal 0 0 1
    outer loop
      vertex 10.4412 40.0637 5
      vertex 15.8949 30.3978 5
      vertex 10.65 40.05 5
    endloop
  endfacet
  facet normal 0 0 1
    outer loop
      vertex 15.05 26.15 5
      vertex 11.2623 12.1282 5
      vertex 11.45 12.0356 5
    endloop
  endfacet
  facet normal 0 0 1
    outer loop
      vertex 10.2359 40.1045 5
      vertex 15.8949 30.3978 5
      vertex 10.4412 40.0637 5
    endloop
  endfacet
  facet normal 0 0 1
    outer loop
      vertex 15.05 26.15 5
      vertex 11.0641 12.1955 5
      vertex 11.2623 12.1282 5
    endloop
  endfacet
  facet normal 0 0 1
    outer loop
      vertex 15.8949 30.3978 5
      vertex 10.2359 40.1045 5
      vertex 15.4282 29.0229 5
    endloop
  endfacet
  facet normal 0 0 1
    outer loop
      vertex 15.05 26.15 5
      vertex 10.8588 12.2363 5
      vertex 11.0641 12.1955 5
    endloop
  endfacet
  facet normal 0 0 1
    outer loop
      vertex 10.0377 40.1718 5
      vertex 15.4282 29.0229 5
      vertex 10.2359 40.1045 5
    endloop
  endfacet
  facet normal 0 0 1
    outer loop
      vertex 15.05 26.15 5
      vertex 10.65 12.25 5
      vertex 10.8588 12.2363 5
    endloop
  endfacet
  facet normal 0 0 1
    outer loop
      vertex 9.85 40.2644 5
      vertex 15.4282 29.0229 5
      vertex 10.0377 40.1718 5
    endloop
  endfacet
  facet normal 0 0 1
    outer loop
      vertex 15.05 26.15 5
      vertex 10.4412 12.2363 5
      vertex 10.65 12.25 5
    endloop
  endfacet
  facet normal 0 0 1
    outer loop
      vertex 15.4282 29.0229 5
      vertex 9.85 40.2644 5
      vertex 15.145 27.5988 5
    endloop
  endfacet
  facet normal 0 0 1
    outer loop
      vertex 15.05 26.15 5
      vertex 10.2359 12.1955 5
      vertex 10.4412 12.2363 5
    endloop
  endfacet
  facet normal 0 0 1
    outer loop
      vertex 9.67598 40.3806 5
      vertex 15.145 27.5988 5
      vertex 9.85 40.2644 5
    endloop
  endfacet
  facet normal 0 0 1
    outer loop
      vertex 15.05 26.15 5
      vertex 10.0377 12.1282 5
      vertex 10.2359 12.1955 5
    endloop
  endfacet
  facet normal 0 0 1
    outer loop
      vertex 9.51863 40.5186 5
      vertex 15.145 27.5988 5
      vertex 9.67598 40.3806 5
    endloop
  endfacet
  facet normal 0 0 1
    outer loop
      vertex 15.05 26.15 5
      vertex 9.85 12.0356 5
      vertex 10.0377 12.1282 5
    endloop
  endfacet
  facet normal 0 0 1
    outer loop
      vertex 15.145 27.5988 5
      vertex 9.51863 40.5186 5
      vertex 15.05 26.15 5
    endloop
  endfacet
  facet normal 0 0 1
    outer loop
      vertex 15.05 26.15 5
      vertex 9.67598 11.9194 5
      vertex 9.85 12.0356 5
    endloop
  endfacet
  facet normal 0 0 1
    outer loop
      vertex 9.51863 11.7814 5
      vertex 15.05 26.15 5
      vertex 9.51863 40.5186 5
    endloop
  endfacet
  facet normal 0 0 1
    outer loop
      vertex 15.05 26.15 5
      vertex 9.51863 11.7814 5
      vertex 9.67598 11.9194 5
    endloop
  endfacet
  facet normal 0 0 1
    outer loop
      vertex 9.38063 40.676 5
      vertex 9.51863 11.7814 5
      vertex 9.51863 40.5186 5
    endloop
  endfacet
  facet normal 0 0 1
    outer loop
      vertex 9.38063 40.676 5
      vertex 9.38063 11.624 5
      vertex 9.51863 11.7814 5
    endloop
  endfacet
  facet normal 0 0 1
    outer loop
      vertex 9.26436 40.85 5
      vertex 9.38063 11.624 5
      vertex 9.38063 40.676 5
    endloop
  endfacet
  facet normal 0 0 1
    outer loop
      vertex 9.26436 40.85 5
      vertex 9.26436 11.45 5
      vertex 9.38063 11.624 5
    endloop
  endfacet
  facet normal 0 0 1
    outer loop
      vertex 9.17179 41.0377 5
      vertex 9.26436 11.45 5
      vertex 9.26436 40.85 5
    endloop
  endfacet
  facet normal 0 0 1
    outer loop
      vertex 9.17179 41.0377 5
      vertex 9.17179 11.2623 5
      vertex 9.26436 11.45 5
    endloop
  endfacet
  facet normal 0 0 1
    outer loop
      vertex 0 52.3 5
      vertex 9.17179 41.0377 5
      vertex 9.10452 41.2359 5
    endloop
  endfacet
  facet normal 0 0 1
    outer loop
      vertex 9.17179 41.0377 5
      vertex 0 52.3 5
      vertex 9.17179 11.2623 5
    endloop
  endfacet
  facet normal 0 0 1
    outer loop
      vertex 0 52.3 5
      vertex 9.10452 41.2359 5
      vertex 9.06369 41.4412 5
    endloop
  endfacet
  facet normal 0 0 1
    outer loop
      vertex 0 0 5
      vertex 9.17179 11.2623 5
      vertex 0 52.3 5
    endloop
  endfacet
  facet normal 0 0 1
    outer loop
      vertex 0 52.3 5
      vertex 9.06369 41.4412 5
      vertex 9.05 41.65 5
    endloop
  endfacet
  facet normal 0 0 1
    outer loop
      vertex 9.17179 11.2623 5
      vertex 0 0 5
      vertex 9.10452 11.0641 5
    endloop
  endfacet
  facet normal 0 0 1
    outer loop
      vertex 40.1718 10.0377 5
      vertex 33.232 8.2741 5
      vertex 33.25 8 5
    endloop
  endfacet
  facet normal 0 0 1
    outer loop
      vertex 40.1718 11.2623 5
      vertex 33.1784 8.54352 5
      vertex 33.232 8.2741 5
    endloop
  endfacet
  facet normal 0 0 1
    outer loop
      vertex 40.1718 11.2623 5
      vertex 33.0901 8.80363 5
      vertex 33.1784 8.54352 5
    endloop
  endfacet
  facet normal 0 0 1
    outer loop
      vertex 40.1718 11.2623 5
      vertex 32.9687 9.05 5
      vertex 33.0901 8.80363 5
    endloop
  endfacet
  facet normal 0 0 1
    outer loop
      vertex 32.4284 9.66604 5
      vertex 40.1718 11.2623 5
      vertex 32.9073 17.3438 5
    endloop
  endfacet
  facet normal 0 0 1
    outer loop
      vertex 40.1718 11.2623 5
      vertex 32.816 9.2784 5
      vertex 32.9687 9.05 5
    endloop
  endfacet
  facet normal 0 0 1
    outer loop
      vertex 40.1718 11.2623 5
      vertex 32.6349 9.48492 5
      vertex 32.816 9.2784 5
    endloop
  endfacet
  facet normal 0 0 1
    outer loop
      vertex 40.1718 11.2623 5
      vertex 32.4284 9.66604 5
      vertex 32.6349 9.48492 5
    endloop
  endfacet
  facet normal 0 0 1
    outer loop
      vertex 32.9073 17.3438 5
      vertex 32.2 9.81865 5
      vertex 32.4284 9.66604 5
    endloop
  endfacet
  facet normal -0 0 1
    outer loop
      vertex 31.7 16.5371 5
      vertex 32.2 9.81865 5
      vertex 32.9073 17.3438 5
    endloop
  endfacet
  facet normal 0 0 1
    outer loop
      vertex 32.2 9.81865 5
      vertex 31.7 16.5371 5
      vertex 31.9536 9.94015 5
    endloop
  endfacet
  facet normal 0 0 1
    outer loop
      vertex 31.7 16.5371 5
      vertex 31.6935 10.0284 5
      vertex 31.9536 9.94015 5
    endloop
  endfacet
  facet normal -0 0 1
    outer loop
      vertex 30.3978 15.8949 5
      vertex 31.6935 10.0284 5
      vertex 31.7 16.5371 5
    endloop
  endfacet
  facet normal 0 0 1
    outer loop
      vertex 31.6935 10.0284 5
      vertex 30.3978 15.8949 5
      vertex 31.4241 10.082 5
    endloop
  endfacet
  facet normal 0 0 1
    outer loop
      vertex 31.4241 10.082 5
      vertex 30.3978 15.8949 5
      vertex 31.15 10.1 5
    endloop
  endfacet
  facet normal -0 0 1
    outer loop
      vertex 29.0229 15.4282 5
      vertex 31.15 10.1 5
      vertex 30.3978 15.8949 5
    endloop
  endfacet
  facet normal -0 0 1
    outer loop
      vertex 27.5988 15.145 5
      vertex 31.15 10.1 5
      vertex 29.0229 15.4282 5
    endloop
  endfacet
  facet normal -0 0 1
    outer loop
      vertex 26.15 15.05 5
      vertex 31.15 10.1 5
      vertex 27.5988 15.145 5
    endloop
  endfacet
  facet normal 0 0 1
    outer loop
      vertex 21.15 10.1 5
      vertex 26.15 15.05 5
      vertex 24.7012 15.145 5
    endloop
  endfacet
  facet normal 0 0 1
    outer loop
      vertex 21.15 10.1 5
      vertex 24.7012 15.145 5
      vertex 23.2771 15.4282 5
    endloop
  endfacet
  facet normal 0 0 1
    outer loop
      vertex 21.15 10.1 5
      vertex 23.2771 15.4282 5
      vertex 21.9022 15.8949 5
    endloop
  endfacet
  facet normal 0 0 1
    outer loop
      vertex 26.15 15.05 5
      vertex 21.15 10.1 5
      vertex 31.15 10.1 5
    endloop
  endfacet
  facet normal 0 0 1
    outer loop
      vertex 21.9022 15.8949 5
      vertex 20.8759 10.082 5
      vertex 21.15 10.1 5
    endloop
  endfacet
  facet normal 0 0 1
    outer loop
      vertex 21.9022 15.8949 5
      vertex 20.6065 10.0284 5
      vertex 20.8759 10.082 5
    endloop
  endfacet
  facet normal 0 0 1
    outer loop
      vertex 20.6 16.5371 5
      vertex 20.6065 10.0284 5
      vertex 21.9022 15.8949 5
    endloop
  endfacet
  facet normal 0 0 1
    outer loop
      vertex 20.6 16.5371 5
      vertex 20.3464 9.94015 5
      vertex 20.6065 10.0284 5
    endloop
  endfacet
  facet normal 0 0 1
    outer loop
      vertex 20.6 16.5371 5
      vertex 20.1 9.81865 5
      vertex 20.3464 9.94015 5
    endloop
  endfacet
  facet normal 0 0 1
    outer loop
      vertex 19.3927 17.3438 5
      vertex 20.1 9.81865 5
      vertex 20.6 16.5371 5
    endloop
  endfacet
  facet normal 0 0 1
    outer loop
      vertex 20.1 9.81865 5
      vertex 19.3927 17.3438 5
      vertex 19.8716 9.66604 5
    endloop
  endfacet
  facet normal 0 0 1
    outer loop
      vertex 19.8716 9.66604 5
      vertex 19.3927 17.3438 5
      vertex 19.6651 9.48492 5
    endloop
  endfacet
  facet normal -0 0 1
    outer loop
      vertex 12.25 10.65 5
      vertex 19.6651 9.48492 5
      vertex 19.3927 17.3438 5
    endloop
  endfacet
  facet normal 0 0 1
    outer loop
      vertex 19.6651 9.48492 5
      vertex 12.25 10.65 5
      vertex 19.484 9.2784 5
    endloop
  endfacet
  facet normal 0 0 1
    outer loop
      vertex 19.484 9.2784 5
      vertex 12.25 10.65 5
      vertex 19.3313 9.05 5
    endloop
  endfacet
  facet normal 0 0 1
    outer loop
      vertex 19.3313 9.05 5
      vertex 12.25 10.65 5
      vertex 19.2099 8.80363 5
    endloop
  endfacet
  facet normal -0 0 1
    outer loop
      vertex 12.2363 10.4412 5
      vertex 19.2099 8.80363 5
      vertex 12.25 10.65 5
    endloop
  endfacet
  facet normal 0 0 1
    outer loop
      vertex 19.2099 8.80363 5
      vertex 12.2363 10.4412 5
      vertex 19.1216 8.54352 5
    endloop
  endfacet
  facet normal 0 0 1
    outer loop
      vertex 12.25 10.65 5
      vertex 19.3927 17.3438 5
      vertex 18.3011 18.3011 5
    endloop
  endfacet
  facet normal 0 0 1
    outer loop
      vertex 43.1282 41.0377 5
      vertex 52.3 52.3 5
      vertex 43.1955 41.2359 5
    endloop
  endfacet
  facet normal 0 0 1
    outer loop
      vertex 52.3 0 5
      vertex 43.2363 10.8588 5
      vertex 43.25 10.65 5
    endloop
  endfacet
  facet normal 0 0 1
    outer loop
      vertex 52.3 52.3 5
      vertex 43.1282 41.0377 5
      vertex 52.3 0 5
    endloop
  endfacet
  facet normal 0 0 1
    outer loop
      vertex 52.3 0 5
      vertex 43.1955 11.0641 5
      vertex 43.2363 10.8588 5
    endloop
  endfacet
  facet normal -0 0 1
    outer loop
      vertex 43.1282 11.2623 5
      vertex 52.3 0 5
      vertex 43.1282 41.0377 5
    endloop
  endfacet
  facet normal 0 0 1
    outer loop
      vertex 52.3 0 5
      vertex 43.1282 11.2623 5
      vertex 43.1955 11.0641 5
    endloop
  endfacet
  facet normal -0 0 1
    outer loop
      vertex 43.0356 40.85 5
      vertex 43.1282 11.2623 5
      vertex 43.1282 41.0377 5
    endloop
  endfacet
  facet normal 0 0 1
    outer loop
      vertex 43.0356 40.85 5
      vertex 43.0356 11.45 5
      vertex 43.1282 11.2623 5
    endloop
  endfacet
  facet normal -0 0 1
    outer loop
      vertex 42.9194 40.676 5
      vertex 43.0356 11.45 5
      vertex 43.0356 40.85 5
    endloop
  endfacet
  facet normal 0 0 1
    outer loop
      vertex 42.9194 40.676 5
      vertex 42.9194 11.624 5
      vertex 43.0356 11.45 5
    endloop
  endfacet
  facet normal -0 0 1
    outer loop
      vertex 42.7814 40.5186 5
      vertex 42.9194 11.624 5
      vertex 42.9194 40.676 5
    endloop
  endfacet
  facet normal 0 0 1
    outer loop
      vertex 42.7814 40.5186 5
      vertex 42.7814 11.7814 5
      vertex 42.9194 11.624 5
    endloop
  endfacet
  facet normal 0 0 1
    outer loop
      vertex 37.155 27.5988 5
      vertex 42.7814 40.5186 5
      vertex 42.624 40.3806 5
    endloop
  endfacet
  facet normal 0 0 1
    outer loop
      vertex 42.7814 40.5186 5
      vertex 37.25 26.15 5
      vertex 42.7814 11.7814 5
    endloop
  endfacet
  facet normal 0 0 1
    outer loop
      vertex 37.155 27.5988 5
      vertex 42.624 40.3806 5
      vertex 42.45 40.2644 5
    endloop
  endfacet
  facet normal -0 0 1
    outer loop
      vertex 37.155 24.7012 5
      vertex 42.7814 11.7814 5
      vertex 37.25 26.15 5
    endloop
  endfacet
  facet normal 0 0 1
    outer loop
      vertex 36.8718 29.0229 5
      vertex 42.45 40.2644 5
      vertex 42.2623 40.1718 5
    endloop
  endfacet
  facet normal 0 0 1
    outer loop
      vertex 42.7814 11.7814 5
      vertex 37.155 24.7012 5
      vertex 42.624 11.9194 5
    endloop
  endfacet
  facet normal 0 0 1
    outer loop
      vertex 36.8718 29.0229 5
      vertex 42.2623 40.1718 5
      vertex 42.0641 40.1045 5
    endloop
  endfacet
  facet normal 0 0 1
    outer loop
      vertex 42.624 11.9194 5
      vertex 37.155 24.7012 5
      vertex 42.45 12.0356 5
    endloop
  endfacet
  facet normal 0 0 1
    outer loop
      vertex 36.4051 30.3978 5
      vertex 42.0641 40.1045 5
      vertex 41.8588 40.0637 5
    endloop
  endfacet
  facet normal -0 0 1
    outer loop
      vertex 36.8718 23.2771 5
      vertex 42.45 12.0356 5
      vertex 37.155 24.7012 5
    endloop
  endfacet
  facet normal 0 0 1
    outer loop
      vertex 36.4051 30.3978 5
      vertex 41.8588 40.0637 5
      vertex 41.65 40.05 5
    endloop
  endfacet
  facet normal 0 0 1
    outer loop
      vertex 42.45 12.0356 5
      vertex 36.8718 23.2771 5
      vertex 42.2623 12.1282 5
    endloop
  endfacet
  facet normal 0 0 1
    outer loop
      vertex 35.7629 31.7 5
      vertex 41.65 40.05 5
      vertex 41.4412 40.0637 5
    endloop
  endfacet
  facet normal 0 0 1
    outer loop
      vertex 42.2623 12.1282 5
      vertex 36.8718 23.2771 5
      vertex 42.0641 12.1955 5
    endloop
  endfacet
  facet normal 0 0 1
    outer loop
      vertex 35.7629 31.7 5
      vertex 41.4412 40.0637 5
      vertex 41.2359 40.1045 5
    endloop
  endfacet
  facet normal -0 0 1
    outer loop
      vertex 36.4051 21.9022 5
      vertex 42.0641 12.1955 5
      vertex 36.8718 23.2771 5
    endloop
  endfacet
  facet normal 0 0 1
    outer loop
      vertex 34.9562 32.9073 5
      vertex 41.2359 40.1045 5
      vertex 41.0377 40.1718 5
    endloop
  endfacet
  facet normal 0 0 1
    outer loop
      vertex 42.0641 12.1955 5
      vertex 36.4051 21.9022 5
      vertex 41.8588 12.2363 5
    endloop
  endfacet
  facet normal 0 0 1
    outer loop
      vertex 34.9562 32.9073 5
      vertex 41.0377 40.1718 5
      vertex 40.85 40.2644 5
    endloop
  endfacet
  facet normal 0 0 1
    outer loop
      vertex 41.8588 12.2363 5
      vertex 36.4051 21.9022 5
      vertex 41.65 12.25 5
    endloop
  endfacet
  facet normal 0 0 1
    outer loop
      vertex 34.9562 32.9073 5
      vertex 40.85 40.2644 5
      vertex 40.676 40.3806 5
    endloop
  endfacet
  facet normal -0 0 1
    outer loop
      vertex 35.7629 20.6 5
      vertex 41.65 12.25 5
      vertex 36.4051 21.9022 5
    endloop
  endfacet
  facet normal 0 0 1
    outer loop
      vertex 33.9989 33.9989 5
      vertex 40.676 40.3806 5
      vertex 40.5186 40.5186 5
    endloop
  endfacet
  facet normal 0 0 1
    outer loop
      vertex 41.65 12.25 5
      vertex 35.7629 20.6 5
      vertex 41.4412 12.2363 5
    endloop
  endfacet
  facet normal 0 0 1
    outer loop
      vertex 33.9989 33.9989 5
      vertex 40.5186 40.5186 5
      vertex 40.3806 40.676 5
    endloop
  endfacet
  facet normal 0 0 1
    outer loop
      vertex 41.4412 12.2363 5
      vertex 35.7629 20.6 5
      vertex 41.2359 12.1955 5
    endloop
  endfacet
  facet normal 0 0 1
    outer loop
      vertex 32.9073 34.9562 5
      vertex 40.3806 40.676 5
      vertex 40.2644 40.85 5
    endloop
  endfacet
  facet normal -0 0 1
    outer loop
      vertex 34.9562 19.3927 5
      vertex 41.2359 12.1955 5
      vertex 35.7629 20.6 5
    endloop
  endfacet
  facet normal 0 0 1
    outer loop
      vertex 32.9073 34.9562 5
      vertex 40.2644 40.85 5
      vertex 40.1718 41.0377 5
    endloop
  endfacet
  facet normal 0 0 1
    outer loop
      vertex 41.2359 12.1955 5
      vertex 34.9562 19.3927 5
      vertex 41.0377 12.1282 5
    endloop
  endfacet
  facet normal 0 0 1
    outer loop
      vertex 32.6349 42.8151 5
      vertex 40.1718 41.0377 5
      vertex 40.1045 41.2359 5
    endloop
  endfacet
  facet normal 0 0 1
    outer loop
      vertex 41.0377 12.1282 5
      vertex 34.9562 19.3927 5
      vertex 40.85 12.0356 5
    endloop
  endfacet
  facet normal 0 0 1
    outer loop
      vertex 32.816 43.0216 5
      vertex 40.1045 41.2359 5
      vertex 40.0637 41.4412 5
    endloop
  endfacet
  facet normal 0 0 1
    outer loop
      vertex 40.85 12.0356 5
      vertex 34.9562 19.3927 5
      vertex 40.676 11.9194 5
    endloop
  endfacet
  facet normal 0 0 1
    outer loop
      vertex 32.9687 43.25 5
      vertex 40.0637 41.4412 5
      vertex 40.05 41.65 5
    endloop
  endfacet
  facet normal -0 0 1
    outer loop
      vertex 33.9989 18.3011 5
      vertex 40.676 11.9194 5
      vertex 34.9562 19.3927 5
    endloop
  endfacet
  facet normal 0 0 1
    outer loop
      vertex 43.2363 41.4412 5
      vertex 52.3 52.3 5
      vertex 43.25 41.65 5
    endloop
  endfacet
  facet normal 0 0 1
    outer loop
      vertex 52.3 52.3 5
      vertex 43.2363 41.8588 5
      vertex 43.25 41.65 5
    endloop
  endfacet
  facet normal 0 0 1
    outer loop
      vertex 52.3 52.3 5
      vertex 43.1955 42.0641 5
      vertex 43.2363 41.8588 5
    endloop
  endfacet
  facet normal 0 0 1
    outer loop
      vertex 52.3 52.3 5
      vertex 43.1282 42.2623 5
      vertex 43.1955 42.0641 5
    endloop
  endfacet
  facet normal 0 0 1
    outer loop
      vertex 52.3 52.3 5
      vertex 43.0356 42.45 5
      vertex 43.1282 42.2623 5
    endloop
  endfacet
  facet normal 0 0 1
    outer loop
      vertex 52.3 52.3 5
      vertex 42.9194 42.624 5
      vertex 43.0356 42.45 5
    endloop
  endfacet
  facet normal 0 0 1
    outer loop
      vertex 52.3 52.3 5
      vertex 42.7814 42.7814 5
      vertex 42.9194 42.624 5
    endloop
  endfacet
  facet normal 0 0 1
    outer loop
      vertex 52.3 52.3 5
      vertex 42.624 42.9194 5
      vertex 42.7814 42.7814 5
    endloop
  endfacet
  facet normal 0 0 1
    outer loop
      vertex 52.3 52.3 5
      vertex 42.45 43.0356 5
      vertex 42.624 42.9194 5
    endloop
  endfacet
  facet normal 0 0 1
    outer loop
      vertex 52.3 52.3 5
      vertex 42.2623 43.1282 5
      vertex 42.45 43.0356 5
    endloop
  endfacet
  facet normal 0 0 1
    outer loop
      vertex 52.3 52.3 5
      vertex 42.0641 43.1955 5
      vertex 42.2623 43.1282 5
    endloop
  endfacet
  facet normal 0 0 1
    outer loop
      vertex 52.3 52.3 5
      vertex 41.8588 43.2363 5
      vertex 42.0641 43.1955 5
    endloop
  endfacet
  facet normal 0 0 1
    outer loop
      vertex 52.3 52.3 5
      vertex 41.65 43.25 5
      vertex 41.8588 43.2363 5
    endloop
  endfacet
  facet normal 0 0 1
    outer loop
      vertex 52.3 52.3 5
      vertex 41.4412 43.2363 5
      vertex 41.65 43.25 5
    endloop
  endfacet
  facet normal -0 0 1
    outer loop
      vertex 32.4284 45.966 5
      vertex 41.4412 43.2363 5
      vertex 52.3 52.3 5
    endloop
  endfacet
  facet normal -0 -0 1
    outer loop
      vertex 32.6349 45.7849 5
      vertex 41.4412 43.2363 5
      vertex 32.4284 45.966 5
    endloop
  endfacet
  facet normal 0 0 1
    outer loop
      vertex 41.4412 43.2363 5
      vertex 32.6349 45.7849 5
      vertex 41.2359 43.1955 5
    endloop
  endfacet
  facet normal -0 -0 1
    outer loop
      vertex 32.816 45.5784 5
      vertex 41.2359 43.1955 5
      vertex 32.6349 45.7849 5
    endloop
  endfacet
  facet normal 0 0 1
    outer loop
      vertex 40.676 11.9194 5
      vertex 33.9989 18.3011 5
      vertex 40.5186 11.7814 5
    endloop
  endfacet
  facet normal 0 0 1
    outer loop
      vertex 33.0901 43.4964 5
      vertex 40.05 41.65 5
      vertex 40.0637 41.8588 5
    endloop
  endfacet
  facet normal 0 0 1
    outer loop
      vertex 42.7814 40.5186 5
      vertex 37.155 27.5988 5
      vertex 37.25 26.15 5
    endloop
  endfacet
  facet normal 0 0 1
    outer loop
      vertex 33.1784 43.7565 5
      vertex 40.0637 41.8588 5
      vertex 40.1045 42.0641 5
    endloop
  endfacet
  facet normal 0 0 1
    outer loop
      vertex 42.45 40.2644 5
      vertex 36.8718 29.0229 5
      vertex 37.155 27.5988 5
    endloop
  endfacet
  facet normal 0 0 1
    outer loop
      vertex 42.0641 40.1045 5
      vertex 36.4051 30.3978 5
      vertex 36.8718 29.0229 5
    endloop
  endfacet
  facet normal 0 0 1
    outer loop
      vertex 41.65 40.05 5
      vertex 35.7629 31.7 5
      vertex 36.4051 30.3978 5
    endloop
  endfacet
  facet normal 0 0 1
    outer loop
      vertex 33.232 44.0259 5
      vertex 40.1045 42.0641 5
      vertex 40.1718 42.2623 5
    endloop
  endfacet
  facet normal 0 0 1
    outer loop
      vertex 41.2359 40.1045 5
      vertex 34.9562 32.9073 5
      vertex 35.7629 31.7 5
    endloop
  endfacet
  facet normal 0 0 1
    outer loop
      vertex 33.25 44.3 5
      vertex 40.1718 42.2623 5
      vertex 40.2644 42.45 5
    endloop
  endfacet
  facet normal 0 0 1
    outer loop
      vertex 40.676 40.3806 5
      vertex 33.9989 33.9989 5
      vertex 34.9562 32.9073 5
    endloop
  endfacet
  facet normal 0 0 1
    outer loop
      vertex 33.25 44.3 5
      vertex 40.2644 42.45 5
      vertex 40.3806 42.624 5
    endloop
  endfacet
  facet normal 0 0 1
    outer loop
      vertex 40.1718 42.2623 5
      vertex 33.25 44.3 5
      vertex 33.232 44.0259 5
    endloop
  endfacet
  facet normal 0 0 1
    outer loop
      vertex 33.232 44.5741 5
      vertex 40.3806 42.624 5
      vertex 40.5186 42.7814 5
    endloop
  endfacet
  facet normal 0 0 1
    outer loop
      vertex 33.1784 44.8435 5
      vertex 40.5186 42.7814 5
      vertex 40.676 42.9194 5
    endloop
  endfacet
  facet normal -0 -0 1
    outer loop
      vertex 32.9687 45.35 5
      vertex 41.0377 43.1282 5
      vertex 32.816 45.5784 5
    endloop
  endfacet
  facet normal 0 0 1
    outer loop
      vertex 40.3806 42.624 5
      vertex 33.232 44.5741 5
      vertex 33.25 44.3 5
    endloop
  endfacet
  facet normal 0 0 1
    outer loop
      vertex 40.5186 42.7814 5
      vertex 33.1784 44.8435 5
      vertex 33.232 44.5741 5
    endloop
  endfacet
  facet normal 0 0 1
    outer loop
      vertex 40.676 42.9194 5
      vertex 33.0901 45.1036 5
      vertex 33.1784 44.8435 5
    endloop
  endfacet
  facet normal 0 0 1
    outer loop
      vertex 40.85 43.0356 5
      vertex 33.0901 45.1036 5
      vertex 40.676 42.9194 5
    endloop
  endfacet
  facet normal -0 -0 1
    outer loop
      vertex 33.0901 45.1036 5
      vertex 40.85 43.0356 5
      vertex 32.9687 45.35 5
    endloop
  endfacet
  facet normal 0 0 1
    outer loop
      vertex 41.0377 43.1282 5
      vertex 32.9687 45.35 5
      vertex 40.85 43.0356 5
    endloop
  endfacet
  facet normal 0 0 1
    outer loop
      vertex 41.2359 43.1955 5
      vertex 32.816 45.5784 5
      vertex 41.0377 43.1282 5
    endloop
  endfacet
  facet normal 0 0 1
    outer loop
      vertex 52.3 52.3 5
      vertex 32.2 46.1187 5
      vertex 32.4284 45.966 5
    endloop
  endfacet
  facet normal 0 0 1
    outer loop
      vertex 52.3 52.3 5
      vertex 31.9536 46.2401 5
      vertex 32.2 46.1187 5
    endloop
  endfacet
  facet normal 0 0 1
    outer loop
      vertex 52.3 52.3 5
      vertex 31.6935 46.3284 5
      vertex 31.9536 46.2401 5
    endloop
  endfacet
  facet normal 0 0 1
    outer loop
      vertex 52.3 52.3 5
      vertex 31.4241 46.382 5
      vertex 31.6935 46.3284 5
    endloop
  endfacet
  facet normal 0 0 1
    outer loop
      vertex 52.3 52.3 5
      vertex 31.15 46.4 5
      vertex 31.4241 46.382 5
    endloop
  endfacet
  facet normal 0 0 1
    outer loop
      vertex 52.3 52.3 5
      vertex 21.15 46.4 5
      vertex 31.15 46.4 5
    endloop
  endfacet
  facet normal -0 0 1
    outer loop
      vertex 0 52.3 5
      vertex 21.15 46.4 5
      vertex 52.3 52.3 5
    endloop
  endfacet
  facet normal 0 0 1
    outer loop
      vertex 12.0356 42.45 5
      vertex 19.05 44.3 5
      vertex 19.068 44.5741 5
    endloop
  endfacet
  facet normal 0 0 1
    outer loop
      vertex 12.2363 41.4412 5
      vertex 19.05 44.3 5
      vertex 12.25 41.65 5
    endloop
  endfacet
  facet normal 0 0 1
    outer loop
      vertex 19.6651 42.8151 5
      vertex 12.1282 41.0377 5
      vertex 19.8716 42.634 5
    endloop
  endfacet
  facet normal 0 0 1
    outer loop
      vertex 19.8716 42.634 5
      vertex 12.1282 41.0377 5
      vertex 19.3927 34.9562 5
    endloop
  endfacet
  facet normal 0 0 1
    outer loop
      vertex 11.7814 42.7814 5
      vertex 19.068 44.5741 5
      vertex 19.1216 44.8435 5
    endloop
  endfacet
  facet normal -0 0 1
    outer loop
      vertex 12.0356 40.85 5
      vertex 19.3927 34.9562 5
      vertex 12.1282 41.0377 5
    endloop
  endfacet
  facet normal -0 0 1
    outer loop
      vertex 11.7814 40.5186 5
      vertex 18.3011 33.9989 5
      vertex 11.9194 40.676 5
    endloop
  endfacet
  facet normal 0 0 1
    outer loop
      vertex 19.3927 34.9562 5
      vertex 11.9194 40.676 5
      vertex 18.3011 33.9989 5
    endloop
  endfacet
  facet normal -0 0 1
    outer loop
      vertex 11.9194 40.676 5
      vertex 19.3927 34.9562 5
      vertex 12.0356 40.85 5
    endloop
  endfacet
  facet normal 0 0 1
    outer loop
      vertex 11.624 42.9194 5
      vertex 19.1216 44.8435 5
      vertex 19.2099 45.1036 5
    endloop
  endfacet
  facet normal 0 0 1
    outer loop
      vertex 11.45 43.0356 5
      vertex 19.2099 45.1036 5
      vertex 19.3313 45.35 5
    endloop
  endfacet
  facet normal 0 0 1
    outer loop
      vertex 11.2623 43.1282 5
      vertex 19.3313 45.35 5
      vertex 19.484 45.5784 5
    endloop
  endfacet
  facet normal 0 0 1
    outer loop
      vertex 11.0641 43.1955 5
      vertex 19.484 45.5784 5
      vertex 19.6651 45.7849 5
    endloop
  endfacet
  facet normal 0 0 1
    outer loop
      vertex 10.8588 43.2363 5
      vertex 19.6651 45.7849 5
      vertex 19.8716 45.966 5
    endloop
  endfacet
  facet normal 0 0 1
    outer loop
      vertex 0 52.3 5
      vertex 19.8716 45.966 5
      vertex 20.1 46.1187 5
    endloop
  endfacet
  facet normal 0 0 1
    outer loop
      vertex 19.05 44.3 5
      vertex 12.2363 41.8588 5
      vertex 12.25 41.65 5
    endloop
  endfacet
  facet normal 0 0 1
    outer loop
      vertex 19.05 44.3 5
      vertex 12.1955 42.0641 5
      vertex 12.2363 41.8588 5
    endloop
  endfacet
  facet normal 0 0 1
    outer loop
      vertex 19.05 44.3 5
      vertex 12.1282 42.2623 5
      vertex 12.1955 42.0641 5
    endloop
  endfacet
  facet normal 0 0 1
    outer loop
      vertex 0 52.3 5
      vertex 20.1 46.1187 5
      vertex 20.3464 46.2401 5
    endloop
  endfacet
  facet normal 0 0 1
    outer loop
      vertex 19.05 44.3 5
      vertex 12.0356 42.45 5
      vertex 12.1282 42.2623 5
    endloop
  endfacet
  facet normal 0 0 1
    outer loop
      vertex 19.068 44.5741 5
      vertex 11.9194 42.624 5
      vertex 12.0356 42.45 5
    endloop
  endfacet
  facet normal 0 0 1
    outer loop
      vertex 19.068 44.5741 5
      vertex 11.7814 42.7814 5
      vertex 11.9194 42.624 5
    endloop
  endfacet
  facet normal 0 0 1
    outer loop
      vertex 19.1216 44.8435 5
      vertex 11.624 42.9194 5
      vertex 11.7814 42.7814 5
    endloop
  endfacet
  facet normal 0 0 1
    outer loop
      vertex 19.2099 45.1036 5
      vertex 11.45 43.0356 5
      vertex 11.624 42.9194 5
    endloop
  endfacet
  facet normal 0 0 1
    outer loop
      vertex 19.3313 45.35 5
      vertex 11.2623 43.1282 5
      vertex 11.45 43.0356 5
    endloop
  endfacet
  facet normal 0 0 1
    outer loop
      vertex 19.484 45.5784 5
      vertex 11.0641 43.1955 5
      vertex 11.2623 43.1282 5
    endloop
  endfacet
  facet normal 0 0 1
    outer loop
      vertex 0 52.3 5
      vertex 20.3464 46.2401 5
      vertex 20.6065 46.3284 5
    endloop
  endfacet
  facet normal 0 0 1
    outer loop
      vertex 19.6651 45.7849 5
      vertex 10.8588 43.2363 5
      vertex 11.0641 43.1955 5
    endloop
  endfacet
  facet normal 0 0 1
    outer loop
      vertex 19.8716 45.966 5
      vertex 0 52.3 5
      vertex 10.8588 43.2363 5
    endloop
  endfacet
  facet normal 0 0 1
    outer loop
      vertex 10.8588 43.2363 5
      vertex 0 52.3 5
      vertex 10.65 43.25 5
    endloop
  endfacet
  facet normal 0 0 1
    outer loop
      vertex 10.65 43.25 5
      vertex 0 52.3 5
      vertex 10.4412 43.2363 5
    endloop
  endfacet
  facet normal 0 0 1
    outer loop
      vertex 9.10452 11.0641 5
      vertex 0 0 5
      vertex 9.06369 10.8588 5
    endloop
  endfacet
  facet normal 0 0 1
    outer loop
      vertex 9.06369 41.8588 5
      vertex 0 52.3 5
      vertex 9.05 41.65 5
    endloop
  endfacet
  facet normal 0 0 1
    outer loop
      vertex 9.10452 42.0641 5
      vertex 0 52.3 5
      vertex 9.06369 41.8588 5
    endloop
  endfacet
  facet normal 0 0 1
    outer loop
      vertex 9.17179 42.2623 5
      vertex 0 52.3 5
      vertex 9.10452 42.0641 5
    endloop
  endfacet
  facet normal 0 0 1
    outer loop
      vertex 9.26436 42.45 5
      vertex 0 52.3 5
      vertex 9.17179 42.2623 5
    endloop
  endfacet
  facet normal 0 0 1
    outer loop
      vertex 9.38063 42.624 5
      vertex 0 52.3 5
      vertex 9.26436 42.45 5
    endloop
  endfacet
  facet normal 0 0 1
    outer loop
      vertex 9.51863 42.7814 5
      vertex 0 52.3 5
      vertex 9.38063 42.624 5
    endloop
  endfacet
  facet normal 0 0 1
    outer loop
      vertex 9.67598 42.9194 5
      vertex 0 52.3 5
      vertex 9.51863 42.7814 5
    endloop
  endfacet
  facet normal 0 0 1
    outer loop
      vertex 9.85 43.0356 5
      vertex 0 52.3 5
      vertex 9.67598 42.9194 5
    endloop
  endfacet
  facet normal 0 0 1
    outer loop
      vertex 10.0377 43.1282 5
      vertex 0 52.3 5
      vertex 9.85 43.0356 5
    endloop
  endfacet
  facet normal 0 0 1
    outer loop
      vertex 10.2359 43.1955 5
      vertex 0 52.3 5
      vertex 10.0377 43.1282 5
    endloop
  endfacet
  facet normal 0 0 1
    outer loop
      vertex 10.4412 43.2363 5
      vertex 0 52.3 5
      vertex 10.2359 43.1955 5
    endloop
  endfacet
  facet normal 0 0 1
    outer loop
      vertex 20.8759 46.382 5
      vertex 0 52.3 5
      vertex 20.6065 46.3284 5
    endloop
  endfacet
  facet normal 0 0 1
    outer loop
      vertex 21.15 46.4 5
      vertex 0 52.3 5
      vertex 20.8759 46.382 5
    endloop
  endfacet
  facet normal 0 0 1
    outer loop
      vertex 43.1955 41.2359 5
      vertex 52.3 52.3 5
      vertex 43.2363 41.4412 5
    endloop
  endfacet
  facet normal -0 0 1
    outer loop
      vertex 43.2363 10.4412 5
      vertex 52.3 0 5
      vertex 43.25 10.65 5
    endloop
  endfacet
  facet normal -0 0 1
    outer loop
      vertex 43.1955 10.2359 5
      vertex 52.3 0 5
      vertex 43.2363 10.4412 5
    endloop
  endfacet
  facet normal -0 0 1
    outer loop
      vertex 43.1282 10.0377 5
      vertex 52.3 0 5
      vertex 43.1955 10.2359 5
    endloop
  endfacet
  facet normal -0 0 1
    outer loop
      vertex 43.0356 9.85 5
      vertex 52.3 0 5
      vertex 43.1282 10.0377 5
    endloop
  endfacet
  facet normal -0 0 1
    outer loop
      vertex 42.9194 9.67598 5
      vertex 52.3 0 5
      vertex 43.0356 9.85 5
    endloop
  endfacet
  facet normal -0 0 1
    outer loop
      vertex 42.7814 9.51863 5
      vertex 52.3 0 5
      vertex 42.9194 9.67598 5
    endloop
  endfacet
  facet normal -0 0 1
    outer loop
      vertex 42.624 9.38063 5
      vertex 52.3 0 5
      vertex 42.7814 9.51863 5
    endloop
  endfacet
  facet normal -0 0 1
    outer loop
      vertex 42.45 9.26436 5
      vertex 52.3 0 5
      vertex 42.624 9.38063 5
    endloop
  endfacet
  facet normal -0 0 1
    outer loop
      vertex 42.2623 9.17179 5
      vertex 52.3 0 5
      vertex 42.45 9.26436 5
    endloop
  endfacet
  facet normal -0 0 1
    outer loop
      vertex 42.0641 9.10452 5
      vertex 52.3 0 5
      vertex 42.2623 9.17179 5
    endloop
  endfacet
  facet normal -0 0 1
    outer loop
      vertex 41.8588 9.06369 5
      vertex 52.3 0 5
      vertex 42.0641 9.10452 5
    endloop
  endfacet
  facet normal -0 0 1
    outer loop
      vertex 41.65 9.05 5
      vertex 52.3 0 5
      vertex 41.8588 9.06369 5
    endloop
  endfacet
  facet normal 0 0 1
    outer loop
      vertex 41.4412 9.06369 5
      vertex 52.3 0 5
      vertex 41.65 9.05 5
    endloop
  endfacet
  facet normal 0 0 1
    outer loop
      vertex 32.6349 6.51508 5
      vertex 41.4412 9.06369 5
      vertex 41.2359 9.10452 5
    endloop
  endfacet
  facet normal 0 0 1
    outer loop
      vertex 32.816 6.7216 5
      vertex 41.2359 9.10452 5
      vertex 41.0377 9.17179 5
    endloop
  endfacet
  facet normal 0 0 1
    outer loop
      vertex 32.9687 6.95 5
      vertex 41.0377 9.17179 5
      vertex 40.85 9.26436 5
    endloop
  endfacet
  facet normal 0 0 1
    outer loop
      vertex 33.0901 7.19636 5
      vertex 40.85 9.26436 5
      vertex 40.676 9.38063 5
    endloop
  endfacet
  facet normal 0 0 1
    outer loop
      vertex 40.5186 11.7814 5
      vertex 33.9989 18.3011 5
      vertex 40.3806 11.624 5
    endloop
  endfacet
  facet normal -0 0 1
    outer loop
      vertex 32.9073 17.3438 5
      vertex 40.3806 11.624 5
      vertex 33.9989 18.3011 5
    endloop
  endfacet
  facet normal 0 0 1
    outer loop
      vertex 40.3806 11.624 5
      vertex 32.9073 17.3438 5
      vertex 40.2644 11.45 5
    endloop
  endfacet
  facet normal 0 0 1
    outer loop
      vertex 40.2644 11.45 5
      vertex 32.9073 17.3438 5
      vertex 40.1718 11.2623 5
    endloop
  endfacet
  facet normal 0 0 1
    outer loop
      vertex 33.232 8.2741 5
      vertex 40.1045 11.0641 5
      vertex 40.1718 11.2623 5
    endloop
  endfacet
  facet normal 0 0 1
    outer loop
      vertex 33.232 8.2741 5
      vertex 40.0637 10.8588 5
      vertex 40.1045 11.0641 5
    endloop
  endfacet
  facet normal 0 0 1
    outer loop
      vertex 33.232 8.2741 5
      vertex 40.05 10.65 5
      vertex 40.0637 10.8588 5
    endloop
  endfacet
  facet normal 0 0 1
    outer loop
      vertex 33.232 8.2741 5
      vertex 40.0637 10.4412 5
      vertex 40.05 10.65 5
    endloop
  endfacet
  facet normal 0 0 1
    outer loop
      vertex 33.232 8.2741 5
      vertex 40.1045 10.2359 5
      vertex 40.0637 10.4412 5
    endloop
  endfacet
  facet normal 0 0 1
    outer loop
      vertex 33.232 8.2741 5
      vertex 40.1718 10.0377 5
      vertex 40.1045 10.2359 5
    endloop
  endfacet
  facet normal 0 0 1
    outer loop
      vertex 40.1718 10.0377 5
      vertex 33.25 8 5
      vertex 40.2644 9.85 5
    endloop
  endfacet
  facet normal 0 0 1
    outer loop
      vertex 40.2644 9.85 5
      vertex 33.25 8 5
      vertex 40.3806 9.67598 5
    endloop
  endfacet
  facet normal 0 0 1
    outer loop
      vertex 33.232 7.72589 5
      vertex 40.3806 9.67598 5
      vertex 33.25 8 5
    endloop
  endfacet
  facet normal 0 0 1
    outer loop
      vertex 40.3806 9.67598 5
      vertex 33.232 7.72589 5
      vertex 40.5186 9.51863 5
    endloop
  endfacet
  facet normal 0 0 1
    outer loop
      vertex 33.1784 7.45648 5
      vertex 40.5186 9.51863 5
      vertex 33.232 7.72589 5
    endloop
  endfacet
  facet normal 0 0 1
    outer loop
      vertex 40.5186 9.51863 5
      vertex 33.1784 7.45648 5
      vertex 40.676 9.38063 5
    endloop
  endfacet
  facet normal 0 0 1
    outer loop
      vertex 33.0901 7.19636 5
      vertex 40.676 9.38063 5
      vertex 33.1784 7.45648 5
    endloop
  endfacet
  facet normal 0 0 1
    outer loop
      vertex 40.85 9.26436 5
      vertex 33.0901 7.19636 5
      vertex 32.9687 6.95 5
    endloop
  endfacet
  facet normal 0 0 1
    outer loop
      vertex 41.0377 9.17179 5
      vertex 32.9687 6.95 5
      vertex 32.816 6.7216 5
    endloop
  endfacet
  facet normal 0 0 1
    outer loop
      vertex 41.2359 9.10452 5
      vertex 32.816 6.7216 5
      vertex 32.6349 6.51508 5
    endloop
  endfacet
  facet normal 0 0 1
    outer loop
      vertex 41.4412 9.06369 5
      vertex 32.6349 6.51508 5
      vertex 32.4284 6.33396 5
    endloop
  endfacet
  facet normal 0 0 1
    outer loop
      vertex 41.4412 9.06369 5
      vertex 32.4284 6.33396 5
      vertex 52.3 0 5
    endloop
  endfacet
  facet normal -0 0 1
    outer loop
      vertex 32.2 6.18135 5
      vertex 52.3 0 5
      vertex 32.4284 6.33396 5
    endloop
  endfacet
  facet normal -0 0 1
    outer loop
      vertex 31.9536 6.05985 5
      vertex 52.3 0 5
      vertex 32.2 6.18135 5
    endloop
  endfacet
  facet normal -0 0 1
    outer loop
      vertex 31.6935 5.97156 5
      vertex 52.3 0 5
      vertex 31.9536 6.05985 5
    endloop
  endfacet
  facet normal -0 0 1
    outer loop
      vertex 31.4241 5.91796 5
      vertex 52.3 0 5
      vertex 31.6935 5.97156 5
    endloop
  endfacet
  facet normal -0 0 1
    outer loop
      vertex 31.15 5.9 5
      vertex 52.3 0 5
      vertex 31.4241 5.91796 5
    endloop
  endfacet
  facet normal -0 0 1
    outer loop
      vertex 21.15 5.9 5
      vertex 52.3 0 5
      vertex 31.15 5.9 5
    endloop
  endfacet
  facet normal 0 0 1
    outer loop
      vertex 0 0 5
      vertex 21.15 5.9 5
      vertex 20.8759 5.91796 5
    endloop
  endfacet
  facet normal -0 0 1
    outer loop
      vertex 12.1955 10.2359 5
      vertex 19.1216 8.54352 5
      vertex 12.2363 10.4412 5
    endloop
  endfacet
  facet normal 0 0 1
    outer loop
      vertex 12.25 10.65 5
      vertex 18.3011 18.3011 5
      vertex 17.3438 19.3927 5
    endloop
  endfacet
  facet normal 0 0 1
    outer loop
      vertex 12.25 10.65 5
      vertex 17.3438 19.3927 5
      vertex 16.5371 20.6 5
    endloop
  endfacet
  facet normal 0 0 1
    outer loop
      vertex 12.25 10.65 5
      vertex 16.5371 20.6 5
      vertex 15.8949 21.9022 5
    endloop
  endfacet
  facet normal 0 0 1
    outer loop
      vertex 19.1216 8.54352 5
      vertex 12.1955 10.2359 5
      vertex 19.068 8.2741 5
    endloop
  endfacet
  facet normal 0 0 1
    outer loop
      vertex 12.25 10.65 5
      vertex 15.8949 21.9022 5
      vertex 15.4282 23.2771 5
    endloop
  endfacet
  facet normal -0 0 1
    outer loop
      vertex 11.624 40.3806 5
      vertex 18.3011 33.9989 5
      vertex 11.7814 40.5186 5
    endloop
  endfacet
  facet normal 0 0 1
    outer loop
      vertex 15.05 26.15 5
      vertex 12.25 10.65 5
      vertex 15.145 24.7012 5
    endloop
  endfacet
  facet normal 0 0 1
    outer loop
      vertex 12.25 10.65 5
      vertex 15.4282 23.2771 5
      vertex 15.145 24.7012 5
    endloop
  endfacet
  facet normal -0 0 1
    outer loop
      vertex 12.1282 10.0377 5
      vertex 19.068 8.2741 5
      vertex 12.1955 10.2359 5
    endloop
  endfacet
  facet normal 0 0 1
    outer loop
      vertex 19.068 8.2741 5
      vertex 12.1282 10.0377 5
      vertex 19.05 8 5
    endloop
  endfacet
  facet normal -0 0 1
    outer loop
      vertex 12.0356 9.85 5
      vertex 19.05 8 5
      vertex 12.1282 10.0377 5
    endloop
  endfacet
  facet normal 0 0 1
    outer loop
      vertex 19.05 8 5
      vertex 12.0356 9.85 5
      vertex 19.068 7.72589 5
    endloop
  endfacet
  facet normal -0 0 1
    outer loop
      vertex 11.9194 9.67598 5
      vertex 19.068 7.72589 5
      vertex 12.0356 9.85 5
    endloop
  endfacet
  facet normal -0 0 1
    outer loop
      vertex 11.7814 9.51863 5
      vertex 19.068 7.72589 5
      vertex 11.9194 9.67598 5
    endloop
  endfacet
  facet normal 0 0 1
    outer loop
      vertex 19.068 7.72589 5
      vertex 11.7814 9.51863 5
      vertex 19.1216 7.45648 5
    endloop
  endfacet
  facet normal -0 0 1
    outer loop
      vertex 11.624 9.38063 5
      vertex 19.1216 7.45648 5
      vertex 11.7814 9.51863 5
    endloop
  endfacet
  facet normal 0 0 1
    outer loop
      vertex 19.1216 7.45648 5
      vertex 11.624 9.38063 5
      vertex 19.2099 7.19636 5
    endloop
  endfacet
  facet normal -0 0 1
    outer loop
      vertex 11.45 9.26436 5
      vertex 19.2099 7.19636 5
      vertex 11.624 9.38063 5
    endloop
  endfacet
  facet normal 0 0 1
    outer loop
      vertex 19.2099 7.19636 5
      vertex 11.45 9.26436 5
      vertex 19.3313 6.95 5
    endloop
  endfacet
  facet normal -0 0 1
    outer loop
      vertex 11.2623 9.17179 5
      vertex 19.3313 6.95 5
      vertex 11.45 9.26436 5
    endloop
  endfacet
  facet normal 0 0 1
    outer loop
      vertex 19.3313 6.95 5
      vertex 11.2623 9.17179 5
      vertex 19.484 6.7216 5
    endloop
  endfacet
  facet normal -0 0 1
    outer loop
      vertex 11.0641 9.10452 5
      vertex 19.484 6.7216 5
      vertex 11.2623 9.17179 5
    endloop
  endfacet
  facet normal 0 0 1
    outer loop
      vertex 19.484 6.7216 5
      vertex 11.0641 9.10452 5
      vertex 19.6651 6.51508 5
    endloop
  endfacet
  facet normal -0 0 1
    outer loop
      vertex 10.8588 9.06369 5
      vertex 19.6651 6.51508 5
      vertex 11.0641 9.10452 5
    endloop
  endfacet
  facet normal 0 0 1
    outer loop
      vertex 19.6651 6.51508 5
      vertex 10.8588 9.06369 5
      vertex 19.8716 6.33396 5
    endloop
  endfacet
  facet normal 0 0 1
    outer loop
      vertex 0 0 5
      vertex 19.8716 6.33396 5
      vertex 10.8588 9.06369 5
    endloop
  endfacet
  facet normal 0 0 1
    outer loop
      vertex 19.8716 6.33396 5
      vertex 0 0 5
      vertex 20.1 6.18135 5
    endloop
  endfacet
  facet normal 0 0 1
    outer loop
      vertex 20.1 6.18135 5
      vertex 0 0 5
      vertex 20.3464 6.05985 5
    endloop
  endfacet
  facet normal 0 0 1
    outer loop
      vertex 0 0 5
      vertex 10.8588 9.06369 5
      vertex 10.65 9.05 5
    endloop
  endfacet
  facet normal 0 0 1
    outer loop
      vertex 0 0 5
      vertex 10.65 9.05 5
      vertex 10.4412 9.06369 5
    endloop
  endfacet
  facet normal 0 0 1
    outer loop
      vertex 0 0 5
      vertex 10.4412 9.06369 5
      vertex 10.2359 9.10452 5
    endloop
  endfacet
  facet normal 0 0 1
    outer loop
      vertex 9.06369 10.8588 5
      vertex 0 0 5
      vertex 9.05 10.65 5
    endloop
  endfacet
  facet normal 0 0 1
    outer loop
      vertex 9.05 10.65 5
      vertex 0 0 5
      vertex 9.06369 10.4412 5
    endloop
  endfacet
  facet normal 0 0 1
    outer loop
      vertex 21.15 5.9 5
      vertex 0 0 5
      vertex 52.3 0 5
    endloop
  endfacet
  facet normal 0 0 1
    outer loop
      vertex 20.6065 5.97156 5
      vertex 0 0 5
      vertex 20.8759 5.91796 5
    endloop
  endfacet
  facet normal 0 0 1
    outer loop
      vertex 20.3464 6.05985 5
      vertex 0 0 5
      vertex 20.6065 5.97156 5
    endloop
  endfacet
  facet normal 0 0 1
    outer loop
      vertex 10.0377 9.17179 5
      vertex 0 0 5
      vertex 10.2359 9.10452 5
    endloop
  endfacet
  facet normal 0 0 1
    outer loop
      vertex 9.85 9.26436 5
      vertex 0 0 5
      vertex 10.0377 9.17179 5
    endloop
  endfacet
  facet normal 0 0 1
    outer loop
      vertex 9.67598 9.38063 5
      vertex 0 0 5
      vertex 9.85 9.26436 5
    endloop
  endfacet
  facet normal 0 0 1
    outer loop
      vertex 9.51863 9.51863 5
      vertex 0 0 5
      vertex 9.67598 9.38063 5
    endloop
  endfacet
  facet normal 0 0 1
    outer loop
      vertex 9.38063 9.67598 5
      vertex 0 0 5
      vertex 9.51863 9.51863 5
    endloop
  endfacet
  facet normal 0 0 1
    outer loop
      vertex 9.26436 9.85 5
      vertex 0 0 5
      vertex 9.38063 9.67598 5
    endloop
  endfacet
  facet normal 0 0 1
    outer loop
      vertex 9.17179 10.0377 5
      vertex 0 0 5
      vertex 9.26436 9.85 5
    endloop
  endfacet
  facet normal 0 0 1
    outer loop
      vertex 9.10452 10.2359 5
      vertex 0 0 5
      vertex 9.17179 10.0377 5
    endloop
  endfacet
  facet normal 0 0 1
    outer loop
      vertex 9.06369 10.4412 5
      vertex 0 0 5
      vertex 9.10452 10.2359 5
    endloop
  endfacet
  facet normal 0 0 1
    outer loop
      vertex 40.1045 42.0641 5
      vertex 33.232 44.0259 5
      vertex 33.1784 43.7565 5
    endloop
  endfacet
  facet normal 0 0 1
    outer loop
      vertex 40.0637 41.8588 5
      vertex 33.1784 43.7565 5
      vertex 33.0901 43.4964 5
    endloop
  endfacet
  facet normal 0 0 1
    outer loop
      vertex 40.05 41.65 5
      vertex 33.0901 43.4964 5
      vertex 32.9687 43.25 5
    endloop
  endfacet
  facet normal 0 0 1
    outer loop
      vertex 40.0637 41.4412 5
      vertex 32.9687 43.25 5
      vertex 32.816 43.0216 5
    endloop
  endfacet
  facet normal 0 0 1
    outer loop
      vertex 40.1045 41.2359 5
      vertex 32.816 43.0216 5
      vertex 32.6349 42.8151 5
    endloop
  endfacet
  facet normal 0 0 1
    outer loop
      vertex 40.3806 40.676 5
      vertex 32.9073 34.9562 5
      vertex 33.9989 33.9989 5
    endloop
  endfacet
  facet normal 0 0 1
    outer loop
      vertex 40.1718 41.0377 5
      vertex 32.6349 42.8151 5
      vertex 32.4284 42.634 5
    endloop
  endfacet
  facet normal 0 0 1
    outer loop
      vertex 40.1718 41.0377 5
      vertex 32.4284 42.634 5
      vertex 32.9073 34.9562 5
    endloop
  endfacet
  facet normal -0 0 1
    outer loop
      vertex 32.2 42.4813 5
      vertex 32.9073 34.9562 5
      vertex 32.4284 42.634 5
    endloop
  endfacet
  facet normal 0 0 1
    outer loop
      vertex 31.7 35.7629 5
      vertex 32.2 42.4813 5
      vertex 31.9536 42.3599 5
    endloop
  endfacet
  facet normal 0 0 1
    outer loop
      vertex 32.2 42.4813 5
      vertex 31.7 35.7629 5
      vertex 32.9073 34.9562 5
    endloop
  endfacet
  facet normal -0 0 1
    outer loop
      vertex 31.6935 42.2716 5
      vertex 31.7 35.7629 5
      vertex 31.9536 42.3599 5
    endloop
  endfacet
  facet normal 0 0 1
    outer loop
      vertex 30.3978 36.4051 5
      vertex 31.6935 42.2716 5
      vertex 31.4241 42.218 5
    endloop
  endfacet
  facet normal 0 0 1
    outer loop
      vertex 30.3978 36.4051 5
      vertex 31.4241 42.218 5
      vertex 31.15 42.2 5
    endloop
  endfacet
  facet normal 0 0 1
    outer loop
      vertex 31.6935 42.2716 5
      vertex 30.3978 36.4051 5
      vertex 31.7 35.7629 5
    endloop
  endfacet
  facet normal 0 0 1
    outer loop
      vertex 31.15 42.2 5
      vertex 29.0229 36.8718 5
      vertex 30.3978 36.4051 5
    endloop
  endfacet
  facet normal 0 0 1
    outer loop
      vertex 31.15 42.2 5
      vertex 27.5988 37.155 5
      vertex 29.0229 36.8718 5
    endloop
  endfacet
  facet normal 0 0 1
    outer loop
      vertex 31.15 42.2 5
      vertex 26.15 37.25 5
      vertex 27.5988 37.155 5
    endloop
  endfacet
  facet normal -0 0 1
    outer loop
      vertex 21.15 42.2 5
      vertex 26.15 37.25 5
      vertex 31.15 42.2 5
    endloop
  endfacet
  facet normal 0 0 1
    outer loop
      vertex 26.15 37.25 5
      vertex 21.15 42.2 5
      vertex 24.7012 37.155 5
    endloop
  endfacet
  facet normal 0 0 1
    outer loop
      vertex 24.7012 37.155 5
      vertex 21.15 42.2 5
      vertex 23.2771 36.8718 5
    endloop
  endfacet
  facet normal 0 0 1
    outer loop
      vertex 23.2771 36.8718 5
      vertex 21.15 42.2 5
      vertex 21.9022 36.4051 5
    endloop
  endfacet
  facet normal 0 0 1
    outer loop
      vertex 20.8759 42.218 5
      vertex 21.9022 36.4051 5
      vertex 21.15 42.2 5
    endloop
  endfacet
  facet normal 0 0 1
    outer loop
      vertex 20.6065 42.2716 5
      vertex 21.9022 36.4051 5
      vertex 20.8759 42.218 5
    endloop
  endfacet
  facet normal 0 0 1
    outer loop
      vertex 20.6065 42.2716 5
      vertex 20.6 35.7629 5
      vertex 21.9022 36.4051 5
    endloop
  endfacet
  facet normal 0 0 1
    outer loop
      vertex 20.3464 42.3599 5
      vertex 20.6 35.7629 5
      vertex 20.6065 42.2716 5
    endloop
  endfacet
  facet normal 0 0 1
    outer loop
      vertex 20.1 42.4813 5
      vertex 20.6 35.7629 5
      vertex 20.3464 42.3599 5
    endloop
  endfacet
  facet normal 0 0 1
    outer loop
      vertex 19.3927 34.9562 5
      vertex 20.1 42.4813 5
      vertex 19.8716 42.634 5
    endloop
  endfacet
  facet normal 0 0 1
    outer loop
      vertex 12.1282 41.0377 5
      vertex 19.6651 42.8151 5
      vertex 12.1955 41.2359 5
    endloop
  endfacet
  facet normal 0 0 1
    outer loop
      vertex 12.1955 41.2359 5
      vertex 19.484 43.0216 5
      vertex 12.2363 41.4412 5
    endloop
  endfacet
  facet normal 0 0 1
    outer loop
      vertex 20.1 42.4813 5
      vertex 19.3927 34.9562 5
      vertex 20.6 35.7629 5
    endloop
  endfacet
  facet normal 0 0 1
    outer loop
      vertex 12.2363 41.4412 5
      vertex 19.484 43.0216 5
      vertex 19.3313 43.25 5
    endloop
  endfacet
  facet normal 0 0 1
    outer loop
      vertex 12.2363 41.4412 5
      vertex 19.3313 43.25 5
      vertex 19.2099 43.4964 5
    endloop
  endfacet
  facet normal 0 0 1
    outer loop
      vertex 12.2363 41.4412 5
      vertex 19.2099 43.4964 5
      vertex 19.1216 43.7565 5
    endloop
  endfacet
  facet normal 0 0 1
    outer loop
      vertex 12.2363 41.4412 5
      vertex 19.1216 43.7565 5
      vertex 19.068 44.0259 5
    endloop
  endfacet
  facet normal 0 0 1
    outer loop
      vertex 12.2363 41.4412 5
      vertex 19.068 44.0259 5
      vertex 19.05 44.3 5
    endloop
  endfacet
  facet normal 0 0 1
    outer loop
      vertex 19.484 43.0216 5
      vertex 12.1955 41.2359 5
      vertex 19.6651 42.8151 5
    endloop
  endfacet
  facet normal 1 -0 0
    outer loop
      vertex 52.3 0 5
      vertex 52.3 52.3 0
      vertex 52.3 52.3 5
    endloop
  endfacet
  facet normal 1 0 0
    outer loop
      vertex 52.3 52.3 0
      vertex 52.3 0 5
      vertex 52.3 0 0
    endloop
  endfacet
  facet normal 0 1 -0
    outer loop
      vertex 52.3 52.3 0
      vertex 0 52.3 5
      vertex 52.3 52.3 5
    endloop
  endfacet
  facet normal 0 1 0
    outer loop
      vertex 0 52.3 5
      vertex 52.3 52.3 0
      vertex 0 52.3 0
    endloop
  endfacet
  facet normal -0 0 -1
    outer loop
      vertex 18.3011 18.3011 0
      vertex 11.624 11.9194 0
      vertex 17.3438 19.3927 0
    endloop
  endfacet
  facet normal 0 0 -1
    outer loop
      vertex 15.05 26.15 0
      vertex 12.2363 41.4412 0
      vertex 12.25 41.65 0
    endloop
  endfacet
  facet normal 0 0 -1
    outer loop
      vertex 11.45 12.0356 0
      vertex 17.3438 19.3927 0
      vertex 11.624 11.9194 0
    endloop
  endfacet
  facet normal 0 0 -1
    outer loop
      vertex 15.05 26.15 0
      vertex 12.1955 41.2359 0
      vertex 12.2363 41.4412 0
    endloop
  endfacet
  facet normal 0 0 -1
    outer loop
      vertex 11.2623 12.1282 0
      vertex 17.3438 19.3927 0
      vertex 11.45 12.0356 0
    endloop
  endfacet
  facet normal 0 0 -1
    outer loop
      vertex 15.05 26.15 0
      vertex 12.1282 41.0377 0
      vertex 12.1955 41.2359 0
    endloop
  endfacet
  facet normal 0 0 -1
    outer loop
      vertex 11.0641 12.1955 0
      vertex 17.3438 19.3927 0
      vertex 11.2623 12.1282 0
    endloop
  endfacet
  facet normal 0 0 -1
    outer loop
      vertex 15.05 26.15 0
      vertex 12.0356 40.85 0
      vertex 12.1282 41.0377 0
    endloop
  endfacet
  facet normal -0 0 -1
    outer loop
      vertex 17.3438 19.3927 0
      vertex 11.0641 12.1955 0
      vertex 16.5371 20.6 0
    endloop
  endfacet
  facet normal 0 0 -1
    outer loop
      vertex 15.05 26.15 0
      vertex 11.9194 40.676 0
      vertex 12.0356 40.85 0
    endloop
  endfacet
  facet normal 0 0 -1
    outer loop
      vertex 10.8588 12.2363 0
      vertex 16.5371 20.6 0
      vertex 11.0641 12.1955 0
    endloop
  endfacet
  facet normal 0 0 -1
    outer loop
      vertex 15.05 26.15 0
      vertex 11.7814 40.5186 0
      vertex 11.9194 40.676 0
    endloop
  endfacet
  facet normal 0 0 -1
    outer loop
      vertex 10.65 12.25 0
      vertex 16.5371 20.6 0
      vertex 10.8588 12.2363 0
    endloop
  endfacet
  facet normal 0 0 -1
    outer loop
      vertex 15.05 26.15 0
      vertex 11.624 40.3806 0
      vertex 11.7814 40.5186 0
    endloop
  endfacet
  facet normal -0 0 -1
    outer loop
      vertex 16.5371 20.6 0
      vertex 10.65 12.25 0
      vertex 15.8949 21.9022 0
    endloop
  endfacet
  facet normal 0 0 -1
    outer loop
      vertex 15.05 26.15 0
      vertex 11.45 40.2644 0
      vertex 11.624 40.3806 0
    endloop
  endfacet
  facet normal 0 0 -1
    outer loop
      vertex 10.4412 12.2363 0
      vertex 15.8949 21.9022 0
      vertex 10.65 12.25 0
    endloop
  endfacet
  facet normal 0 0 -1
    outer loop
      vertex 15.05 26.15 0
      vertex 11.2623 40.1718 0
      vertex 11.45 40.2644 0
    endloop
  endfacet
  facet normal 0 0 -1
    outer loop
      vertex 10.2359 12.1955 0
      vertex 15.8949 21.9022 0
      vertex 10.4412 12.2363 0
    endloop
  endfacet
  facet normal 0 0 -1
    outer loop
      vertex 15.05 26.15 0
      vertex 11.0641 40.1045 0
      vertex 11.2623 40.1718 0
    endloop
  endfacet
  facet normal -0 0 -1
    outer loop
      vertex 15.8949 21.9022 0
      vertex 10.2359 12.1955 0
      vertex 15.4282 23.2771 0
    endloop
  endfacet
  facet normal 0 0 -1
    outer loop
      vertex 15.05 26.15 0
      vertex 10.8588 40.0637 0
      vertex 11.0641 40.1045 0
    endloop
  endfacet
  facet normal 0 0 -1
    outer loop
      vertex 10.0377 12.1282 0
      vertex 15.4282 23.2771 0
      vertex 10.2359 12.1955 0
    endloop
  endfacet
  facet normal 0 0 -1
    outer loop
      vertex 15.05 26.15 0
      vertex 10.65 40.05 0
      vertex 10.8588 40.0637 0
    endloop
  endfacet
  facet normal 0 0 -1
    outer loop
      vertex 9.85 12.0356 0
      vertex 15.4282 23.2771 0
      vertex 10.0377 12.1282 0
    endloop
  endfacet
  facet normal 0 0 -1
    outer loop
      vertex 15.05 26.15 0
      vertex 10.4412 40.0637 0
      vertex 10.65 40.05 0
    endloop
  endfacet
  facet normal -0 0 -1
    outer loop
      vertex 15.4282 23.2771 0
      vertex 9.85 12.0356 0
      vertex 15.145 24.7012 0
    endloop
  endfacet
  facet normal 0 0 -1
    outer loop
      vertex 15.05 26.15 0
      vertex 10.2359 40.1045 0
      vertex 10.4412 40.0637 0
    endloop
  endfacet
  facet normal 0 0 -1
    outer loop
      vertex 9.67598 11.9194 0
      vertex 15.145 24.7012 0
      vertex 9.85 12.0356 0
    endloop
  endfacet
  facet normal 0 0 -1
    outer loop
      vertex 15.05 26.15 0
      vertex 10.0377 40.1718 0
      vertex 10.2359 40.1045 0
    endloop
  endfacet
  facet normal 0 0 -1
    outer loop
      vertex 9.51863 11.7814 0
      vertex 15.145 24.7012 0
      vertex 9.67598 11.9194 0
    endloop
  endfacet
  facet normal 0 0 -1
    outer loop
      vertex 15.05 26.15 0
      vertex 9.85 40.2644 0
      vertex 10.0377 40.1718 0
    endloop
  endfacet
  facet normal -0 0 -1
    outer loop
      vertex 15.145 24.7012 0
      vertex 9.51863 11.7814 0
      vertex 15.05 26.15 0
    endloop
  endfacet
  facet normal 0 0 -1
    outer loop
      vertex 15.05 26.15 0
      vertex 9.67598 40.3806 0
      vertex 9.85 40.2644 0
    endloop
  endfacet
  facet normal 0 0 -1
    outer loop
      vertex 9.51863 40.5186 0
      vertex 15.05 26.15 0
      vertex 9.51863 11.7814 0
    endloop
  endfacet
  facet normal 0 0 -1
    outer loop
      vertex 15.05 26.15 0
      vertex 9.51863 40.5186 0
      vertex 9.67598 40.3806 0
    endloop
  endfacet
  facet normal 0 0 -1
    outer loop
      vertex 9.38063 11.624 0
      vertex 9.51863 40.5186 0
      vertex 9.51863 11.7814 0
    endloop
  endfacet
  facet normal 0 0 -1
    outer loop
      vertex 9.38063 11.624 0
      vertex 9.38063 40.676 0
      vertex 9.51863 40.5186 0
    endloop
  endfacet
  facet normal 0 0 -1
    outer loop
      vertex 9.26436 11.45 0
      vertex 9.38063 40.676 0
      vertex 9.38063 11.624 0
    endloop
  endfacet
  facet normal 0 0 -1
    outer loop
      vertex 9.26436 11.45 0
      vertex 9.26436 40.85 0
      vertex 9.38063 40.676 0
    endloop
  endfacet
  facet normal 0 0 -1
    outer loop
      vertex 9.17179 11.2623 0
      vertex 9.26436 40.85 0
      vertex 9.26436 11.45 0
    endloop
  endfacet
  facet normal 0 0 -1
    outer loop
      vertex 9.17179 11.2623 0
      vertex 9.17179 41.0377 0
      vertex 9.26436 40.85 0
    endloop
  endfacet
  facet normal 0 0 -1
    outer loop
      vertex 0 0 0
      vertex 9.17179 11.2623 0
      vertex 9.10452 11.0641 0
    endloop
  endfacet
  facet normal -0 0 -1
    outer loop
      vertex 9.17179 11.2623 0
      vertex 0 0 0
      vertex 9.17179 41.0377 0
    endloop
  endfacet
  facet normal 0 0 -1
    outer loop
      vertex 0 0 0
      vertex 9.10452 11.0641 0
      vertex 9.06369 10.8588 0
    endloop
  endfacet
  facet normal 0 0 -1
    outer loop
      vertex 0 52.3 0
      vertex 9.17179 41.0377 0
      vertex 0 0 0
    endloop
  endfacet
  facet normal 0 0 -1
    outer loop
      vertex 0 0 0
      vertex 9.06369 10.8588 0
      vertex 9.05 10.65 0
    endloop
  endfacet
  facet normal 0 0 -1
    outer loop
      vertex 9.17179 41.0377 0
      vertex 0 52.3 0
      vertex 9.10452 41.2359 0
    endloop
  endfacet
  facet normal 0 0 -1
    outer loop
      vertex 40.1718 42.2623 0
      vertex 33.232 44.0259 0
      vertex 33.25 44.3 0
    endloop
  endfacet
  facet normal 0 0 -1
    outer loop
      vertex 40.1718 41.0377 0
      vertex 33.1784 43.7565 0
      vertex 33.232 44.0259 0
    endloop
  endfacet
  facet normal 0 0 -1
    outer loop
      vertex 40.1718 41.0377 0
      vertex 33.0901 43.4964 0
      vertex 33.1784 43.7565 0
    endloop
  endfacet
  facet normal 0 0 -1
    outer loop
      vertex 40.1718 41.0377 0
      vertex 32.9687 43.25 0
      vertex 33.0901 43.4964 0
    endloop
  endfacet
  facet normal 0 0 -1
    outer loop
      vertex 32.4284 42.634 0
      vertex 40.1718 41.0377 0
      vertex 32.9073 34.9562 0
    endloop
  endfacet
  facet normal 0 0 -1
    outer loop
      vertex 40.1718 41.0377 0
      vertex 32.816 43.0216 0
      vertex 32.9687 43.25 0
    endloop
  endfacet
  facet normal 0 0 -1
    outer loop
      vertex 40.1718 41.0377 0
      vertex 32.6349 42.8151 0
      vertex 32.816 43.0216 0
    endloop
  endfacet
  facet normal 0 0 -1
    outer loop
      vertex 40.1718 41.0377 0
      vertex 32.4284 42.634 0
      vertex 32.6349 42.8151 0
    endloop
  endfacet
  facet normal 0 0 -1
    outer loop
      vertex 32.9073 34.9562 0
      vertex 32.2 42.4813 0
      vertex 32.4284 42.634 0
    endloop
  endfacet
  facet normal 0 0 -1
    outer loop
      vertex 31.7 35.7629 0
      vertex 32.2 42.4813 0
      vertex 32.9073 34.9562 0
    endloop
  endfacet
  facet normal 0 0 -1
    outer loop
      vertex 32.2 42.4813 0
      vertex 31.7 35.7629 0
      vertex 31.9536 42.3599 0
    endloop
  endfacet
  facet normal 0 0 -1
    outer loop
      vertex 31.7 35.7629 0
      vertex 31.6935 42.2716 0
      vertex 31.9536 42.3599 0
    endloop
  endfacet
  facet normal 0 0 -1
    outer loop
      vertex 30.3978 36.4051 0
      vertex 31.6935 42.2716 0
      vertex 31.7 35.7629 0
    endloop
  endfacet
  facet normal 0 0 -1
    outer loop
      vertex 31.6935 42.2716 0
      vertex 30.3978 36.4051 0
      vertex 31.4241 42.218 0
    endloop
  endfacet
  facet normal 0 0 -1
    outer loop
      vertex 31.4241 42.218 0
      vertex 30.3978 36.4051 0
      vertex 31.15 42.2 0
    endloop
  endfacet
  facet normal 0 0 -1
    outer loop
      vertex 29.0229 36.8718 0
      vertex 31.15 42.2 0
      vertex 30.3978 36.4051 0
    endloop
  endfacet
  facet normal 0 0 -1
    outer loop
      vertex 27.5988 37.155 0
      vertex 31.15 42.2 0
      vertex 29.0229 36.8718 0
    endloop
  endfacet
  facet normal 0 0 -1
    outer loop
      vertex 26.15 37.25 0
      vertex 31.15 42.2 0
      vertex 27.5988 37.155 0
    endloop
  endfacet
  facet normal 0 0 -1
    outer loop
      vertex 21.15 42.2 0
      vertex 26.15 37.25 0
      vertex 24.7012 37.155 0
    endloop
  endfacet
  facet normal 0 0 -1
    outer loop
      vertex 21.15 42.2 0
      vertex 24.7012 37.155 0
      vertex 23.2771 36.8718 0
    endloop
  endfacet
  facet normal 0 0 -1
    outer loop
      vertex 21.15 42.2 0
      vertex 23.2771 36.8718 0
      vertex 21.9022 36.4051 0
    endloop
  endfacet
  facet normal 0 0 -1
    outer loop
      vertex 26.15 37.25 0
      vertex 21.15 42.2 0
      vertex 31.15 42.2 0
    endloop
  endfacet
  facet normal 0 0 -1
    outer loop
      vertex 21.9022 36.4051 0
      vertex 20.8759 42.218 0
      vertex 21.15 42.2 0
    endloop
  endfacet
  facet normal 0 0 -1
    outer loop
      vertex 21.9022 36.4051 0
      vertex 20.6065 42.2716 0
      vertex 20.8759 42.218 0
    endloop
  endfacet
  facet normal 0 0 -1
    outer loop
      vertex 20.6 35.7629 0
      vertex 20.6065 42.2716 0
      vertex 21.9022 36.4051 0
    endloop
  endfacet
  facet normal 0 0 -1
    outer loop
      vertex 20.6 35.7629 0
      vertex 20.3464 42.3599 0
      vertex 20.6065 42.2716 0
    endloop
  endfacet
  facet normal 0 0 -1
    outer loop
      vertex 20.6 35.7629 0
      vertex 20.1 42.4813 0
      vertex 20.3464 42.3599 0
    endloop
  endfacet
  facet normal 0 0 -1
    outer loop
      vertex 19.3927 34.9562 0
      vertex 20.1 42.4813 0
      vertex 20.6 35.7629 0
    endloop
  endfacet
  facet normal -0 0 -1
    outer loop
      vertex 20.1 42.4813 0
      vertex 19.3927 34.9562 0
      vertex 19.8716 42.634 0
    endloop
  endfacet
  facet normal -0 0 -1
    outer loop
      vertex 19.8716 42.634 0
      vertex 19.3927 34.9562 0
      vertex 19.6651 42.8151 0
    endloop
  endfacet
  facet normal 0 0 -1
    outer loop
      vertex 12.25 41.65 0
      vertex 19.6651 42.8151 0
      vertex 19.3927 34.9562 0
    endloop
  endfacet
  facet normal -0 0 -1
    outer loop
      vertex 19.6651 42.8151 0
      vertex 12.25 41.65 0
      vertex 19.484 43.0216 0
    endloop
  endfacet
  facet normal -0 0 -1
    outer loop
      vertex 19.484 43.0216 0
      vertex 12.25 41.65 0
      vertex 19.3313 43.25 0
    endloop
  endfacet
  facet normal -0 0 -1
    outer loop
      vertex 19.3313 43.25 0
      vertex 12.25 41.65 0
      vertex 19.2099 43.4964 0
    endloop
  endfacet
  facet normal 0 0 -1
    outer loop
      vertex 12.2363 41.8588 0
      vertex 19.2099 43.4964 0
      vertex 12.25 41.65 0
    endloop
  endfacet
  facet normal -0 0 -1
    outer loop
      vertex 19.2099 43.4964 0
      vertex 12.2363 41.8588 0
      vertex 19.1216 43.7565 0
    endloop
  endfacet
  facet normal 0 0 -1
    outer loop
      vertex 12.25 41.65 0
      vertex 19.3927 34.9562 0
      vertex 18.3011 33.9989 0
    endloop
  endfacet
  facet normal 0 0 -1
    outer loop
      vertex 43.1282 11.2623 0
      vertex 52.3 0 0
      vertex 43.1955 11.0641 0
    endloop
  endfacet
  facet normal 0 0 -1
    outer loop
      vertex 52.3 52.3 0
      vertex 43.2363 41.4412 0
      vertex 43.25 41.65 0
    endloop
  endfacet
  facet normal 0 0 -1
    outer loop
      vertex 52.3 0 0
      vertex 43.1282 11.2623 0
      vertex 52.3 52.3 0
    endloop
  endfacet
  facet normal 0 0 -1
    outer loop
      vertex 52.3 52.3 0
      vertex 43.1955 41.2359 0
      vertex 43.2363 41.4412 0
    endloop
  endfacet
  facet normal 0 0 -1
    outer loop
      vertex 43.1282 41.0377 0
      vertex 52.3 52.3 0
      vertex 43.1282 11.2623 0
    endloop
  endfacet
  facet normal 0 0 -1
    outer loop
      vertex 52.3 52.3 0
      vertex 43.1282 41.0377 0
      vertex 43.1955 41.2359 0
    endloop
  endfacet
  facet normal 0 0 -1
    outer loop
      vertex 43.0356 11.45 0
      vertex 43.1282 41.0377 0
      vertex 43.1282 11.2623 0
    endloop
  endfacet
  facet normal 0 0 -1
    outer loop
      vertex 43.0356 11.45 0
      vertex 43.0356 40.85 0
      vertex 43.1282 41.0377 0
    endloop
  endfacet
  facet normal 0 0 -1
    outer loop
      vertex 42.9194 11.624 0
      vertex 43.0356 40.85 0
      vertex 43.0356 11.45 0
    endloop
  endfacet
  facet normal 0 0 -1
    outer loop
      vertex 42.9194 11.624 0
      vertex 42.9194 40.676 0
      vertex 43.0356 40.85 0
    endloop
  endfacet
  facet normal 0 0 -1
    outer loop
      vertex 42.7814 11.7814 0
      vertex 42.9194 40.676 0
      vertex 42.9194 11.624 0
    endloop
  endfacet
  facet normal 0 0 -1
    outer loop
      vertex 42.7814 11.7814 0
      vertex 42.7814 40.5186 0
      vertex 42.9194 40.676 0
    endloop
  endfacet
  facet normal 0 0 -1
    outer loop
      vertex 37.155 24.7012 0
      vertex 42.7814 11.7814 0
      vertex 42.624 11.9194 0
    endloop
  endfacet
  facet normal 0 0 -1
    outer loop
      vertex 42.7814 11.7814 0
      vertex 37.25 26.15 0
      vertex 42.7814 40.5186 0
    endloop
  endfacet
  facet normal 0 0 -1
    outer loop
      vertex 37.155 24.7012 0
      vertex 42.624 11.9194 0
      vertex 42.45 12.0356 0
    endloop
  endfacet
  facet normal 0 0 -1
    outer loop
      vertex 37.155 27.5988 0
      vertex 42.7814 40.5186 0
      vertex 37.25 26.15 0
    endloop
  endfacet
  facet normal 0 0 -1
    outer loop
      vertex 36.8718 23.2771 0
      vertex 42.45 12.0356 0
      vertex 42.2623 12.1282 0
    endloop
  endfacet
  facet normal 0 0 -1
    outer loop
      vertex 42.7814 40.5186 0
      vertex 37.155 27.5988 0
      vertex 42.624 40.3806 0
    endloop
  endfacet
  facet normal 0 0 -1
    outer loop
      vertex 36.8718 23.2771 0
      vertex 42.2623 12.1282 0
      vertex 42.0641 12.1955 0
    endloop
  endfacet
  facet normal 0 0 -1
    outer loop
      vertex 42.624 40.3806 0
      vertex 37.155 27.5988 0
      vertex 42.45 40.2644 0
    endloop
  endfacet
  facet normal 0 0 -1
    outer loop
      vertex 36.4051 21.9022 0
      vertex 42.0641 12.1955 0
      vertex 41.8588 12.2363 0
    endloop
  endfacet
  facet normal 0 0 -1
    outer loop
      vertex 36.8718 29.0229 0
      vertex 42.45 40.2644 0
      vertex 37.155 27.5988 0
    endloop
  endfacet
  facet normal 0 0 -1
    outer loop
      vertex 36.4051 21.9022 0
      vertex 41.8588 12.2363 0
      vertex 41.65 12.25 0
    endloop
  endfacet
  facet normal 0 0 -1
    outer loop
      vertex 42.45 40.2644 0
      vertex 36.8718 29.0229 0
      vertex 42.2623 40.1718 0
    endloop
  endfacet
  facet normal 0 0 -1
    outer loop
      vertex 35.7629 20.6 0
      vertex 41.65 12.25 0
      vertex 41.4412 12.2363 0
    endloop
  endfacet
  facet normal 0 0 -1
    outer loop
      vertex 42.2623 40.1718 0
      vertex 36.8718 29.0229 0
      vertex 42.0641 40.1045 0
    endloop
  endfacet
  facet normal 0 0 -1
    outer loop
      vertex 35.7629 20.6 0
      vertex 41.4412 12.2363 0
      vertex 41.2359 12.1955 0
    endloop
  endfacet
  facet normal 0 0 -1
    outer loop
      vertex 36.4051 30.3978 0
      vertex 42.0641 40.1045 0
      vertex 36.8718 29.0229 0
    endloop
  endfacet
  facet normal 0 0 -1
    outer loop
      vertex 34.9562 19.3927 0
      vertex 41.2359 12.1955 0
      vertex 41.0377 12.1282 0
    endloop
  endfacet
  facet normal 0 0 -1
    outer loop
      vertex 42.0641 40.1045 0
      vertex 36.4051 30.3978 0
      vertex 41.8588 40.0637 0
    endloop
  endfacet
  facet normal 0 0 -1
    outer loop
      vertex 34.9562 19.3927 0
      vertex 41.0377 12.1282 0
      vertex 40.85 12.0356 0
    endloop
  endfacet
  facet normal 0 0 -1
    outer loop
      vertex 41.8588 40.0637 0
      vertex 36.4051 30.3978 0
      vertex 41.65 40.05 0
    endloop
  endfacet
  facet normal 0 0 -1
    outer loop
      vertex 34.9562 19.3927 0
      vertex 40.85 12.0356 0
      vertex 40.676 11.9194 0
    endloop
  endfacet
  facet normal 0 0 -1
    outer loop
      vertex 35.7629 31.7 0
      vertex 41.65 40.05 0
      vertex 36.4051 30.3978 0
    endloop
  endfacet
  facet normal 0 0 -1
    outer loop
      vertex 33.9989 18.3011 0
      vertex 40.676 11.9194 0
      vertex 40.5186 11.7814 0
    endloop
  endfacet
  facet normal -0 0 -1
    outer loop
      vertex 41.65 40.05 0
      vertex 35.7629 31.7 0
      vertex 41.4412 40.0637 0
    endloop
  endfacet
  facet normal 0 0 -1
    outer loop
      vertex 33.9989 18.3011 0
      vertex 40.5186 11.7814 0
      vertex 40.3806 11.624 0
    endloop
  endfacet
  facet normal -0 0 -1
    outer loop
      vertex 41.4412 40.0637 0
      vertex 35.7629 31.7 0
      vertex 41.2359 40.1045 0
    endloop
  endfacet
  facet normal 0 0 -1
    outer loop
      vertex 32.9073 17.3438 0
      vertex 40.3806 11.624 0
      vertex 40.2644 11.45 0
    endloop
  endfacet
  facet normal 0 0 -1
    outer loop
      vertex 34.9562 32.9073 0
      vertex 41.2359 40.1045 0
      vertex 35.7629 31.7 0
    endloop
  endfacet
  facet normal 0 0 -1
    outer loop
      vertex 32.9073 17.3438 0
      vertex 40.2644 11.45 0
      vertex 40.1718 11.2623 0
    endloop
  endfacet
  facet normal -0 0 -1
    outer loop
      vertex 41.2359 40.1045 0
      vertex 34.9562 32.9073 0
      vertex 41.0377 40.1718 0
    endloop
  endfacet
  facet normal 0 0 -1
    outer loop
      vertex 32.6349 9.48492 0
      vertex 40.1718 11.2623 0
      vertex 40.1045 11.0641 0
    endloop
  endfacet
  facet normal -0 0 -1
    outer loop
      vertex 41.0377 40.1718 0
      vertex 34.9562 32.9073 0
      vertex 40.85 40.2644 0
    endloop
  endfacet
  facet normal 0 0 -1
    outer loop
      vertex 32.816 9.2784 0
      vertex 40.1045 11.0641 0
      vertex 40.0637 10.8588 0
    endloop
  endfacet
  facet normal -0 0 -1
    outer loop
      vertex 40.85 40.2644 0
      vertex 34.9562 32.9073 0
      vertex 40.676 40.3806 0
    endloop
  endfacet
  facet normal 0 0 -1
    outer loop
      vertex 32.9687 9.05 0
      vertex 40.0637 10.8588 0
      vertex 40.05 10.65 0
    endloop
  endfacet
  facet normal 0 0 -1
    outer loop
      vertex 33.9989 33.9989 0
      vertex 40.676 40.3806 0
      vertex 34.9562 32.9073 0
    endloop
  endfacet
  facet normal 0 0 -1
    outer loop
      vertex 43.2363 10.8588 0
      vertex 52.3 0 0
      vertex 43.25 10.65 0
    endloop
  endfacet
  facet normal 0 0 -1
    outer loop
      vertex 52.3 0 0
      vertex 43.2363 10.4412 0
      vertex 43.25 10.65 0
    endloop
  endfacet
  facet normal 0 0 -1
    outer loop
      vertex 52.3 0 0
      vertex 43.1955 10.2359 0
      vertex 43.2363 10.4412 0
    endloop
  endfacet
  facet normal 0 0 -1
    outer loop
      vertex 52.3 0 0
      vertex 43.1282 10.0377 0
      vertex 43.1955 10.2359 0
    endloop
  endfacet
  facet normal 0 0 -1
    outer loop
      vertex 52.3 0 0
      vertex 43.0356 9.85 0
      vertex 43.1282 10.0377 0
    endloop
  endfacet
  facet normal 0 0 -1
    outer loop
      vertex 52.3 0 0
      vertex 42.9194 9.67598 0
      vertex 43.0356 9.85 0
    endloop
  endfacet
  facet normal 0 0 -1
    outer loop
      vertex 52.3 0 0
      vertex 42.7814 9.51863 0
      vertex 42.9194 9.67598 0
    endloop
  endfacet
  facet normal 0 0 -1
    outer loop
      vertex 52.3 0 0
      vertex 42.624 9.38063 0
      vertex 42.7814 9.51863 0
    endloop
  endfacet
  facet normal 0 0 -1
    outer loop
      vertex 52.3 0 0
      vertex 42.45 9.26436 0
      vertex 42.624 9.38063 0
    endloop
  endfacet
  facet normal 0 0 -1
    outer loop
      vertex 52.3 0 0
      vertex 42.2623 9.17179 0
      vertex 42.45 9.26436 0
    endloop
  endfacet
  facet normal 0 0 -1
    outer loop
      vertex 52.3 0 0
      vertex 42.0641 9.10452 0
      vertex 42.2623 9.17179 0
    endloop
  endfacet
  facet normal 0 0 -1
    outer loop
      vertex 52.3 0 0
      vertex 41.8588 9.06369 0
      vertex 42.0641 9.10452 0
    endloop
  endfacet
  facet normal 0 0 -1
    outer loop
      vertex 52.3 0 0
      vertex 41.65 9.05 0
      vertex 41.8588 9.06369 0
    endloop
  endfacet
  facet normal 0 0 -1
    outer loop
      vertex 52.3 0 0
      vertex 41.4412 9.06369 0
      vertex 41.65 9.05 0
    endloop
  endfacet
  facet normal 0 0 -1
    outer loop
      vertex 32.4284 6.33396 0
      vertex 41.4412 9.06369 0
      vertex 52.3 0 0
    endloop
  endfacet
  facet normal 0 -0 -1
    outer loop
      vertex 32.6349 6.51508 0
      vertex 41.4412 9.06369 0
      vertex 32.4284 6.33396 0
    endloop
  endfacet
  facet normal -0 0 -1
    outer loop
      vertex 41.4412 9.06369 0
      vertex 32.6349 6.51508 0
      vertex 41.2359 9.10452 0
    endloop
  endfacet
  facet normal 0 -0 -1
    outer loop
      vertex 32.816 6.7216 0
      vertex 41.2359 9.10452 0
      vertex 32.6349 6.51508 0
    endloop
  endfacet
  facet normal -0 0 -1
    outer loop
      vertex 40.676 40.3806 0
      vertex 33.9989 33.9989 0
      vertex 40.5186 40.5186 0
    endloop
  endfacet
  facet normal 0 0 -1
    outer loop
      vertex 33.0901 8.80363 0
      vertex 40.05 10.65 0
      vertex 40.0637 10.4412 0
    endloop
  endfacet
  facet normal 0 0 -1
    outer loop
      vertex 42.7814 11.7814 0
      vertex 37.155 24.7012 0
      vertex 37.25 26.15 0
    endloop
  endfacet
  facet normal 0 0 -1
    outer loop
      vertex 33.1784 8.54352 0
      vertex 40.0637 10.4412 0
      vertex 40.1045 10.2359 0
    endloop
  endfacet
  facet normal 0 0 -1
    outer loop
      vertex 42.45 12.0356 0
      vertex 36.8718 23.2771 0
      vertex 37.155 24.7012 0
    endloop
  endfacet
  facet normal 0 0 -1
    outer loop
      vertex 42.0641 12.1955 0
      vertex 36.4051 21.9022 0
      vertex 36.8718 23.2771 0
    endloop
  endfacet
  facet normal 0 0 -1
    outer loop
      vertex 41.65 12.25 0
      vertex 35.7629 20.6 0
      vertex 36.4051 21.9022 0
    endloop
  endfacet
  facet normal 0 0 -1
    outer loop
      vertex 33.232 8.2741 0
      vertex 40.1045 10.2359 0
      vertex 40.1718 10.0377 0
    endloop
  endfacet
  facet normal 0 0 -1
    outer loop
      vertex 41.2359 12.1955 0
      vertex 34.9562 19.3927 0
      vertex 35.7629 20.6 0
    endloop
  endfacet
  facet normal 0 0 -1
    outer loop
      vertex 33.25 8 0
      vertex 40.1718 10.0377 0
      vertex 40.2644 9.85 0
    endloop
  endfacet
  facet normal 0 0 -1
    outer loop
      vertex 40.676 11.9194 0
      vertex 33.9989 18.3011 0
      vertex 34.9562 19.3927 0
    endloop
  endfacet
  facet normal 0 0 -1
    outer loop
      vertex 33.25 8 0
      vertex 40.2644 9.85 0
      vertex 40.3806 9.67598 0
    endloop
  endfacet
  facet normal 0 0 -1
    outer loop
      vertex 40.1718 10.0377 0
      vertex 33.25 8 0
      vertex 33.232 8.2741 0
    endloop
  endfacet
  facet normal 0 0 -1
    outer loop
      vertex 33.232 7.72589 0
      vertex 40.3806 9.67598 0
      vertex 40.5186 9.51863 0
    endloop
  endfacet
  facet normal 0 0 -1
    outer loop
      vertex 33.1784 7.45648 0
      vertex 40.5186 9.51863 0
      vertex 40.676 9.38063 0
    endloop
  endfacet
  facet normal 0 -0 -1
    outer loop
      vertex 32.9687 6.95 0
      vertex 41.0377 9.17179 0
      vertex 32.816 6.7216 0
    endloop
  endfacet
  facet normal 0 0 -1
    outer loop
      vertex 40.3806 9.67598 0
      vertex 33.232 7.72589 0
      vertex 33.25 8 0
    endloop
  endfacet
  facet normal 0 0 -1
    outer loop
      vertex 40.5186 9.51863 0
      vertex 33.1784 7.45648 0
      vertex 33.232 7.72589 0
    endloop
  endfacet
  facet normal 0 0 -1
    outer loop
      vertex 40.676 9.38063 0
      vertex 33.0901 7.19636 0
      vertex 33.1784 7.45648 0
    endloop
  endfacet
  facet normal -0 0 -1
    outer loop
      vertex 40.85 9.26436 0
      vertex 33.0901 7.19636 0
      vertex 40.676 9.38063 0
    endloop
  endfacet
  facet normal 0 -0 -1
    outer loop
      vertex 33.0901 7.19636 0
      vertex 40.85 9.26436 0
      vertex 32.9687 6.95 0
    endloop
  endfacet
  facet normal -0 0 -1
    outer loop
      vertex 41.0377 9.17179 0
      vertex 32.9687 6.95 0
      vertex 40.85 9.26436 0
    endloop
  endfacet
  facet normal -0 0 -1
    outer loop
      vertex 41.2359 9.10452 0
      vertex 32.816 6.7216 0
      vertex 41.0377 9.17179 0
    endloop
  endfacet
  facet normal 0 0 -1
    outer loop
      vertex 52.3 0 0
      vertex 32.2 6.18135 0
      vertex 32.4284 6.33396 0
    endloop
  endfacet
  facet normal 0 0 -1
    outer loop
      vertex 52.3 0 0
      vertex 31.9536 6.05985 0
      vertex 32.2 6.18135 0
    endloop
  endfacet
  facet normal 0 0 -1
    outer loop
      vertex 52.3 0 0
      vertex 31.6935 5.97156 0
      vertex 31.9536 6.05985 0
    endloop
  endfacet
  facet normal 0 0 -1
    outer loop
      vertex 52.3 0 0
      vertex 31.4241 5.91796 0
      vertex 31.6935 5.97156 0
    endloop
  endfacet
  facet normal 0 0 -1
    outer loop
      vertex 52.3 0 0
      vertex 31.15 5.9 0
      vertex 31.4241 5.91796 0
    endloop
  endfacet
  facet normal 0 0 -1
    outer loop
      vertex 52.3 0 0
      vertex 21.15 5.9 0
      vertex 31.15 5.9 0
    endloop
  endfacet
  facet normal 0 0 -1
    outer loop
      vertex 0 0 0
      vertex 21.15 5.9 0
      vertex 52.3 0 0
    endloop
  endfacet
  facet normal 0 0 -1
    outer loop
      vertex 12.0356 9.85 0
      vertex 19.05 8 0
      vertex 19.068 7.72589 0
    endloop
  endfacet
  facet normal 0 0 -1
    outer loop
      vertex 12.2363 10.8588 0
      vertex 19.05 8 0
      vertex 12.25 10.65 0
    endloop
  endfacet
  facet normal 0 0 -1
    outer loop
      vertex 19.6651 9.48492 0
      vertex 12.1282 11.2623 0
      vertex 19.8716 9.66604 0
    endloop
  endfacet
  facet normal 0 0 -1
    outer loop
      vertex 19.8716 9.66604 0
      vertex 12.1282 11.2623 0
      vertex 19.3927 17.3438 0
    endloop
  endfacet
  facet normal 0 0 -1
    outer loop
      vertex 11.7814 9.51863 0
      vertex 19.068 7.72589 0
      vertex 19.1216 7.45648 0
    endloop
  endfacet
  facet normal 0 0 -1
    outer loop
      vertex 12.0356 11.45 0
      vertex 19.3927 17.3438 0
      vertex 12.1282 11.2623 0
    endloop
  endfacet
  facet normal 0 0 -1
    outer loop
      vertex 11.7814 11.7814 0
      vertex 18.3011 18.3011 0
      vertex 11.9194 11.624 0
    endloop
  endfacet
  facet normal -0 0 -1
    outer loop
      vertex 19.3927 17.3438 0
      vertex 11.9194 11.624 0
      vertex 18.3011 18.3011 0
    endloop
  endfacet
  facet normal 0 0 -1
    outer loop
      vertex 11.9194 11.624 0
      vertex 19.3927 17.3438 0
      vertex 12.0356 11.45 0
    endloop
  endfacet
  facet normal 0 0 -1
    outer loop
      vertex 11.624 9.38063 0
      vertex 19.1216 7.45648 0
      vertex 19.2099 7.19636 0
    endloop
  endfacet
  facet normal 0 0 -1
    outer loop
      vertex 11.45 9.26436 0
      vertex 19.2099 7.19636 0
      vertex 19.3313 6.95 0
    endloop
  endfacet
  facet normal 0 0 -1
    outer loop
      vertex 11.2623 9.17179 0
      vertex 19.3313 6.95 0
      vertex 19.484 6.7216 0
    endloop
  endfacet
  facet normal 0 0 -1
    outer loop
      vertex 11.0641 9.10452 0
      vertex 19.484 6.7216 0
      vertex 19.6651 6.51508 0
    endloop
  endfacet
  facet normal 0 0 -1
    outer loop
      vertex 10.8588 9.06369 0
      vertex 19.6651 6.51508 0
      vertex 19.8716 6.33396 0
    endloop
  endfacet
  facet normal 0 0 -1
    outer loop
      vertex 0 0 0
      vertex 19.8716 6.33396 0
      vertex 20.1 6.18135 0
    endloop
  endfacet
  facet normal 0 0 -1
    outer loop
      vertex 19.05 8 0
      vertex 12.2363 10.4412 0
      vertex 12.25 10.65 0
    endloop
  endfacet
  facet normal 0 0 -1
    outer loop
      vertex 19.05 8 0
      vertex 12.1955 10.2359 0
      vertex 12.2363 10.4412 0
    endloop
  endfacet
  facet normal 0 0 -1
    outer loop
      vertex 19.05 8 0
      vertex 12.1282 10.0377 0
      vertex 12.1955 10.2359 0
    endloop
  endfacet
  facet normal 0 0 -1
    outer loop
      vertex 0 0 0
      vertex 20.1 6.18135 0
      vertex 20.3464 6.05985 0
    endloop
  endfacet
  facet normal 0 0 -1
    outer loop
      vertex 19.05 8 0
      vertex 12.0356 9.85 0
      vertex 12.1282 10.0377 0
    endloop
  endfacet
  facet normal 0 0 -1
    outer loop
      vertex 19.068 7.72589 0
      vertex 11.9194 9.67598 0
      vertex 12.0356 9.85 0
    endloop
  endfacet
  facet normal 0 0 -1
    outer loop
      vertex 19.068 7.72589 0
      vertex 11.7814 9.51863 0
      vertex 11.9194 9.67598 0
    endloop
  endfacet
  facet normal 0 0 -1
    outer loop
      vertex 19.1216 7.45648 0
      vertex 11.624 9.38063 0
      vertex 11.7814 9.51863 0
    endloop
  endfacet
  facet normal 0 0 -1
    outer loop
      vertex 19.2099 7.19636 0
      vertex 11.45 9.26436 0
      vertex 11.624 9.38063 0
    endloop
  endfacet
  facet normal 0 0 -1
    outer loop
      vertex 19.3313 6.95 0
      vertex 11.2623 9.17179 0
      vertex 11.45 9.26436 0
    endloop
  endfacet
  facet normal 0 0 -1
    outer loop
      vertex 19.484 6.7216 0
      vertex 11.0641 9.10452 0
      vertex 11.2623 9.17179 0
    endloop
  endfacet
  facet normal 0 0 -1
    outer loop
      vertex 0 0 0
      vertex 20.3464 6.05985 0
      vertex 20.6065 5.97156 0
    endloop
  endfacet
  facet normal 0 0 -1
    outer loop
      vertex 19.6651 6.51508 0
      vertex 10.8588 9.06369 0
      vertex 11.0641 9.10452 0
    endloop
  endfacet
  facet normal -0 0 -1
    outer loop
      vertex 19.8716 6.33396 0
      vertex 0 0 0
      vertex 10.8588 9.06369 0
    endloop
  endfacet
  facet normal 0 0 -1
    outer loop
      vertex 10.8588 9.06369 0
      vertex 0 0 0
      vertex 10.65 9.05 0
    endloop
  endfacet
  facet normal -0 0 -1
    outer loop
      vertex 10.65 9.05 0
      vertex 0 0 0
      vertex 10.4412 9.06369 0
    endloop
  endfacet
  facet normal 0 0 -1
    outer loop
      vertex 9.10452 41.2359 0
      vertex 0 52.3 0
      vertex 9.06369 41.4412 0
    endloop
  endfacet
  facet normal -0 0 -1
    outer loop
      vertex 9.06369 10.4412 0
      vertex 0 0 0
      vertex 9.05 10.65 0
    endloop
  endfacet
  facet normal -0 0 -1
    outer loop
      vertex 9.10452 10.2359 0
      vertex 0 0 0
      vertex 9.06369 10.4412 0
    endloop
  endfacet
  facet normal -0 0 -1
    outer loop
      vertex 9.17179 10.0377 0
      vertex 0 0 0
      vertex 9.10452 10.2359 0
    endloop
  endfacet
  facet normal -0 0 -1
    outer loop
      vertex 9.26436 9.85 0
      vertex 0 0 0
      vertex 9.17179 10.0377 0
    endloop
  endfacet
  facet normal -0 0 -1
    outer loop
      vertex 9.38063 9.67598 0
      vertex 0 0 0
      vertex 9.26436 9.85 0
    endloop
  endfacet
  facet normal -0 0 -1
    outer loop
      vertex 9.51863 9.51863 0
      vertex 0 0 0
      vertex 9.38063 9.67598 0
    endloop
  endfacet
  facet normal -0 0 -1
    outer loop
      vertex 9.67598 9.38063 0
      vertex 0 0 0
      vertex 9.51863 9.51863 0
    endloop
  endfacet
  facet normal -0 0 -1
    outer loop
      vertex 9.85 9.26436 0
      vertex 0 0 0
      vertex 9.67598 9.38063 0
    endloop
  endfacet
  facet normal -0 0 -1
    outer loop
      vertex 10.0377 9.17179 0
      vertex 0 0 0
      vertex 9.85 9.26436 0
    endloop
  endfacet
  facet normal -0 0 -1
    outer loop
      vertex 10.2359 9.10452 0
      vertex 0 0 0
      vertex 10.0377 9.17179 0
    endloop
  endfacet
  facet normal -0 0 -1
    outer loop
      vertex 10.4412 9.06369 0
      vertex 0 0 0
      vertex 10.2359 9.10452 0
    endloop
  endfacet
  facet normal -0 0 -1
    outer loop
      vertex 20.8759 5.91796 0
      vertex 0 0 0
      vertex 20.6065 5.97156 0
    endloop
  endfacet
  facet normal -0 0 -1
    outer loop
      vertex 21.15 5.9 0
      vertex 0 0 0
      vertex 20.8759 5.91796 0
    endloop
  endfacet
  facet normal 0 0 -1
    outer loop
      vertex 43.1955 11.0641 0
      vertex 52.3 0 0
      vertex 43.2363 10.8588 0
    endloop
  endfacet
  facet normal 0 0 -1
    outer loop
      vertex 43.2363 41.8588 0
      vertex 52.3 52.3 0
      vertex 43.25 41.65 0
    endloop
  endfacet
  facet normal 0 0 -1
    outer loop
      vertex 43.1955 42.0641 0
      vertex 52.3 52.3 0
      vertex 43.2363 41.8588 0
    endloop
  endfacet
  facet normal 0 0 -1
    outer loop
      vertex 43.1282 42.2623 0
      vertex 52.3 52.3 0
      vertex 43.1955 42.0641 0
    endloop
  endfacet
  facet normal 0 0 -1
    outer loop
      vertex 43.0356 42.45 0
      vertex 52.3 52.3 0
      vertex 43.1282 42.2623 0
    endloop
  endfacet
  facet normal 0 0 -1
    outer loop
      vertex 42.9194 42.624 0
      vertex 52.3 52.3 0
      vertex 43.0356 42.45 0
    endloop
  endfacet
  facet normal 0 0 -1
    outer loop
      vertex 42.7814 42.7814 0
      vertex 52.3 52.3 0
      vertex 42.9194 42.624 0
    endloop
  endfacet
  facet normal 0 0 -1
    outer loop
      vertex 42.624 42.9194 0
      vertex 52.3 52.3 0
      vertex 42.7814 42.7814 0
    endloop
  endfacet
  facet normal 0 0 -1
    outer loop
      vertex 42.45 43.0356 0
      vertex 52.3 52.3 0
      vertex 42.624 42.9194 0
    endloop
  endfacet
  facet normal 0 0 -1
    outer loop
      vertex 42.2623 43.1282 0
      vertex 52.3 52.3 0
      vertex 42.45 43.0356 0
    endloop
  endfacet
  facet normal 0 0 -1
    outer loop
      vertex 42.0641 43.1955 0
      vertex 52.3 52.3 0
      vertex 42.2623 43.1282 0
    endloop
  endfacet
  facet normal 0 0 -1
    outer loop
      vertex 41.8588 43.2363 0
      vertex 52.3 52.3 0
      vertex 42.0641 43.1955 0
    endloop
  endfacet
  facet normal 0 0 -1
    outer loop
      vertex 41.65 43.25 0
      vertex 52.3 52.3 0
      vertex 41.8588 43.2363 0
    endloop
  endfacet
  facet normal 0 0 -1
    outer loop
      vertex 41.4412 43.2363 0
      vertex 52.3 52.3 0
      vertex 41.65 43.25 0
    endloop
  endfacet
  facet normal 0 0 -1
    outer loop
      vertex 32.6349 45.7849 0
      vertex 41.4412 43.2363 0
      vertex 41.2359 43.1955 0
    endloop
  endfacet
  facet normal 0 0 -1
    outer loop
      vertex 32.816 45.5784 0
      vertex 41.2359 43.1955 0
      vertex 41.0377 43.1282 0
    endloop
  endfacet
  facet normal 0 0 -1
    outer loop
      vertex 32.9687 45.35 0
      vertex 41.0377 43.1282 0
      vertex 40.85 43.0356 0
    endloop
  endfacet
  facet normal 0 0 -1
    outer loop
      vertex 33.0901 45.1036 0
      vertex 40.85 43.0356 0
      vertex 40.676 42.9194 0
    endloop
  endfacet
  facet normal -0 0 -1
    outer loop
      vertex 40.5186 40.5186 0
      vertex 33.9989 33.9989 0
      vertex 40.3806 40.676 0
    endloop
  endfacet
  facet normal 0 0 -1
    outer loop
      vertex 32.9073 34.9562 0
      vertex 40.3806 40.676 0
      vertex 33.9989 33.9989 0
    endloop
  endfacet
  facet normal -0 0 -1
    outer loop
      vertex 40.3806 40.676 0
      vertex 32.9073 34.9562 0
      vertex 40.2644 40.85 0
    endloop
  endfacet
  facet normal -0 0 -1
    outer loop
      vertex 40.2644 40.85 0
      vertex 32.9073 34.9562 0
      vertex 40.1718 41.0377 0
    endloop
  endfacet
  facet normal 0 0 -1
    outer loop
      vertex 33.232 44.0259 0
      vertex 40.1045 41.2359 0
      vertex 40.1718 41.0377 0
    endloop
  endfacet
  facet normal 0 0 -1
    outer loop
      vertex 33.232 44.0259 0
      vertex 40.0637 41.4412 0
      vertex 40.1045 41.2359 0
    endloop
  endfacet
  facet normal 0 0 -1
    outer loop
      vertex 33.232 44.0259 0
      vertex 40.05 41.65 0
      vertex 40.0637 41.4412 0
    endloop
  endfacet
  facet normal 0 0 -1
    outer loop
      vertex 33.232 44.0259 0
      vertex 40.0637 41.8588 0
      vertex 40.05 41.65 0
    endloop
  endfacet
  facet normal 0 0 -1
    outer loop
      vertex 33.232 44.0259 0
      vertex 40.1045 42.0641 0
      vertex 40.0637 41.8588 0
    endloop
  endfacet
  facet normal 0 0 -1
    outer loop
      vertex 33.232 44.0259 0
      vertex 40.1718 42.2623 0
      vertex 40.1045 42.0641 0
    endloop
  endfacet
  facet normal 0 0 -1
    outer loop
      vertex 40.1718 42.2623 0
      vertex 33.25 44.3 0
      vertex 40.2644 42.45 0
    endloop
  endfacet
  facet normal 0 0 -1
    outer loop
      vertex 40.2644 42.45 0
      vertex 33.25 44.3 0
      vertex 40.3806 42.624 0
    endloop
  endfacet
  facet normal 0 0 -1
    outer loop
      vertex 33.232 44.5741 0
      vertex 40.3806 42.624 0
      vertex 33.25 44.3 0
    endloop
  endfacet
  facet normal 0 0 -1
    outer loop
      vertex 40.3806 42.624 0
      vertex 33.232 44.5741 0
      vertex 40.5186 42.7814 0
    endloop
  endfacet
  facet normal 0 0 -1
    outer loop
      vertex 33.1784 44.8435 0
      vertex 40.5186 42.7814 0
      vertex 33.232 44.5741 0
    endloop
  endfacet
  facet normal 0 0 -1
    outer loop
      vertex 40.5186 42.7814 0
      vertex 33.1784 44.8435 0
      vertex 40.676 42.9194 0
    endloop
  endfacet
  facet normal 0 0 -1
    outer loop
      vertex 33.0901 45.1036 0
      vertex 40.676 42.9194 0
      vertex 33.1784 44.8435 0
    endloop
  endfacet
  facet normal 0 0 -1
    outer loop
      vertex 40.85 43.0356 0
      vertex 33.0901 45.1036 0
      vertex 32.9687 45.35 0
    endloop
  endfacet
  facet normal 0 0 -1
    outer loop
      vertex 41.0377 43.1282 0
      vertex 32.9687 45.35 0
      vertex 32.816 45.5784 0
    endloop
  endfacet
  facet normal 0 0 -1
    outer loop
      vertex 41.2359 43.1955 0
      vertex 32.816 45.5784 0
      vertex 32.6349 45.7849 0
    endloop
  endfacet
  facet normal 0 0 -1
    outer loop
      vertex 41.4412 43.2363 0
      vertex 32.6349 45.7849 0
      vertex 32.4284 45.966 0
    endloop
  endfacet
  facet normal 0 0 -1
    outer loop
      vertex 41.4412 43.2363 0
      vertex 32.4284 45.966 0
      vertex 52.3 52.3 0
    endloop
  endfacet
  facet normal 0 0 -1
    outer loop
      vertex 32.2 46.1187 0
      vertex 52.3 52.3 0
      vertex 32.4284 45.966 0
    endloop
  endfacet
  facet normal 0 0 -1
    outer loop
      vertex 31.9536 46.2401 0
      vertex 52.3 52.3 0
      vertex 32.2 46.1187 0
    endloop
  endfacet
  facet normal 0 0 -1
    outer loop
      vertex 31.6935 46.3284 0
      vertex 52.3 52.3 0
      vertex 31.9536 46.2401 0
    endloop
  endfacet
  facet normal 0 0 -1
    outer loop
      vertex 31.4241 46.382 0
      vertex 52.3 52.3 0
      vertex 31.6935 46.3284 0
    endloop
  endfacet
  facet normal 0 0 -1
    outer loop
      vertex 31.15 46.4 0
      vertex 52.3 52.3 0
      vertex 31.4241 46.382 0
    endloop
  endfacet
  facet normal 0 0 -1
    outer loop
      vertex 21.15 46.4 0
      vertex 52.3 52.3 0
      vertex 31.15 46.4 0
    endloop
  endfacet
  facet normal 0 0 -1
    outer loop
      vertex 0 52.3 0
      vertex 21.15 46.4 0
      vertex 20.8759 46.382 0
    endloop
  endfacet
  facet normal 0 0 -1
    outer loop
      vertex 12.1955 42.0641 0
      vertex 19.1216 43.7565 0
      vertex 12.2363 41.8588 0
    endloop
  endfacet
  facet normal 0 0 -1
    outer loop
      vertex 12.25 41.65 0
      vertex 18.3011 33.9989 0
      vertex 17.3438 32.9073 0
    endloop
  endfacet
  facet normal 0 0 -1
    outer loop
      vertex 12.25 41.65 0
      vertex 17.3438 32.9073 0
      vertex 16.5371 31.7 0
    endloop
  endfacet
  facet normal 0 0 -1
    outer loop
      vertex 12.25 41.65 0
      vertex 16.5371 31.7 0
      vertex 15.8949 30.3978 0
    endloop
  endfacet
  facet normal -0 0 -1
    outer loop
      vertex 19.1216 43.7565 0
      vertex 12.1955 42.0641 0
      vertex 19.068 44.0259 0
    endloop
  endfacet
  facet normal 0 0 -1
    outer loop
      vertex 12.25 41.65 0
      vertex 15.8949 30.3978 0
      vertex 15.4282 29.0229 0
    endloop
  endfacet
  facet normal 0 0 -1
    outer loop
      vertex 11.624 11.9194 0
      vertex 18.3011 18.3011 0
      vertex 11.7814 11.7814 0
    endloop
  endfacet
  facet normal 0 0 -1
    outer loop
      vertex 15.05 26.15 0
      vertex 12.25 41.65 0
      vertex 15.145 27.5988 0
    endloop
  endfacet
  facet normal 0 0 -1
    outer loop
      vertex 12.25 41.65 0
      vertex 15.4282 29.0229 0
      vertex 15.145 27.5988 0
    endloop
  endfacet
  facet normal 0 0 -1
    outer loop
      vertex 12.1282 42.2623 0
      vertex 19.068 44.0259 0
      vertex 12.1955 42.0641 0
    endloop
  endfacet
  facet normal -0 0 -1
    outer loop
      vertex 19.068 44.0259 0
      vertex 12.1282 42.2623 0
      vertex 19.05 44.3 0
    endloop
  endfacet
  facet normal 0 0 -1
    outer loop
      vertex 12.0356 42.45 0
      vertex 19.05 44.3 0
      vertex 12.1282 42.2623 0
    endloop
  endfacet
  facet normal -0 0 -1
    outer loop
      vertex 19.05 44.3 0
      vertex 12.0356 42.45 0
      vertex 19.068 44.5741 0
    endloop
  endfacet
  facet normal 0 0 -1
    outer loop
      vertex 11.9194 42.624 0
      vertex 19.068 44.5741 0
      vertex 12.0356 42.45 0
    endloop
  endfacet
  facet normal 0 0 -1
    outer loop
      vertex 11.7814 42.7814 0
      vertex 19.068 44.5741 0
      vertex 11.9194 42.624 0
    endloop
  endfacet
  facet normal -0 0 -1
    outer loop
      vertex 19.068 44.5741 0
      vertex 11.7814 42.7814 0
      vertex 19.1216 44.8435 0
    endloop
  endfacet
  facet normal 0 0 -1
    outer loop
      vertex 11.624 42.9194 0
      vertex 19.1216 44.8435 0
      vertex 11.7814 42.7814 0
    endloop
  endfacet
  facet normal -0 0 -1
    outer loop
      vertex 19.1216 44.8435 0
      vertex 11.624 42.9194 0
      vertex 19.2099 45.1036 0
    endloop
  endfacet
  facet normal 0 0 -1
    outer loop
      vertex 11.45 43.0356 0
      vertex 19.2099 45.1036 0
      vertex 11.624 42.9194 0
    endloop
  endfacet
  facet normal -0 0 -1
    outer loop
      vertex 19.2099 45.1036 0
      vertex 11.45 43.0356 0
      vertex 19.3313 45.35 0
    endloop
  endfacet
  facet normal 0 0 -1
    outer loop
      vertex 11.2623 43.1282 0
      vertex 19.3313 45.35 0
      vertex 11.45 43.0356 0
    endloop
  endfacet
  facet normal -0 0 -1
    outer loop
      vertex 19.3313 45.35 0
      vertex 11.2623 43.1282 0
      vertex 19.484 45.5784 0
    endloop
  endfacet
  facet normal 0 0 -1
    outer loop
      vertex 11.0641 43.1955 0
      vertex 19.484 45.5784 0
      vertex 11.2623 43.1282 0
    endloop
  endfacet
  facet normal -0 0 -1
    outer loop
      vertex 19.484 45.5784 0
      vertex 11.0641 43.1955 0
      vertex 19.6651 45.7849 0
    endloop
  endfacet
  facet normal 0 0 -1
    outer loop
      vertex 10.8588 43.2363 0
      vertex 19.6651 45.7849 0
      vertex 11.0641 43.1955 0
    endloop
  endfacet
  facet normal -0 0 -1
    outer loop
      vertex 19.6651 45.7849 0
      vertex 10.8588 43.2363 0
      vertex 19.8716 45.966 0
    endloop
  endfacet
  facet normal 0 0 -1
    outer loop
      vertex 0 52.3 0
      vertex 19.8716 45.966 0
      vertex 10.8588 43.2363 0
    endloop
  endfacet
  facet normal 0 0 -1
    outer loop
      vertex 19.8716 45.966 0
      vertex 0 52.3 0
      vertex 20.1 46.1187 0
    endloop
  endfacet
  facet normal 0 0 -1
    outer loop
      vertex 20.1 46.1187 0
      vertex 0 52.3 0
      vertex 20.3464 46.2401 0
    endloop
  endfacet
  facet normal 0 0 -1
    outer loop
      vertex 0 52.3 0
      vertex 10.8588 43.2363 0
      vertex 10.65 43.25 0
    endloop
  endfacet
  facet normal 0 0 -1
    outer loop
      vertex 0 52.3 0
      vertex 10.65 43.25 0
      vertex 10.4412 43.2363 0
    endloop
  endfacet
  facet normal 0 0 -1
    outer loop
      vertex 0 52.3 0
      vertex 10.4412 43.2363 0
      vertex 10.2359 43.1955 0
    endloop
  endfacet
  facet normal 0 0 -1
    outer loop
      vertex 9.06369 41.4412 0
      vertex 0 52.3 0
      vertex 9.05 41.65 0
    endloop
  endfacet
  facet normal 0 0 -1
    outer loop
      vertex 9.05 41.65 0
      vertex 0 52.3 0
      vertex 9.06369 41.8588 0
    endloop
  endfacet
  facet normal 0 0 -1
    outer loop
      vertex 21.15 46.4 0
      vertex 0 52.3 0
      vertex 52.3 52.3 0
    endloop
  endfacet
  facet normal 0 0 -1
    outer loop
      vertex 20.6065 46.3284 0
      vertex 0 52.3 0
      vertex 20.8759 46.382 0
    endloop
  endfacet
  facet normal 0 0 -1
    outer loop
      vertex 20.3464 46.2401 0
      vertex 0 52.3 0
      vertex 20.6065 46.3284 0
    endloop
  endfacet
  facet normal 0 0 -1
    outer loop
      vertex 10.0377 43.1282 0
      vertex 0 52.3 0
      vertex 10.2359 43.1955 0
    endloop
  endfacet
  facet normal 0 0 -1
    outer loop
      vertex 9.85 43.0356 0
      vertex 0 52.3 0
      vertex 10.0377 43.1282 0
    endloop
  endfacet
  facet normal 0 0 -1
    outer loop
      vertex 9.67598 42.9194 0
      vertex 0 52.3 0
      vertex 9.85 43.0356 0
    endloop
  endfacet
  facet normal 0 0 -1
    outer loop
      vertex 9.51863 42.7814 0
      vertex 0 52.3 0
      vertex 9.67598 42.9194 0
    endloop
  endfacet
  facet normal 0 0 -1
    outer loop
      vertex 9.38063 42.624 0
      vertex 0 52.3 0
      vertex 9.51863 42.7814 0
    endloop
  endfacet
  facet normal 0 0 -1
    outer loop
      vertex 9.26436 42.45 0
      vertex 0 52.3 0
      vertex 9.38063 42.624 0
    endloop
  endfacet
  facet normal 0 0 -1
    outer loop
      vertex 9.17179 42.2623 0
      vertex 0 52.3 0
      vertex 9.26436 42.45 0
    endloop
  endfacet
  facet normal 0 0 -1
    outer loop
      vertex 9.10452 42.0641 0
      vertex 0 52.3 0
      vertex 9.17179 42.2623 0
    endloop
  endfacet
  facet normal 0 0 -1
    outer loop
      vertex 9.06369 41.8588 0
      vertex 0 52.3 0
      vertex 9.10452 42.0641 0
    endloop
  endfacet
  facet normal 0 0 -1
    outer loop
      vertex 40.1045 10.2359 0
      vertex 33.232 8.2741 0
      vertex 33.1784 8.54352 0
    endloop
  endfacet
  facet normal 0 0 -1
    outer loop
      vertex 40.0637 10.4412 0
      vertex 33.1784 8.54352 0
      vertex 33.0901 8.80363 0
    endloop
  endfacet
  facet normal 0 0 -1
    outer loop
      vertex 40.05 10.65 0
      vertex 33.0901 8.80363 0
      vertex 32.9687 9.05 0
    endloop
  endfacet
  facet normal 0 0 -1
    outer loop
      vertex 40.0637 10.8588 0
      vertex 32.9687 9.05 0
      vertex 32.816 9.2784 0
    endloop
  endfacet
  facet normal 0 0 -1
    outer loop
      vertex 40.1045 11.0641 0
      vertex 32.816 9.2784 0
      vertex 32.6349 9.48492 0
    endloop
  endfacet
  facet normal 0 0 -1
    outer loop
      vertex 40.3806 11.624 0
      vertex 32.9073 17.3438 0
      vertex 33.9989 18.3011 0
    endloop
  endfacet
  facet normal 0 0 -1
    outer loop
      vertex 40.1718 11.2623 0
      vertex 32.6349 9.48492 0
      vertex 32.4284 9.66604 0
    endloop
  endfacet
  facet normal -0 0 -1
    outer loop
      vertex 40.1718 11.2623 0
      vertex 32.4284 9.66604 0
      vertex 32.9073 17.3438 0
    endloop
  endfacet
  facet normal 0 0 -1
    outer loop
      vertex 32.2 9.81865 0
      vertex 32.9073 17.3438 0
      vertex 32.4284 9.66604 0
    endloop
  endfacet
  facet normal 0 0 -1
    outer loop
      vertex 31.7 16.5371 0
      vertex 32.2 9.81865 0
      vertex 31.9536 9.94015 0
    endloop
  endfacet
  facet normal 0 0 -1
    outer loop
      vertex 32.2 9.81865 0
      vertex 31.7 16.5371 0
      vertex 32.9073 17.3438 0
    endloop
  endfacet
  facet normal 0 0 -1
    outer loop
      vertex 31.6935 10.0284 0
      vertex 31.7 16.5371 0
      vertex 31.9536 9.94015 0
    endloop
  endfacet
  facet normal 0 0 -1
    outer loop
      vertex 30.3978 15.8949 0
      vertex 31.6935 10.0284 0
      vertex 31.4241 10.082 0
    endloop
  endfacet
  facet normal 0 0 -1
    outer loop
      vertex 30.3978 15.8949 0
      vertex 31.4241 10.082 0
      vertex 31.15 10.1 0
    endloop
  endfacet
  facet normal 0 0 -1
    outer loop
      vertex 31.6935 10.0284 0
      vertex 30.3978 15.8949 0
      vertex 31.7 16.5371 0
    endloop
  endfacet
  facet normal 0 0 -1
    outer loop
      vertex 31.15 10.1 0
      vertex 29.0229 15.4282 0
      vertex 30.3978 15.8949 0
    endloop
  endfacet
  facet normal 0 0 -1
    outer loop
      vertex 31.15 10.1 0
      vertex 27.5988 15.145 0
      vertex 29.0229 15.4282 0
    endloop
  endfacet
  facet normal 0 0 -1
    outer loop
      vertex 31.15 10.1 0
      vertex 26.15 15.05 0
      vertex 27.5988 15.145 0
    endloop
  endfacet
  facet normal 0 0 -1
    outer loop
      vertex 21.15 10.1 0
      vertex 26.15 15.05 0
      vertex 31.15 10.1 0
    endloop
  endfacet
  facet normal -0 0 -1
    outer loop
      vertex 26.15 15.05 0
      vertex 21.15 10.1 0
      vertex 24.7012 15.145 0
    endloop
  endfacet
  facet normal -0 0 -1
    outer loop
      vertex 24.7012 15.145 0
      vertex 21.15 10.1 0
      vertex 23.2771 15.4282 0
    endloop
  endfacet
  facet normal -0 0 -1
    outer loop
      vertex 23.2771 15.4282 0
      vertex 21.15 10.1 0
      vertex 21.9022 15.8949 0
    endloop
  endfacet
  facet normal 0 0 -1
    outer loop
      vertex 20.8759 10.082 0
      vertex 21.9022 15.8949 0
      vertex 21.15 10.1 0
    endloop
  endfacet
  facet normal 0 0 -1
    outer loop
      vertex 20.6065 10.0284 0
      vertex 21.9022 15.8949 0
      vertex 20.8759 10.082 0
    endloop
  endfacet
  facet normal 0 0 -1
    outer loop
      vertex 20.6065 10.0284 0
      vertex 20.6 16.5371 0
      vertex 21.9022 15.8949 0
    endloop
  endfacet
  facet normal 0 0 -1
    outer loop
      vertex 20.3464 9.94015 0
      vertex 20.6 16.5371 0
      vertex 20.6065 10.0284 0
    endloop
  endfacet
  facet normal 0 0 -1
    outer loop
      vertex 20.1 9.81865 0
      vertex 20.6 16.5371 0
      vertex 20.3464 9.94015 0
    endloop
  endfacet
  facet normal 0 0 -1
    outer loop
      vertex 19.3927 17.3438 0
      vertex 20.1 9.81865 0
      vertex 19.8716 9.66604 0
    endloop
  endfacet
  facet normal 0 0 -1
    outer loop
      vertex 12.1282 11.2623 0
      vertex 19.6651 9.48492 0
      vertex 12.1955 11.0641 0
    endloop
  endfacet
  facet normal 0 0 -1
    outer loop
      vertex 12.1955 11.0641 0
      vertex 19.484 9.2784 0
      vertex 12.2363 10.8588 0
    endloop
  endfacet
  facet normal 0 0 -1
    outer loop
      vertex 20.1 9.81865 0
      vertex 19.3927 17.3438 0
      vertex 20.6 16.5371 0
    endloop
  endfacet
  facet normal 0 0 -1
    outer loop
      vertex 12.2363 10.8588 0
      vertex 19.484 9.2784 0
      vertex 19.3313 9.05 0
    endloop
  endfacet
  facet normal 0 0 -1
    outer loop
      vertex 12.2363 10.8588 0
      vertex 19.3313 9.05 0
      vertex 19.2099 8.80363 0
    endloop
  endfacet
  facet normal 0 0 -1
    outer loop
      vertex 12.2363 10.8588 0
      vertex 19.2099 8.80363 0
      vertex 19.1216 8.54352 0
    endloop
  endfacet
  facet normal 0 0 -1
    outer loop
      vertex 12.2363 10.8588 0
      vertex 19.1216 8.54352 0
      vertex 19.068 8.2741 0
    endloop
  endfacet
  facet normal 0 0 -1
    outer loop
      vertex 12.2363 10.8588 0
      vertex 19.068 8.2741 0
      vertex 19.05 8 0
    endloop
  endfacet
  facet normal 0 0 -1
    outer loop
      vertex 19.484 9.2784 0
      vertex 12.1955 11.0641 0
      vertex 19.6651 9.48492 0
    endloop
  endfacet
  facet normal 0 -1 0
    outer loop
      vertex 0 0 0
      vertex 52.3 0 5
      vertex 0 0 5
    endloop
  endfacet
  facet normal 0 -1 -0
    outer loop
      vertex 52.3 0 5
      vertex 0 0 0
      vertex 52.3 0 0
    endloop
  endfacet
endsolid OpenSCAD_Model
