solid OpenSCAD_Model
  facet normal -0.997854 -0.0654722 0
    outer loop
      vertex 41.6 20 0
      vertex 41.5863 20.2088 6
      vertex 41.5863 20.2088 0
    endloop
  endfacet
  facet normal -0.997854 -0.0654722 0
    outer loop
      vertex 41.5863 20.2088 6
      vertex 41.6 20 0
      vertex 41.6 20 6
    endloop
  endfacet
  facet normal 0.0654722 -0.997854 0
    outer loop
      vertex 39.7912 21.5863 0
      vertex 40 21.6 6
      vertex 39.7912 21.5863 6
    endloop
  endfacet
  facet normal 0.0654722 -0.997854 0
    outer loop
      vertex 40 21.6 6
      vertex 39.7912 21.5863 0
      vertex 40 21.6 0
    endloop
  endfacet
  facet normal -0.659248 -0.751925 0
    outer loop
      vertex 40.974 21.2694 0
      vertex 41.1314 21.1314 6
      vertex 40.974 21.2694 6
    endloop
  endfacet
  facet normal -0.659248 -0.751925 -0
    outer loop
      vertex 41.1314 21.1314 6
      vertex 40.974 21.2694 0
      vertex 41.1314 21.1314 0
    endloop
  endfacet
  facet normal 0.751925 -0.659248 0
    outer loop
      vertex 38.7306 20.974 6
      vertex 38.8686 21.1314 0
      vertex 38.8686 21.1314 6
    endloop
  endfacet
  facet normal 0.751925 -0.659248 0
    outer loop
      vertex 38.8686 21.1314 0
      vertex 38.7306 20.974 6
      vertex 38.7306 20.974 0
    endloop
  endfacet
  facet normal 0.442429 -0.896803 0
    outer loop
      vertex 39.2 21.3856 0
      vertex 39.3877 21.4782 6
      vertex 39.2 21.3856 6
    endloop
  endfacet
  facet normal 0.442429 -0.896803 0
    outer loop
      vertex 39.3877 21.4782 6
      vertex 39.2 21.3856 0
      vertex 39.3877 21.4782 0
    endloop
  endfacet
  facet normal -0.896803 -0.442429 0
    outer loop
      vertex 41.4782 20.6123 0
      vertex 41.3856 20.8 6
      vertex 41.3856 20.8 0
    endloop
  endfacet
  facet normal -0.896803 -0.442429 0
    outer loop
      vertex 41.3856 20.8 6
      vertex 41.4782 20.6123 0
      vertex 41.4782 20.6123 6
    endloop
  endfacet
  facet normal -0.831609 -0.555362 0
    outer loop
      vertex 41.3856 20.8 0
      vertex 41.2694 20.974 6
      vertex 41.2694 20.974 0
    endloop
  endfacet
  facet normal -0.831609 -0.555362 0
    outer loop
      vertex 41.2694 20.974 6
      vertex 41.3856 20.8 0
      vertex 41.3856 20.8 6
    endloop
  endfacet
  facet normal -0.321526 -0.946901 0
    outer loop
      vertex 40.4141 21.5455 0
      vertex 40.6123 21.4782 6
      vertex 40.4141 21.5455 6
    endloop
  endfacet
  facet normal -0.321526 -0.946901 -0
    outer loop
      vertex 40.6123 21.4782 6
      vertex 40.4141 21.5455 0
      vertex 40.6123 21.4782 0
    endloop
  endfacet
  facet normal -0.194922 -0.980819 0
    outer loop
      vertex 40.2088 21.5863 0
      vertex 40.4141 21.5455 6
      vertex 40.2088 21.5863 6
    endloop
  endfacet
  facet normal -0.194922 -0.980819 -0
    outer loop
      vertex 40.4141 21.5455 6
      vertex 40.2088 21.5863 0
      vertex 40.4141 21.5455 0
    endloop
  endfacet
  facet normal -0.442429 -0.896803 0
    outer loop
      vertex 40.6123 21.4782 0
      vertex 40.8 21.3856 6
      vertex 40.6123 21.4782 6
    endloop
  endfacet
  facet normal -0.442429 -0.896803 -0
    outer loop
      vertex 40.8 21.3856 6
      vertex 40.6123 21.4782 0
      vertex 40.8 21.3856 0
    endloop
  endfacet
  facet normal 0.946901 -0.321526 0
    outer loop
      vertex 38.4545 20.4141 6
      vertex 38.5218 20.6123 0
      vertex 38.5218 20.6123 6
    endloop
  endfacet
  facet normal 0.946901 -0.321526 0
    outer loop
      vertex 38.5218 20.6123 0
      vertex 38.4545 20.4141 6
      vertex 38.4545 20.4141 0
    endloop
  endfacet
  facet normal 0.896803 -0.442429 0
    outer loop
      vertex 38.5218 20.6123 6
      vertex 38.6144 20.8 0
      vertex 38.6144 20.8 6
    endloop
  endfacet
  facet normal 0.896803 -0.442429 0
    outer loop
      vertex 38.6144 20.8 0
      vertex 38.5218 20.6123 6
      vertex 38.5218 20.6123 0
    endloop
  endfacet
  facet normal 0.980819 -0.194922 0
    outer loop
      vertex 38.4137 20.2088 6
      vertex 38.4545 20.4141 0
      vertex 38.4545 20.4141 6
    endloop
  endfacet
  facet normal 0.980819 -0.194922 0
    outer loop
      vertex 38.4545 20.4141 0
      vertex 38.4137 20.2088 6
      vertex 38.4137 20.2088 0
    endloop
  endfacet
  facet normal 0.555362 -0.831609 0
    outer loop
      vertex 39.026 21.2694 0
      vertex 39.2 21.3856 6
      vertex 39.026 21.2694 6
    endloop
  endfacet
  facet normal 0.555362 -0.831609 0
    outer loop
      vertex 39.2 21.3856 6
      vertex 39.026 21.2694 0
      vertex 39.2 21.3856 0
    endloop
  endfacet
  facet normal 0.321526 -0.946901 0
    outer loop
      vertex 39.3877 21.4782 0
      vertex 39.5859 21.5455 6
      vertex 39.3877 21.4782 6
    endloop
  endfacet
  facet normal 0.321526 -0.946901 0
    outer loop
      vertex 39.5859 21.5455 6
      vertex 39.3877 21.4782 0
      vertex 39.5859 21.5455 0
    endloop
  endfacet
  facet normal -0.751925 0.659248 0
    outer loop
      vertex 41.1314 18.8686 0
      vertex 41.2694 19.026 6
      vertex 41.2694 19.026 0
    endloop
  endfacet
  facet normal -0.751925 0.659248 0
    outer loop
      vertex 41.2694 19.026 6
      vertex 41.1314 18.8686 0
      vertex 41.1314 18.8686 6
    endloop
  endfacet
  facet normal -0.555362 0.831609 0
    outer loop
      vertex 40.974 18.7306 0
      vertex 40.8 18.6144 6
      vertex 40.974 18.7306 6
    endloop
  endfacet
  facet normal -0.555362 0.831609 0
    outer loop
      vertex 40.8 18.6144 6
      vertex 40.974 18.7306 0
      vertex 40.8 18.6144 0
    endloop
  endfacet
  facet normal -0.980819 0.194922 0
    outer loop
      vertex 41.5455 19.5859 0
      vertex 41.5863 19.7912 6
      vertex 41.5863 19.7912 0
    endloop
  endfacet
  facet normal -0.980819 0.194922 0
    outer loop
      vertex 41.5863 19.7912 6
      vertex 41.5455 19.5859 0
      vertex 41.5455 19.5859 6
    endloop
  endfacet
  facet normal 0.321526 0.946901 -0
    outer loop
      vertex 39.5859 18.4545 0
      vertex 39.3877 18.5218 6
      vertex 39.5859 18.4545 6
    endloop
  endfacet
  facet normal 0.321526 0.946901 0
    outer loop
      vertex 39.3877 18.5218 6
      vertex 39.5859 18.4545 0
      vertex 39.3877 18.5218 0
    endloop
  endfacet
  facet normal 0.194922 0.980819 -0
    outer loop
      vertex 39.7912 18.4137 0
      vertex 39.5859 18.4545 6
      vertex 39.7912 18.4137 6
    endloop
  endfacet
  facet normal 0.194922 0.980819 0
    outer loop
      vertex 39.5859 18.4545 6
      vertex 39.7912 18.4137 0
      vertex 39.5859 18.4545 0
    endloop
  endfacet
  facet normal 0.831609 0.555362 0
    outer loop
      vertex 38.7306 19.026 6
      vertex 38.6144 19.2 0
      vertex 38.6144 19.2 6
    endloop
  endfacet
  facet normal 0.831609 0.555362 0
    outer loop
      vertex 38.6144 19.2 0
      vertex 38.7306 19.026 6
      vertex 38.7306 19.026 0
    endloop
  endfacet
  facet normal 0.751925 0.659248 0
    outer loop
      vertex 38.8686 18.8686 6
      vertex 38.7306 19.026 0
      vertex 38.7306 19.026 6
    endloop
  endfacet
  facet normal 0.751925 0.659248 0
    outer loop
      vertex 38.7306 19.026 0
      vertex 38.8686 18.8686 6
      vertex 38.8686 18.8686 0
    endloop
  endfacet
  facet normal -0.946901 -0.321526 0
    outer loop
      vertex 41.5455 20.4141 0
      vertex 41.4782 20.6123 6
      vertex 41.4782 20.6123 0
    endloop
  endfacet
  facet normal -0.946901 -0.321526 0
    outer loop
      vertex 41.4782 20.6123 6
      vertex 41.5455 20.4141 0
      vertex 41.5455 20.4141 6
    endloop
  endfacet
  facet normal -0.980819 -0.194922 0
    outer loop
      vertex 41.5863 20.2088 0
      vertex 41.5455 20.4141 6
      vertex 41.5455 20.4141 0
    endloop
  endfacet
  facet normal -0.980819 -0.194922 0
    outer loop
      vertex 41.5455 20.4141 6
      vertex 41.5863 20.2088 0
      vertex 41.5863 20.2088 6
    endloop
  endfacet
  facet normal -0.0654722 -0.997854 0
    outer loop
      vertex 40 21.6 0
      vertex 40.2088 21.5863 6
      vertex 40 21.6 6
    endloop
  endfacet
  facet normal -0.0654722 -0.997854 -0
    outer loop
      vertex 40.2088 21.5863 6
      vertex 40 21.6 0
      vertex 40.2088 21.5863 0
    endloop
  endfacet
  facet normal -0.555362 -0.831609 0
    outer loop
      vertex 40.8 21.3856 0
      vertex 40.974 21.2694 6
      vertex 40.8 21.3856 6
    endloop
  endfacet
  facet normal -0.555362 -0.831609 -0
    outer loop
      vertex 40.974 21.2694 6
      vertex 40.8 21.3856 0
      vertex 40.974 21.2694 0
    endloop
  endfacet
  facet normal 0.997854 -0.0654722 0
    outer loop
      vertex 38.4 20 6
      vertex 38.4137 20.2088 0
      vertex 38.4137 20.2088 6
    endloop
  endfacet
  facet normal 0.997854 -0.0654722 0
    outer loop
      vertex 38.4137 20.2088 0
      vertex 38.4 20 6
      vertex 38.4 20 0
    endloop
  endfacet
  facet normal 0.194922 -0.980819 0
    outer loop
      vertex 39.5859 21.5455 0
      vertex 39.7912 21.5863 6
      vertex 39.5859 21.5455 6
    endloop
  endfacet
  facet normal 0.194922 -0.980819 0
    outer loop
      vertex 39.7912 21.5863 6
      vertex 39.5859 21.5455 0
      vertex 39.7912 21.5863 0
    endloop
  endfacet
  facet normal -0.997854 0.0654722 0
    outer loop
      vertex 41.5863 19.7912 0
      vertex 41.6 20 6
      vertex 41.6 20 0
    endloop
  endfacet
  facet normal -0.997854 0.0654722 0
    outer loop
      vertex 41.6 20 6
      vertex 41.5863 19.7912 0
      vertex 41.5863 19.7912 6
    endloop
  endfacet
  facet normal -0.194922 0.980819 0
    outer loop
      vertex 40.4141 18.4545 0
      vertex 40.2088 18.4137 6
      vertex 40.4141 18.4545 6
    endloop
  endfacet
  facet normal -0.194922 0.980819 0
    outer loop
      vertex 40.2088 18.4137 6
      vertex 40.4141 18.4545 0
      vertex 40.2088 18.4137 0
    endloop
  endfacet
  facet normal -0.442429 0.896803 0
    outer loop
      vertex 40.8 18.6144 0
      vertex 40.6123 18.5218 6
      vertex 40.8 18.6144 6
    endloop
  endfacet
  facet normal -0.442429 0.896803 0
    outer loop
      vertex 40.6123 18.5218 6
      vertex 40.8 18.6144 0
      vertex 40.6123 18.5218 0
    endloop
  endfacet
  facet normal -0.659248 0.751925 0
    outer loop
      vertex 41.1314 18.8686 0
      vertex 40.974 18.7306 6
      vertex 41.1314 18.8686 6
    endloop
  endfacet
  facet normal -0.659248 0.751925 0
    outer loop
      vertex 40.974 18.7306 6
      vertex 41.1314 18.8686 0
      vertex 40.974 18.7306 0
    endloop
  endfacet
  facet normal -0.946901 0.321526 0
    outer loop
      vertex 41.4782 19.3877 0
      vertex 41.5455 19.5859 6
      vertex 41.5455 19.5859 0
    endloop
  endfacet
  facet normal -0.946901 0.321526 0
    outer loop
      vertex 41.5455 19.5859 6
      vertex 41.4782 19.3877 0
      vertex 41.4782 19.3877 6
    endloop
  endfacet
  facet normal -0.831609 0.555362 0
    outer loop
      vertex 41.2694 19.026 0
      vertex 41.3856 19.2 6
      vertex 41.3856 19.2 0
    endloop
  endfacet
  facet normal -0.831609 0.555362 0
    outer loop
      vertex 41.3856 19.2 6
      vertex 41.2694 19.026 0
      vertex 41.2694 19.026 6
    endloop
  endfacet
  facet normal -0.896803 0.442429 0
    outer loop
      vertex 41.3856 19.2 0
      vertex 41.4782 19.3877 6
      vertex 41.4782 19.3877 0
    endloop
  endfacet
  facet normal -0.896803 0.442429 0
    outer loop
      vertex 41.4782 19.3877 6
      vertex 41.3856 19.2 0
      vertex 41.3856 19.2 6
    endloop
  endfacet
  facet normal 0.555362 0.831609 -0
    outer loop
      vertex 39.2 18.6144 0
      vertex 39.026 18.7306 6
      vertex 39.2 18.6144 6
    endloop
  endfacet
  facet normal 0.555362 0.831609 0
    outer loop
      vertex 39.026 18.7306 6
      vertex 39.2 18.6144 0
      vertex 39.026 18.7306 0
    endloop
  endfacet
  facet normal 0.442429 0.896803 -0
    outer loop
      vertex 39.3877 18.5218 0
      vertex 39.2 18.6144 6
      vertex 39.3877 18.5218 6
    endloop
  endfacet
  facet normal 0.442429 0.896803 0
    outer loop
      vertex 39.2 18.6144 6
      vertex 39.3877 18.5218 0
      vertex 39.2 18.6144 0
    endloop
  endfacet
  facet normal 0.0654722 0.997854 -0
    outer loop
      vertex 40 18.4 0
      vertex 39.7912 18.4137 6
      vertex 40 18.4 6
    endloop
  endfacet
  facet normal 0.0654722 0.997854 0
    outer loop
      vertex 39.7912 18.4137 6
      vertex 40 18.4 0
      vertex 39.7912 18.4137 0
    endloop
  endfacet
  facet normal 0.659248 0.751925 -0
    outer loop
      vertex 39.026 18.7306 0
      vertex 38.8686 18.8686 6
      vertex 39.026 18.7306 6
    endloop
  endfacet
  facet normal 0.659248 0.751925 0
    outer loop
      vertex 38.8686 18.8686 6
      vertex 39.026 18.7306 0
      vertex 38.8686 18.8686 0
    endloop
  endfacet
  facet normal 0.896803 0.442429 0
    outer loop
      vertex 38.6144 19.2 6
      vertex 38.5218 19.3877 0
      vertex 38.5218 19.3877 6
    endloop
  endfacet
  facet normal 0.896803 0.442429 0
    outer loop
      vertex 38.5218 19.3877 0
      vertex 38.6144 19.2 6
      vertex 38.6144 19.2 0
    endloop
  endfacet
  facet normal 0.980819 0.194922 0
    outer loop
      vertex 38.4545 19.5859 6
      vertex 38.4137 19.7912 0
      vertex 38.4137 19.7912 6
    endloop
  endfacet
  facet normal 0.980819 0.194922 0
    outer loop
      vertex 38.4137 19.7912 0
      vertex 38.4545 19.5859 6
      vertex 38.4545 19.5859 0
    endloop
  endfacet
  facet normal -0.751925 -0.659248 0
    outer loop
      vertex 41.2694 20.974 0
      vertex 41.1314 21.1314 6
      vertex 41.1314 21.1314 0
    endloop
  endfacet
  facet normal -0.751925 -0.659248 0
    outer loop
      vertex 41.1314 21.1314 6
      vertex 41.2694 20.974 0
      vertex 41.2694 20.974 6
    endloop
  endfacet
  facet normal 0.831609 -0.555362 0
    outer loop
      vertex 38.6144 20.8 6
      vertex 38.7306 20.974 0
      vertex 38.7306 20.974 6
    endloop
  endfacet
  facet normal 0.831609 -0.555362 0
    outer loop
      vertex 38.7306 20.974 0
      vertex 38.6144 20.8 6
      vertex 38.6144 20.8 0
    endloop
  endfacet
  facet normal 0.997854 0.0654722 0
    outer loop
      vertex 38.4137 19.7912 6
      vertex 38.4 20 0
      vertex 38.4 20 6
    endloop
  endfacet
  facet normal 0.997854 0.0654722 0
    outer loop
      vertex 38.4 20 0
      vertex 38.4137 19.7912 6
      vertex 38.4137 19.7912 0
    endloop
  endfacet
  facet normal 0.659248 -0.751925 0
    outer loop
      vertex 38.8686 21.1314 0
      vertex 39.026 21.2694 6
      vertex 38.8686 21.1314 6
    endloop
  endfacet
  facet normal 0.659248 -0.751925 0
    outer loop
      vertex 39.026 21.2694 6
      vertex 38.8686 21.1314 0
      vertex 39.026 21.2694 0
    endloop
  endfacet
  facet normal -0.321526 0.946901 0
    outer loop
      vertex 40.6123 18.5218 0
      vertex 40.4141 18.4545 6
      vertex 40.6123 18.5218 6
    endloop
  endfacet
  facet normal -0.321526 0.946901 0
    outer loop
      vertex 40.4141 18.4545 6
      vertex 40.6123 18.5218 0
      vertex 40.4141 18.4545 0
    endloop
  endfacet
  facet normal -0.0654722 0.997854 0
    outer loop
      vertex 40.2088 18.4137 0
      vertex 40 18.4 6
      vertex 40.2088 18.4137 6
    endloop
  endfacet
  facet normal -0.0654722 0.997854 0
    outer loop
      vertex 40 18.4 6
      vertex 40.2088 18.4137 0
      vertex 40 18.4 0
    endloop
  endfacet
  facet normal 0.946901 0.321526 0
    outer loop
      vertex 38.5218 19.3877 6
      vertex 38.4545 19.5859 0
      vertex 38.4545 19.5859 6
    endloop
  endfacet
  facet normal 0.946901 0.321526 0
    outer loop
      vertex 38.4545 19.5859 0
      vertex 38.5218 19.3877 6
      vertex 38.5218 19.3877 0
    endloop
  endfacet
  facet normal -0.555362 -0.831609 0
    outer loop
      vertex 40.8 41.3856 0
      vertex 40.974 41.2694 6
      vertex 40.8 41.3856 6
    endloop
  endfacet
  facet normal -0.555362 -0.831609 -0
    outer loop
      vertex 40.974 41.2694 6
      vertex 40.8 41.3856 0
      vertex 40.974 41.2694 0
    endloop
  endfacet
  facet normal -0.980819 0.194922 0
    outer loop
      vertex 41.5455 39.5859 0
      vertex 41.5863 39.7912 6
      vertex 41.5863 39.7912 0
    endloop
  endfacet
  facet normal -0.980819 0.194922 0
    outer loop
      vertex 41.5863 39.7912 6
      vertex 41.5455 39.5859 0
      vertex 41.5455 39.5859 6
    endloop
  endfacet
  facet normal 0.194922 0.980819 -0
    outer loop
      vertex 39.7912 38.4137 0
      vertex 39.5859 38.4545 6
      vertex 39.7912 38.4137 6
    endloop
  endfacet
  facet normal 0.194922 0.980819 0
    outer loop
      vertex 39.5859 38.4545 6
      vertex 39.7912 38.4137 0
      vertex 39.5859 38.4545 0
    endloop
  endfacet
  facet normal 0.442429 -0.896803 0
    outer loop
      vertex 39.2 41.3856 0
      vertex 39.3877 41.4782 6
      vertex 39.2 41.3856 6
    endloop
  endfacet
  facet normal 0.442429 -0.896803 0
    outer loop
      vertex 39.3877 41.4782 6
      vertex 39.2 41.3856 0
      vertex 39.3877 41.4782 0
    endloop
  endfacet
  facet normal 0.946901 -0.321526 0
    outer loop
      vertex 38.4545 40.4141 6
      vertex 38.5218 40.6123 0
      vertex 38.5218 40.6123 6
    endloop
  endfacet
  facet normal 0.946901 -0.321526 0
    outer loop
      vertex 38.5218 40.6123 0
      vertex 38.4545 40.4141 6
      vertex 38.4545 40.4141 0
    endloop
  endfacet
  facet normal -0.896803 -0.442429 0
    outer loop
      vertex 41.4782 40.6123 0
      vertex 41.3856 40.8 6
      vertex 41.3856 40.8 0
    endloop
  endfacet
  facet normal -0.896803 -0.442429 0
    outer loop
      vertex 41.3856 40.8 6
      vertex 41.4782 40.6123 0
      vertex 41.4782 40.6123 6
    endloop
  endfacet
  facet normal -0.831609 -0.555362 0
    outer loop
      vertex 41.3856 40.8 0
      vertex 41.2694 40.974 6
      vertex 41.2694 40.974 0
    endloop
  endfacet
  facet normal -0.831609 -0.555362 0
    outer loop
      vertex 41.2694 40.974 6
      vertex 41.3856 40.8 0
      vertex 41.3856 40.8 6
    endloop
  endfacet
  facet normal -0.321526 -0.946901 0
    outer loop
      vertex 40.4141 41.5455 0
      vertex 40.6123 41.4782 6
      vertex 40.4141 41.5455 6
    endloop
  endfacet
  facet normal -0.321526 -0.946901 -0
    outer loop
      vertex 40.6123 41.4782 6
      vertex 40.4141 41.5455 0
      vertex 40.6123 41.4782 0
    endloop
  endfacet
  facet normal -0.0654722 -0.997854 0
    outer loop
      vertex 40 41.6 0
      vertex 40.2088 41.5863 6
      vertex 40 41.6 6
    endloop
  endfacet
  facet normal -0.0654722 -0.997854 -0
    outer loop
      vertex 40.2088 41.5863 6
      vertex 40 41.6 0
      vertex 40.2088 41.5863 0
    endloop
  endfacet
  facet normal 0.997854 -0.0654722 0
    outer loop
      vertex 38.4 40 6
      vertex 38.4137 40.2088 0
      vertex 38.4137 40.2088 6
    endloop
  endfacet
  facet normal 0.997854 -0.0654722 0
    outer loop
      vertex 38.4137 40.2088 0
      vertex 38.4 40 6
      vertex 38.4 40 0
    endloop
  endfacet
  facet normal 0.831609 -0.555362 0
    outer loop
      vertex 38.6144 40.8 6
      vertex 38.7306 40.974 0
      vertex 38.7306 40.974 6
    endloop
  endfacet
  facet normal 0.831609 -0.555362 0
    outer loop
      vertex 38.7306 40.974 0
      vertex 38.6144 40.8 6
      vertex 38.6144 40.8 0
    endloop
  endfacet
  facet normal 0.555362 -0.831609 0
    outer loop
      vertex 39.026 41.2694 0
      vertex 39.2 41.3856 6
      vertex 39.026 41.2694 6
    endloop
  endfacet
  facet normal 0.555362 -0.831609 0
    outer loop
      vertex 39.2 41.3856 6
      vertex 39.026 41.2694 0
      vertex 39.2 41.3856 0
    endloop
  endfacet
  facet normal 0.321526 -0.946901 0
    outer loop
      vertex 39.3877 41.4782 0
      vertex 39.5859 41.5455 6
      vertex 39.3877 41.4782 6
    endloop
  endfacet
  facet normal 0.321526 -0.946901 0
    outer loop
      vertex 39.5859 41.5455 6
      vertex 39.3877 41.4782 0
      vertex 39.5859 41.5455 0
    endloop
  endfacet
  facet normal -0.997854 0.0654722 0
    outer loop
      vertex 41.5863 39.7912 0
      vertex 41.6 40 6
      vertex 41.6 40 0
    endloop
  endfacet
  facet normal -0.997854 0.0654722 0
    outer loop
      vertex 41.6 40 6
      vertex 41.5863 39.7912 0
      vertex 41.5863 39.7912 6
    endloop
  endfacet
  facet normal -0.442429 0.896803 0
    outer loop
      vertex 40.8 38.6144 0
      vertex 40.6123 38.5218 6
      vertex 40.8 38.6144 6
    endloop
  endfacet
  facet normal -0.442429 0.896803 0
    outer loop
      vertex 40.6123 38.5218 6
      vertex 40.8 38.6144 0
      vertex 40.6123 38.5218 0
    endloop
  endfacet
  facet normal -0.555362 0.831609 0
    outer loop
      vertex 40.974 38.7306 0
      vertex 40.8 38.6144 6
      vertex 40.974 38.7306 6
    endloop
  endfacet
  facet normal -0.555362 0.831609 0
    outer loop
      vertex 40.8 38.6144 6
      vertex 40.974 38.7306 0
      vertex 40.8 38.6144 0
    endloop
  endfacet
  facet normal -0.831609 0.555362 0
    outer loop
      vertex 41.2694 39.026 0
      vertex 41.3856 39.2 6
      vertex 41.3856 39.2 0
    endloop
  endfacet
  facet normal -0.831609 0.555362 0
    outer loop
      vertex 41.3856 39.2 6
      vertex 41.2694 39.026 0
      vertex 41.2694 39.026 6
    endloop
  endfacet
  facet normal 0.0654722 0.997854 -0
    outer loop
      vertex 40 38.4 0
      vertex 39.7912 38.4137 6
      vertex 40 38.4 6
    endloop
  endfacet
  facet normal 0.0654722 0.997854 0
    outer loop
      vertex 39.7912 38.4137 6
      vertex 40 38.4 0
      vertex 39.7912 38.4137 0
    endloop
  endfacet
  facet normal 0.555362 0.831609 -0
    outer loop
      vertex 39.2 38.6144 0
      vertex 39.026 38.7306 6
      vertex 39.2 38.6144 6
    endloop
  endfacet
  facet normal 0.555362 0.831609 0
    outer loop
      vertex 39.026 38.7306 6
      vertex 39.2 38.6144 0
      vertex 39.026 38.7306 0
    endloop
  endfacet
  facet normal 0.831609 0.555362 0
    outer loop
      vertex 38.7306 39.026 6
      vertex 38.6144 39.2 0
      vertex 38.6144 39.2 6
    endloop
  endfacet
  facet normal 0.831609 0.555362 0
    outer loop
      vertex 38.6144 39.2 0
      vertex 38.7306 39.026 6
      vertex 38.7306 39.026 0
    endloop
  endfacet
  facet normal 0.946901 0.321526 0
    outer loop
      vertex 38.5218 39.3877 6
      vertex 38.4545 39.5859 0
      vertex 38.4545 39.5859 6
    endloop
  endfacet
  facet normal 0.946901 0.321526 0
    outer loop
      vertex 38.4545 39.5859 0
      vertex 38.5218 39.3877 6
      vertex 38.5218 39.3877 0
    endloop
  endfacet
  facet normal -0.980819 -0.194922 0
    outer loop
      vertex 41.5863 40.2088 0
      vertex 41.5455 40.4141 6
      vertex 41.5455 40.4141 0
    endloop
  endfacet
  facet normal -0.980819 -0.194922 0
    outer loop
      vertex 41.5455 40.4141 6
      vertex 41.5863 40.2088 0
      vertex 41.5863 40.2088 6
    endloop
  endfacet
  facet normal -0.946901 -0.321526 0
    outer loop
      vertex 41.5455 40.4141 0
      vertex 41.4782 40.6123 6
      vertex 41.4782 40.6123 0
    endloop
  endfacet
  facet normal -0.946901 -0.321526 0
    outer loop
      vertex 41.4782 40.6123 6
      vertex 41.5455 40.4141 0
      vertex 41.5455 40.4141 6
    endloop
  endfacet
  facet normal -0.751925 -0.659248 0
    outer loop
      vertex 41.2694 40.974 0
      vertex 41.1314 41.1314 6
      vertex 41.1314 41.1314 0
    endloop
  endfacet
  facet normal -0.751925 -0.659248 0
    outer loop
      vertex 41.1314 41.1314 6
      vertex 41.2694 40.974 0
      vertex 41.2694 40.974 6
    endloop
  endfacet
  facet normal -0.659248 -0.751925 0
    outer loop
      vertex 40.974 41.2694 0
      vertex 41.1314 41.1314 6
      vertex 40.974 41.2694 6
    endloop
  endfacet
  facet normal -0.659248 -0.751925 -0
    outer loop
      vertex 41.1314 41.1314 6
      vertex 40.974 41.2694 0
      vertex 41.1314 41.1314 0
    endloop
  endfacet
  facet normal -0.442429 -0.896803 0
    outer loop
      vertex 40.6123 41.4782 0
      vertex 40.8 41.3856 6
      vertex 40.6123 41.4782 6
    endloop
  endfacet
  facet normal -0.442429 -0.896803 -0
    outer loop
      vertex 40.8 41.3856 6
      vertex 40.6123 41.4782 0
      vertex 40.8 41.3856 0
    endloop
  endfacet
  facet normal 0.0654722 -0.997854 0
    outer loop
      vertex 39.7912 41.5863 0
      vertex 40 41.6 6
      vertex 39.7912 41.5863 6
    endloop
  endfacet
  facet normal 0.0654722 -0.997854 0
    outer loop
      vertex 40 41.6 6
      vertex 39.7912 41.5863 0
      vertex 40 41.6 0
    endloop
  endfacet
  facet normal -0.194922 -0.980819 0
    outer loop
      vertex 40.2088 41.5863 0
      vertex 40.4141 41.5455 6
      vertex 40.2088 41.5863 6
    endloop
  endfacet
  facet normal -0.194922 -0.980819 -0
    outer loop
      vertex 40.4141 41.5455 6
      vertex 40.2088 41.5863 0
      vertex 40.4141 41.5455 0
    endloop
  endfacet
  facet normal 0.997854 0.0654722 0
    outer loop
      vertex 38.4137 39.7912 6
      vertex 38.4 40 0
      vertex 38.4 40 6
    endloop
  endfacet
  facet normal 0.997854 0.0654722 0
    outer loop
      vertex 38.4 40 0
      vertex 38.4137 39.7912 6
      vertex 38.4137 39.7912 0
    endloop
  endfacet
  facet normal 0.980819 -0.194922 0
    outer loop
      vertex 38.4137 40.2088 6
      vertex 38.4545 40.4141 0
      vertex 38.4545 40.4141 6
    endloop
  endfacet
  facet normal 0.980819 -0.194922 0
    outer loop
      vertex 38.4545 40.4141 0
      vertex 38.4137 40.2088 6
      vertex 38.4137 40.2088 0
    endloop
  endfacet
  facet normal 0.896803 -0.442429 0
    outer loop
      vertex 38.5218 40.6123 6
      vertex 38.6144 40.8 0
      vertex 38.6144 40.8 6
    endloop
  endfacet
  facet normal 0.896803 -0.442429 0
    outer loop
      vertex 38.6144 40.8 0
      vertex 38.5218 40.6123 6
      vertex 38.5218 40.6123 0
    endloop
  endfacet
  facet normal 0.194922 -0.980819 0
    outer loop
      vertex 39.5859 41.5455 0
      vertex 39.7912 41.5863 6
      vertex 39.5859 41.5455 6
    endloop
  endfacet
  facet normal 0.194922 -0.980819 0
    outer loop
      vertex 39.7912 41.5863 6
      vertex 39.5859 41.5455 0
      vertex 39.7912 41.5863 0
    endloop
  endfacet
  facet normal 0.659248 -0.751925 0
    outer loop
      vertex 38.8686 41.1314 0
      vertex 39.026 41.2694 6
      vertex 38.8686 41.1314 6
    endloop
  endfacet
  facet normal 0.659248 -0.751925 0
    outer loop
      vertex 39.026 41.2694 6
      vertex 38.8686 41.1314 0
      vertex 39.026 41.2694 0
    endloop
  endfacet
  facet normal 0.751925 -0.659248 0
    outer loop
      vertex 38.7306 40.974 6
      vertex 38.8686 41.1314 0
      vertex 38.8686 41.1314 6
    endloop
  endfacet
  facet normal 0.751925 -0.659248 0
    outer loop
      vertex 38.8686 41.1314 0
      vertex 38.7306 40.974 6
      vertex 38.7306 40.974 0
    endloop
  endfacet
  facet normal -0.997854 -0.0654722 0
    outer loop
      vertex 41.6 40 0
      vertex 41.5863 40.2088 6
      vertex 41.5863 40.2088 0
    endloop
  endfacet
  facet normal -0.997854 -0.0654722 0
    outer loop
      vertex 41.5863 40.2088 6
      vertex 41.6 40 0
      vertex 41.6 40 6
    endloop
  endfacet
  facet normal -0.194922 0.980819 0
    outer loop
      vertex 40.4141 38.4545 0
      vertex 40.2088 38.4137 6
      vertex 40.4141 38.4545 6
    endloop
  endfacet
  facet normal -0.194922 0.980819 0
    outer loop
      vertex 40.2088 38.4137 6
      vertex 40.4141 38.4545 0
      vertex 40.2088 38.4137 0
    endloop
  endfacet
  facet normal -0.321526 0.946901 0
    outer loop
      vertex 40.6123 38.5218 0
      vertex 40.4141 38.4545 6
      vertex 40.6123 38.5218 6
    endloop
  endfacet
  facet normal -0.321526 0.946901 0
    outer loop
      vertex 40.4141 38.4545 6
      vertex 40.6123 38.5218 0
      vertex 40.4141 38.4545 0
    endloop
  endfacet
  facet normal -0.659248 0.751925 0
    outer loop
      vertex 41.1314 38.8686 0
      vertex 40.974 38.7306 6
      vertex 41.1314 38.8686 6
    endloop
  endfacet
  facet normal -0.659248 0.751925 0
    outer loop
      vertex 40.974 38.7306 6
      vertex 41.1314 38.8686 0
      vertex 40.974 38.7306 0
    endloop
  endfacet
  facet normal -0.946901 0.321526 0
    outer loop
      vertex 41.4782 39.3877 0
      vertex 41.5455 39.5859 6
      vertex 41.5455 39.5859 0
    endloop
  endfacet
  facet normal -0.946901 0.321526 0
    outer loop
      vertex 41.5455 39.5859 6
      vertex 41.4782 39.3877 0
      vertex 41.4782 39.3877 6
    endloop
  endfacet
  facet normal -0.0654722 0.997854 0
    outer loop
      vertex 40.2088 38.4137 0
      vertex 40 38.4 6
      vertex 40.2088 38.4137 6
    endloop
  endfacet
  facet normal -0.0654722 0.997854 0
    outer loop
      vertex 40 38.4 6
      vertex 40.2088 38.4137 0
      vertex 40 38.4 0
    endloop
  endfacet
  facet normal 0.321526 0.946901 -0
    outer loop
      vertex 39.5859 38.4545 0
      vertex 39.3877 38.5218 6
      vertex 39.5859 38.4545 6
    endloop
  endfacet
  facet normal 0.321526 0.946901 0
    outer loop
      vertex 39.3877 38.5218 6
      vertex 39.5859 38.4545 0
      vertex 39.3877 38.5218 0
    endloop
  endfacet
  facet normal 0.896803 0.442429 0
    outer loop
      vertex 38.6144 39.2 6
      vertex 38.5218 39.3877 0
      vertex 38.5218 39.3877 6
    endloop
  endfacet
  facet normal 0.896803 0.442429 0
    outer loop
      vertex 38.5218 39.3877 0
      vertex 38.6144 39.2 6
      vertex 38.6144 39.2 0
    endloop
  endfacet
  facet normal 0.980819 0.194922 0
    outer loop
      vertex 38.4545 39.5859 6
      vertex 38.4137 39.7912 0
      vertex 38.4137 39.7912 6
    endloop
  endfacet
  facet normal 0.980819 0.194922 0
    outer loop
      vertex 38.4137 39.7912 0
      vertex 38.4545 39.5859 6
      vertex 38.4545 39.5859 0
    endloop
  endfacet
  facet normal 0.751925 0.659248 0
    outer loop
      vertex 38.8686 38.8686 6
      vertex 38.7306 39.026 0
      vertex 38.7306 39.026 6
    endloop
  endfacet
  facet normal 0.751925 0.659248 0
    outer loop
      vertex 38.7306 39.026 0
      vertex 38.8686 38.8686 6
      vertex 38.8686 38.8686 0
    endloop
  endfacet
  facet normal -0.751925 0.659248 0
    outer loop
      vertex 41.1314 38.8686 0
      vertex 41.2694 39.026 6
      vertex 41.2694 39.026 0
    endloop
  endfacet
  facet normal -0.751925 0.659248 0
    outer loop
      vertex 41.2694 39.026 6
      vertex 41.1314 38.8686 0
      vertex 41.1314 38.8686 6
    endloop
  endfacet
  facet normal -0.896803 0.442429 0
    outer loop
      vertex 41.3856 39.2 0
      vertex 41.4782 39.3877 6
      vertex 41.4782 39.3877 0
    endloop
  endfacet
  facet normal -0.896803 0.442429 0
    outer loop
      vertex 41.4782 39.3877 6
      vertex 41.3856 39.2 0
      vertex 41.3856 39.2 6
    endloop
  endfacet
  facet normal 0.442429 0.896803 -0
    outer loop
      vertex 39.3877 38.5218 0
      vertex 39.2 38.6144 6
      vertex 39.3877 38.5218 6
    endloop
  endfacet
  facet normal 0.442429 0.896803 0
    outer loop
      vertex 39.2 38.6144 6
      vertex 39.3877 38.5218 0
      vertex 39.2 38.6144 0
    endloop
  endfacet
  facet normal 0.659248 0.751925 -0
    outer loop
      vertex 39.026 38.7306 0
      vertex 38.8686 38.8686 6
      vertex 39.026 38.7306 6
    endloop
  endfacet
  facet normal 0.659248 0.751925 0
    outer loop
      vertex 38.8686 38.8686 6
      vertex 39.026 38.7306 0
      vertex 38.8686 38.8686 0
    endloop
  endfacet
  facet normal -0.555362 -0.831609 0
    outer loop
      vertex 60.8 21.3856 0
      vertex 60.974 21.2694 6
      vertex 60.8 21.3856 6
    endloop
  endfacet
  facet normal -0.555362 -0.831609 -0
    outer loop
      vertex 60.974 21.2694 6
      vertex 60.8 21.3856 0
      vertex 60.974 21.2694 0
    endloop
  endfacet
  facet normal 0.980819 -0.194922 0
    outer loop
      vertex 58.4137 20.2088 6
      vertex 58.4545 20.4141 0
      vertex 58.4545 20.4141 6
    endloop
  endfacet
  facet normal 0.980819 -0.194922 0
    outer loop
      vertex 58.4545 20.4141 0
      vertex 58.4137 20.2088 6
      vertex 58.4137 20.2088 0
    endloop
  endfacet
  facet normal -0.980819 0.194922 0
    outer loop
      vertex 61.5455 19.5859 0
      vertex 61.5863 19.7912 6
      vertex 61.5863 19.7912 0
    endloop
  endfacet
  facet normal -0.980819 0.194922 0
    outer loop
      vertex 61.5863 19.7912 6
      vertex 61.5455 19.5859 0
      vertex 61.5455 19.5859 6
    endloop
  endfacet
  facet normal 0.194922 0.980819 -0
    outer loop
      vertex 59.7912 18.4137 0
      vertex 59.5859 18.4545 6
      vertex 59.7912 18.4137 6
    endloop
  endfacet
  facet normal 0.194922 0.980819 0
    outer loop
      vertex 59.5859 18.4545 6
      vertex 59.7912 18.4137 0
      vertex 59.5859 18.4545 0
    endloop
  endfacet
  facet normal 0.442429 -0.896803 0
    outer loop
      vertex 59.2 21.3856 0
      vertex 59.3877 21.4782 6
      vertex 59.2 21.3856 6
    endloop
  endfacet
  facet normal 0.442429 -0.896803 0
    outer loop
      vertex 59.3877 21.4782 6
      vertex 59.2 21.3856 0
      vertex 59.3877 21.4782 0
    endloop
  endfacet
  facet normal 0.946901 -0.321526 0
    outer loop
      vertex 58.4545 20.4141 6
      vertex 58.5218 20.6123 0
      vertex 58.5218 20.6123 6
    endloop
  endfacet
  facet normal 0.946901 -0.321526 0
    outer loop
      vertex 58.5218 20.6123 0
      vertex 58.4545 20.4141 6
      vertex 58.4545 20.4141 0
    endloop
  endfacet
  facet normal -0.896803 -0.442429 0
    outer loop
      vertex 61.4782 20.6123 0
      vertex 61.3856 20.8 6
      vertex 61.3856 20.8 0
    endloop
  endfacet
  facet normal -0.896803 -0.442429 0
    outer loop
      vertex 61.3856 20.8 6
      vertex 61.4782 20.6123 0
      vertex 61.4782 20.6123 6
    endloop
  endfacet
  facet normal -0.831609 -0.555362 0
    outer loop
      vertex 61.3856 20.8 0
      vertex 61.2694 20.974 6
      vertex 61.2694 20.974 0
    endloop
  endfacet
  facet normal -0.831609 -0.555362 0
    outer loop
      vertex 61.2694 20.974 6
      vertex 61.3856 20.8 0
      vertex 61.3856 20.8 6
    endloop
  endfacet
  facet normal -0.321526 -0.946901 0
    outer loop
      vertex 60.4141 21.5455 0
      vertex 60.6123 21.4782 6
      vertex 60.4141 21.5455 6
    endloop
  endfacet
  facet normal -0.321526 -0.946901 -0
    outer loop
      vertex 60.6123 21.4782 6
      vertex 60.4141 21.5455 0
      vertex 60.6123 21.4782 0
    endloop
  endfacet
  facet normal -0.0654722 -0.997854 0
    outer loop
      vertex 60 21.6 0
      vertex 60.2088 21.5863 6
      vertex 60 21.6 6
    endloop
  endfacet
  facet normal -0.0654722 -0.997854 -0
    outer loop
      vertex 60.2088 21.5863 6
      vertex 60 21.6 0
      vertex 60.2088 21.5863 0
    endloop
  endfacet
  facet normal 0.997854 -0.0654722 0
    outer loop
      vertex 58.4 20 6
      vertex 58.4137 20.2088 0
      vertex 58.4137 20.2088 6
    endloop
  endfacet
  facet normal 0.997854 -0.0654722 0
    outer loop
      vertex 58.4137 20.2088 0
      vertex 58.4 20 6
      vertex 58.4 20 0
    endloop
  endfacet
  facet normal 0.831609 -0.555362 0
    outer loop
      vertex 58.6144 20.8 6
      vertex 58.7306 20.974 0
      vertex 58.7306 20.974 6
    endloop
  endfacet
  facet normal 0.831609 -0.555362 0
    outer loop
      vertex 58.7306 20.974 0
      vertex 58.6144 20.8 6
      vertex 58.6144 20.8 0
    endloop
  endfacet
  facet normal 0.555362 -0.831609 0
    outer loop
      vertex 59.026 21.2694 0
      vertex 59.2 21.3856 6
      vertex 59.026 21.2694 6
    endloop
  endfacet
  facet normal 0.555362 -0.831609 0
    outer loop
      vertex 59.2 21.3856 6
      vertex 59.026 21.2694 0
      vertex 59.2 21.3856 0
    endloop
  endfacet
  facet normal 0.321526 -0.946901 0
    outer loop
      vertex 59.3877 21.4782 0
      vertex 59.5859 21.5455 6
      vertex 59.3877 21.4782 6
    endloop
  endfacet
  facet normal 0.321526 -0.946901 0
    outer loop
      vertex 59.5859 21.5455 6
      vertex 59.3877 21.4782 0
      vertex 59.5859 21.5455 0
    endloop
  endfacet
  facet normal -0.997854 0.0654722 0
    outer loop
      vertex 61.5863 19.7912 0
      vertex 61.6 20 6
      vertex 61.6 20 0
    endloop
  endfacet
  facet normal -0.997854 0.0654722 0
    outer loop
      vertex 61.6 20 6
      vertex 61.5863 19.7912 0
      vertex 61.5863 19.7912 6
    endloop
  endfacet
  facet normal -0.442429 0.896803 0
    outer loop
      vertex 60.8 18.6144 0
      vertex 60.6123 18.5218 6
      vertex 60.8 18.6144 6
    endloop
  endfacet
  facet normal -0.442429 0.896803 0
    outer loop
      vertex 60.6123 18.5218 6
      vertex 60.8 18.6144 0
      vertex 60.6123 18.5218 0
    endloop
  endfacet
  facet normal -0.555362 0.831609 0
    outer loop
      vertex 60.974 18.7306 0
      vertex 60.8 18.6144 6
      vertex 60.974 18.7306 6
    endloop
  endfacet
  facet normal -0.555362 0.831609 0
    outer loop
      vertex 60.8 18.6144 6
      vertex 60.974 18.7306 0
      vertex 60.8 18.6144 0
    endloop
  endfacet
  facet normal -0.831609 0.555362 0
    outer loop
      vertex 61.2694 19.026 0
      vertex 61.3856 19.2 6
      vertex 61.3856 19.2 0
    endloop
  endfacet
  facet normal -0.831609 0.555362 0
    outer loop
      vertex 61.3856 19.2 6
      vertex 61.2694 19.026 0
      vertex 61.2694 19.026 6
    endloop
  endfacet
  facet normal 0.0654722 0.997854 -0
    outer loop
      vertex 60 18.4 0
      vertex 59.7912 18.4137 6
      vertex 60 18.4 6
    endloop
  endfacet
  facet normal 0.0654722 0.997854 0
    outer loop
      vertex 59.7912 18.4137 6
      vertex 60 18.4 0
      vertex 59.7912 18.4137 0
    endloop
  endfacet
  facet normal 0.555362 0.831609 -0
    outer loop
      vertex 59.2 18.6144 0
      vertex 59.026 18.7306 6
      vertex 59.2 18.6144 6
    endloop
  endfacet
  facet normal 0.555362 0.831609 0
    outer loop
      vertex 59.026 18.7306 6
      vertex 59.2 18.6144 0
      vertex 59.026 18.7306 0
    endloop
  endfacet
  facet normal 0.831609 0.555362 0
    outer loop
      vertex 58.7306 19.026 6
      vertex 58.6144 19.2 0
      vertex 58.6144 19.2 6
    endloop
  endfacet
  facet normal 0.831609 0.555362 0
    outer loop
      vertex 58.6144 19.2 0
      vertex 58.7306 19.026 6
      vertex 58.7306 19.026 0
    endloop
  endfacet
  facet normal -0.980819 -0.194922 0
    outer loop
      vertex 61.5863 20.2088 0
      vertex 61.5455 20.4141 6
      vertex 61.5455 20.4141 0
    endloop
  endfacet
  facet normal -0.980819 -0.194922 0
    outer loop
      vertex 61.5455 20.4141 6
      vertex 61.5863 20.2088 0
      vertex 61.5863 20.2088 6
    endloop
  endfacet
  facet normal -0.946901 -0.321526 0
    outer loop
      vertex 61.5455 20.4141 0
      vertex 61.4782 20.6123 6
      vertex 61.4782 20.6123 0
    endloop
  endfacet
  facet normal -0.946901 -0.321526 0
    outer loop
      vertex 61.4782 20.6123 6
      vertex 61.5455 20.4141 0
      vertex 61.5455 20.4141 6
    endloop
  endfacet
  facet normal -0.751925 -0.659248 0
    outer loop
      vertex 61.2694 20.974 0
      vertex 61.1314 21.1314 6
      vertex 61.1314 21.1314 0
    endloop
  endfacet
  facet normal -0.751925 -0.659248 0
    outer loop
      vertex 61.1314 21.1314 6
      vertex 61.2694 20.974 0
      vertex 61.2694 20.974 6
    endloop
  endfacet
  facet normal -0.659248 -0.751925 0
    outer loop
      vertex 60.974 21.2694 0
      vertex 61.1314 21.1314 6
      vertex 60.974 21.2694 6
    endloop
  endfacet
  facet normal -0.659248 -0.751925 -0
    outer loop
      vertex 61.1314 21.1314 6
      vertex 60.974 21.2694 0
      vertex 61.1314 21.1314 0
    endloop
  endfacet
  facet normal -0.442429 -0.896803 0
    outer loop
      vertex 60.6123 21.4782 0
      vertex 60.8 21.3856 6
      vertex 60.6123 21.4782 6
    endloop
  endfacet
  facet normal -0.442429 -0.896803 -0
    outer loop
      vertex 60.8 21.3856 6
      vertex 60.6123 21.4782 0
      vertex 60.8 21.3856 0
    endloop
  endfacet
  facet normal 0.0654722 -0.997854 0
    outer loop
      vertex 59.7912 21.5863 0
      vertex 60 21.6 6
      vertex 59.7912 21.5863 6
    endloop
  endfacet
  facet normal 0.0654722 -0.997854 0
    outer loop
      vertex 60 21.6 6
      vertex 59.7912 21.5863 0
      vertex 60 21.6 0
    endloop
  endfacet
  facet normal -0.194922 -0.980819 0
    outer loop
      vertex 60.2088 21.5863 0
      vertex 60.4141 21.5455 6
      vertex 60.2088 21.5863 6
    endloop
  endfacet
  facet normal -0.194922 -0.980819 -0
    outer loop
      vertex 60.4141 21.5455 6
      vertex 60.2088 21.5863 0
      vertex 60.4141 21.5455 0
    endloop
  endfacet
  facet normal 0.896803 -0.442429 0
    outer loop
      vertex 58.5218 20.6123 6
      vertex 58.6144 20.8 0
      vertex 58.6144 20.8 6
    endloop
  endfacet
  facet normal 0.896803 -0.442429 0
    outer loop
      vertex 58.6144 20.8 0
      vertex 58.5218 20.6123 6
      vertex 58.5218 20.6123 0
    endloop
  endfacet
  facet normal 0.194922 -0.980819 0
    outer loop
      vertex 59.5859 21.5455 0
      vertex 59.7912 21.5863 6
      vertex 59.5859 21.5455 6
    endloop
  endfacet
  facet normal 0.194922 -0.980819 0
    outer loop
      vertex 59.7912 21.5863 6
      vertex 59.5859 21.5455 0
      vertex 59.7912 21.5863 0
    endloop
  endfacet
  facet normal 0.659248 -0.751925 0
    outer loop
      vertex 58.8686 21.1314 0
      vertex 59.026 21.2694 6
      vertex 58.8686 21.1314 6
    endloop
  endfacet
  facet normal 0.659248 -0.751925 0
    outer loop
      vertex 59.026 21.2694 6
      vertex 58.8686 21.1314 0
      vertex 59.026 21.2694 0
    endloop
  endfacet
  facet normal 0.751925 -0.659248 0
    outer loop
      vertex 58.7306 20.974 6
      vertex 58.8686 21.1314 0
      vertex 58.8686 21.1314 6
    endloop
  endfacet
  facet normal 0.751925 -0.659248 0
    outer loop
      vertex 58.8686 21.1314 0
      vertex 58.7306 20.974 6
      vertex 58.7306 20.974 0
    endloop
  endfacet
  facet normal -0.997854 -0.0654722 0
    outer loop
      vertex 61.6 20 0
      vertex 61.5863 20.2088 6
      vertex 61.5863 20.2088 0
    endloop
  endfacet
  facet normal -0.997854 -0.0654722 0
    outer loop
      vertex 61.5863 20.2088 6
      vertex 61.6 20 0
      vertex 61.6 20 6
    endloop
  endfacet
  facet normal -0.194922 0.980819 0
    outer loop
      vertex 60.4141 18.4545 0
      vertex 60.2088 18.4137 6
      vertex 60.4141 18.4545 6
    endloop
  endfacet
  facet normal -0.194922 0.980819 0
    outer loop
      vertex 60.2088 18.4137 6
      vertex 60.4141 18.4545 0
      vertex 60.2088 18.4137 0
    endloop
  endfacet
  facet normal -0.659248 0.751925 0
    outer loop
      vertex 61.1314 18.8686 0
      vertex 60.974 18.7306 6
      vertex 61.1314 18.8686 6
    endloop
  endfacet
  facet normal -0.659248 0.751925 0
    outer loop
      vertex 60.974 18.7306 6
      vertex 61.1314 18.8686 0
      vertex 60.974 18.7306 0
    endloop
  endfacet
  facet normal -0.946901 0.321526 0
    outer loop
      vertex 61.4782 19.3877 0
      vertex 61.5455 19.5859 6
      vertex 61.5455 19.5859 0
    endloop
  endfacet
  facet normal -0.946901 0.321526 0
    outer loop
      vertex 61.5455 19.5859 6
      vertex 61.4782 19.3877 0
      vertex 61.4782 19.3877 6
    endloop
  endfacet
  facet normal 0.321526 0.946901 -0
    outer loop
      vertex 59.5859 18.4545 0
      vertex 59.3877 18.5218 6
      vertex 59.5859 18.4545 6
    endloop
  endfacet
  facet normal 0.321526 0.946901 0
    outer loop
      vertex 59.3877 18.5218 6
      vertex 59.5859 18.4545 0
      vertex 59.3877 18.5218 0
    endloop
  endfacet
  facet normal 0.896803 0.442429 0
    outer loop
      vertex 58.6144 19.2 6
      vertex 58.5218 19.3877 0
      vertex 58.5218 19.3877 6
    endloop
  endfacet
  facet normal 0.896803 0.442429 0
    outer loop
      vertex 58.5218 19.3877 0
      vertex 58.6144 19.2 6
      vertex 58.6144 19.2 0
    endloop
  endfacet
  facet normal 0.980819 0.194922 0
    outer loop
      vertex 58.4545 19.5859 6
      vertex 58.4137 19.7912 0
      vertex 58.4137 19.7912 6
    endloop
  endfacet
  facet normal 0.980819 0.194922 0
    outer loop
      vertex 58.4137 19.7912 0
      vertex 58.4545 19.5859 6
      vertex 58.4545 19.5859 0
    endloop
  endfacet
  facet normal 0.751925 0.659248 0
    outer loop
      vertex 58.8686 18.8686 6
      vertex 58.7306 19.026 0
      vertex 58.7306 19.026 6
    endloop
  endfacet
  facet normal 0.751925 0.659248 0
    outer loop
      vertex 58.7306 19.026 0
      vertex 58.8686 18.8686 6
      vertex 58.8686 18.8686 0
    endloop
  endfacet
  facet normal 0.659248 0.751925 -0
    outer loop
      vertex 59.026 18.7306 0
      vertex 58.8686 18.8686 6
      vertex 59.026 18.7306 6
    endloop
  endfacet
  facet normal 0.659248 0.751925 0
    outer loop
      vertex 58.8686 18.8686 6
      vertex 59.026 18.7306 0
      vertex 58.8686 18.8686 0
    endloop
  endfacet
  facet normal 0.997854 0.0654722 0
    outer loop
      vertex 58.4137 19.7912 6
      vertex 58.4 20 0
      vertex 58.4 20 6
    endloop
  endfacet
  facet normal 0.997854 0.0654722 0
    outer loop
      vertex 58.4 20 0
      vertex 58.4137 19.7912 6
      vertex 58.4137 19.7912 0
    endloop
  endfacet
  facet normal -0.321526 0.946901 0
    outer loop
      vertex 60.6123 18.5218 0
      vertex 60.4141 18.4545 6
      vertex 60.6123 18.5218 6
    endloop
  endfacet
  facet normal -0.321526 0.946901 0
    outer loop
      vertex 60.4141 18.4545 6
      vertex 60.6123 18.5218 0
      vertex 60.4141 18.4545 0
    endloop
  endfacet
  facet normal -0.751925 0.659248 0
    outer loop
      vertex 61.1314 18.8686 0
      vertex 61.2694 19.026 6
      vertex 61.2694 19.026 0
    endloop
  endfacet
  facet normal -0.751925 0.659248 0
    outer loop
      vertex 61.2694 19.026 6
      vertex 61.1314 18.8686 0
      vertex 61.1314 18.8686 6
    endloop
  endfacet
  facet normal -0.896803 0.442429 0
    outer loop
      vertex 61.3856 19.2 0
      vertex 61.4782 19.3877 6
      vertex 61.4782 19.3877 0
    endloop
  endfacet
  facet normal -0.896803 0.442429 0
    outer loop
      vertex 61.4782 19.3877 6
      vertex 61.3856 19.2 0
      vertex 61.3856 19.2 6
    endloop
  endfacet
  facet normal -0.0654722 0.997854 0
    outer loop
      vertex 60.2088 18.4137 0
      vertex 60 18.4 6
      vertex 60.2088 18.4137 6
    endloop
  endfacet
  facet normal -0.0654722 0.997854 0
    outer loop
      vertex 60 18.4 6
      vertex 60.2088 18.4137 0
      vertex 60 18.4 0
    endloop
  endfacet
  facet normal 0.442429 0.896803 -0
    outer loop
      vertex 59.3877 18.5218 0
      vertex 59.2 18.6144 6
      vertex 59.3877 18.5218 6
    endloop
  endfacet
  facet normal 0.442429 0.896803 0
    outer loop
      vertex 59.2 18.6144 6
      vertex 59.3877 18.5218 0
      vertex 59.2 18.6144 0
    endloop
  endfacet
  facet normal 0.946901 0.321526 0
    outer loop
      vertex 58.5218 19.3877 6
      vertex 58.4545 19.5859 0
      vertex 58.4545 19.5859 6
    endloop
  endfacet
  facet normal 0.946901 0.321526 0
    outer loop
      vertex 58.4545 19.5859 0
      vertex 58.5218 19.3877 6
      vertex 58.5218 19.3877 0
    endloop
  endfacet
  facet normal -0.946901 -0.321526 0
    outer loop
      vertex 61.5455 40.4141 0
      vertex 61.4782 40.6123 6
      vertex 61.4782 40.6123 0
    endloop
  endfacet
  facet normal -0.946901 -0.321526 0
    outer loop
      vertex 61.4782 40.6123 6
      vertex 61.5455 40.4141 0
      vertex 61.5455 40.4141 6
    endloop
  endfacet
  facet normal -0.997854 -0.0654722 0
    outer loop
      vertex 61.6 40 0
      vertex 61.5863 40.2088 6
      vertex 61.5863 40.2088 0
    endloop
  endfacet
  facet normal -0.997854 -0.0654722 0
    outer loop
      vertex 61.5863 40.2088 6
      vertex 61.6 40 0
      vertex 61.6 40 6
    endloop
  endfacet
  facet normal 0.0654722 -0.997854 0
    outer loop
      vertex 59.7912 41.5863 0
      vertex 60 41.6 6
      vertex 59.7912 41.5863 6
    endloop
  endfacet
  facet normal 0.0654722 -0.997854 0
    outer loop
      vertex 60 41.6 6
      vertex 59.7912 41.5863 0
      vertex 60 41.6 0
    endloop
  endfacet
  facet normal -0.659248 -0.751925 0
    outer loop
      vertex 60.974 41.2694 0
      vertex 61.1314 41.1314 6
      vertex 60.974 41.2694 6
    endloop
  endfacet
  facet normal -0.659248 -0.751925 -0
    outer loop
      vertex 61.1314 41.1314 6
      vertex 60.974 41.2694 0
      vertex 61.1314 41.1314 0
    endloop
  endfacet
  facet normal 0.751925 -0.659248 0
    outer loop
      vertex 58.7306 40.974 6
      vertex 58.8686 41.1314 0
      vertex 58.8686 41.1314 6
    endloop
  endfacet
  facet normal 0.751925 -0.659248 0
    outer loop
      vertex 58.8686 41.1314 0
      vertex 58.7306 40.974 6
      vertex 58.7306 40.974 0
    endloop
  endfacet
  facet normal 0.442429 -0.896803 0
    outer loop
      vertex 59.2 41.3856 0
      vertex 59.3877 41.4782 6
      vertex 59.2 41.3856 6
    endloop
  endfacet
  facet normal 0.442429 -0.896803 0
    outer loop
      vertex 59.3877 41.4782 6
      vertex 59.2 41.3856 0
      vertex 59.3877 41.4782 0
    endloop
  endfacet
  facet normal 0.751925 0.659248 0
    outer loop
      vertex 58.8686 38.8686 6
      vertex 58.7306 39.026 0
      vertex 58.7306 39.026 6
    endloop
  endfacet
  facet normal 0.751925 0.659248 0
    outer loop
      vertex 58.7306 39.026 0
      vertex 58.8686 38.8686 6
      vertex 58.8686 38.8686 0
    endloop
  endfacet
  facet normal -0.896803 -0.442429 0
    outer loop
      vertex 61.4782 40.6123 0
      vertex 61.3856 40.8 6
      vertex 61.3856 40.8 0
    endloop
  endfacet
  facet normal -0.896803 -0.442429 0
    outer loop
      vertex 61.3856 40.8 6
      vertex 61.4782 40.6123 0
      vertex 61.4782 40.6123 6
    endloop
  endfacet
  facet normal -0.831609 -0.555362 0
    outer loop
      vertex 61.3856 40.8 0
      vertex 61.2694 40.974 6
      vertex 61.2694 40.974 0
    endloop
  endfacet
  facet normal -0.831609 -0.555362 0
    outer loop
      vertex 61.2694 40.974 6
      vertex 61.3856 40.8 0
      vertex 61.3856 40.8 6
    endloop
  endfacet
  facet normal -0.321526 -0.946901 0
    outer loop
      vertex 60.4141 41.5455 0
      vertex 60.6123 41.4782 6
      vertex 60.4141 41.5455 6
    endloop
  endfacet
  facet normal -0.321526 -0.946901 -0
    outer loop
      vertex 60.6123 41.4782 6
      vertex 60.4141 41.5455 0
      vertex 60.6123 41.4782 0
    endloop
  endfacet
  facet normal -0.194922 -0.980819 0
    outer loop
      vertex 60.2088 41.5863 0
      vertex 60.4141 41.5455 6
      vertex 60.2088 41.5863 6
    endloop
  endfacet
  facet normal -0.194922 -0.980819 -0
    outer loop
      vertex 60.4141 41.5455 6
      vertex 60.2088 41.5863 0
      vertex 60.4141 41.5455 0
    endloop
  endfacet
  facet normal -0.555362 -0.831609 0
    outer loop
      vertex 60.8 41.3856 0
      vertex 60.974 41.2694 6
      vertex 60.8 41.3856 6
    endloop
  endfacet
  facet normal -0.555362 -0.831609 -0
    outer loop
      vertex 60.974 41.2694 6
      vertex 60.8 41.3856 0
      vertex 60.974 41.2694 0
    endloop
  endfacet
  facet normal 0.946901 -0.321526 0
    outer loop
      vertex 58.4545 40.4141 6
      vertex 58.5218 40.6123 0
      vertex 58.5218 40.6123 6
    endloop
  endfacet
  facet normal 0.946901 -0.321526 0
    outer loop
      vertex 58.5218 40.6123 0
      vertex 58.4545 40.4141 6
      vertex 58.4545 40.4141 0
    endloop
  endfacet
  facet normal 0.896803 -0.442429 0
    outer loop
      vertex 58.5218 40.6123 6
      vertex 58.6144 40.8 0
      vertex 58.6144 40.8 6
    endloop
  endfacet
  facet normal 0.896803 -0.442429 0
    outer loop
      vertex 58.6144 40.8 0
      vertex 58.5218 40.6123 6
      vertex 58.5218 40.6123 0
    endloop
  endfacet
  facet normal 0.980819 -0.194922 0
    outer loop
      vertex 58.4137 40.2088 6
      vertex 58.4545 40.4141 0
      vertex 58.4545 40.4141 6
    endloop
  endfacet
  facet normal 0.980819 -0.194922 0
    outer loop
      vertex 58.4545 40.4141 0
      vertex 58.4137 40.2088 6
      vertex 58.4137 40.2088 0
    endloop
  endfacet
  facet normal 0.997854 0.0654722 0
    outer loop
      vertex 58.4137 39.7912 6
      vertex 58.4 40 0
      vertex 58.4 40 6
    endloop
  endfacet
  facet normal 0.997854 0.0654722 0
    outer loop
      vertex 58.4 40 0
      vertex 58.4137 39.7912 6
      vertex 58.4137 39.7912 0
    endloop
  endfacet
  facet normal 0.555362 -0.831609 0
    outer loop
      vertex 59.026 41.2694 0
      vertex 59.2 41.3856 6
      vertex 59.026 41.2694 6
    endloop
  endfacet
  facet normal 0.555362 -0.831609 0
    outer loop
      vertex 59.2 41.3856 6
      vertex 59.026 41.2694 0
      vertex 59.2 41.3856 0
    endloop
  endfacet
  facet normal 0.194922 -0.980819 0
    outer loop
      vertex 59.5859 41.5455 0
      vertex 59.7912 41.5863 6
      vertex 59.5859 41.5455 6
    endloop
  endfacet
  facet normal 0.194922 -0.980819 0
    outer loop
      vertex 59.7912 41.5863 6
      vertex 59.5859 41.5455 0
      vertex 59.7912 41.5863 0
    endloop
  endfacet
  facet normal -0.751925 0.659248 0
    outer loop
      vertex 61.1314 38.8686 0
      vertex 61.2694 39.026 6
      vertex 61.2694 39.026 0
    endloop
  endfacet
  facet normal -0.751925 0.659248 0
    outer loop
      vertex 61.2694 39.026 6
      vertex 61.1314 38.8686 0
      vertex 61.1314 38.8686 6
    endloop
  endfacet
  facet normal -0.555362 0.831609 0
    outer loop
      vertex 60.974 38.7306 0
      vertex 60.8 38.6144 6
      vertex 60.974 38.7306 6
    endloop
  endfacet
  facet normal -0.555362 0.831609 0
    outer loop
      vertex 60.8 38.6144 6
      vertex 60.974 38.7306 0
      vertex 60.8 38.6144 0
    endloop
  endfacet
  facet normal -0.980819 0.194922 0
    outer loop
      vertex 61.5455 39.5859 0
      vertex 61.5863 39.7912 6
      vertex 61.5863 39.7912 0
    endloop
  endfacet
  facet normal -0.980819 0.194922 0
    outer loop
      vertex 61.5863 39.7912 6
      vertex 61.5455 39.5859 0
      vertex 61.5455 39.5859 6
    endloop
  endfacet
  facet normal 0.194922 0.980819 -0
    outer loop
      vertex 59.7912 38.4137 0
      vertex 59.5859 38.4545 6
      vertex 59.7912 38.4137 6
    endloop
  endfacet
  facet normal 0.194922 0.980819 0
    outer loop
      vertex 59.5859 38.4545 6
      vertex 59.7912 38.4137 0
      vertex 59.5859 38.4545 0
    endloop
  endfacet
  facet normal 0.321526 0.946901 -0
    outer loop
      vertex 59.5859 38.4545 0
      vertex 59.3877 38.5218 6
      vertex 59.5859 38.4545 6
    endloop
  endfacet
  facet normal 0.321526 0.946901 0
    outer loop
      vertex 59.3877 38.5218 6
      vertex 59.5859 38.4545 0
      vertex 59.3877 38.5218 0
    endloop
  endfacet
  facet normal 0.831609 0.555362 0
    outer loop
      vertex 58.7306 39.026 6
      vertex 58.6144 39.2 0
      vertex 58.6144 39.2 6
    endloop
  endfacet
  facet normal 0.831609 0.555362 0
    outer loop
      vertex 58.6144 39.2 0
      vertex 58.7306 39.026 6
      vertex 58.7306 39.026 0
    endloop
  endfacet
  facet normal -0.980819 -0.194922 0
    outer loop
      vertex 61.5863 40.2088 0
      vertex 61.5455 40.4141 6
      vertex 61.5455 40.4141 0
    endloop
  endfacet
  facet normal -0.980819 -0.194922 0
    outer loop
      vertex 61.5455 40.4141 6
      vertex 61.5863 40.2088 0
      vertex 61.5863 40.2088 6
    endloop
  endfacet
  facet normal -0.751925 -0.659248 0
    outer loop
      vertex 61.2694 40.974 0
      vertex 61.1314 41.1314 6
      vertex 61.1314 41.1314 0
    endloop
  endfacet
  facet normal -0.751925 -0.659248 0
    outer loop
      vertex 61.1314 41.1314 6
      vertex 61.2694 40.974 0
      vertex 61.2694 40.974 6
    endloop
  endfacet
  facet normal -0.0654722 -0.997854 0
    outer loop
      vertex 60 41.6 0
      vertex 60.2088 41.5863 6
      vertex 60 41.6 6
    endloop
  endfacet
  facet normal -0.0654722 -0.997854 -0
    outer loop
      vertex 60.2088 41.5863 6
      vertex 60 41.6 0
      vertex 60.2088 41.5863 0
    endloop
  endfacet
  facet normal -0.442429 -0.896803 0
    outer loop
      vertex 60.6123 41.4782 0
      vertex 60.8 41.3856 6
      vertex 60.6123 41.4782 6
    endloop
  endfacet
  facet normal -0.442429 -0.896803 -0
    outer loop
      vertex 60.8 41.3856 6
      vertex 60.6123 41.4782 0
      vertex 60.8 41.3856 0
    endloop
  endfacet
  facet normal 0.831609 -0.555362 0
    outer loop
      vertex 58.6144 40.8 6
      vertex 58.7306 40.974 0
      vertex 58.7306 40.974 6
    endloop
  endfacet
  facet normal 0.831609 -0.555362 0
    outer loop
      vertex 58.7306 40.974 0
      vertex 58.6144 40.8 6
      vertex 58.6144 40.8 0
    endloop
  endfacet
  facet normal 0.997854 -0.0654722 0
    outer loop
      vertex 58.4 40 6
      vertex 58.4137 40.2088 0
      vertex 58.4137 40.2088 6
    endloop
  endfacet
  facet normal 0.997854 -0.0654722 0
    outer loop
      vertex 58.4137 40.2088 0
      vertex 58.4 40 6
      vertex 58.4 40 0
    endloop
  endfacet
  facet normal 0.659248 -0.751925 0
    outer loop
      vertex 58.8686 41.1314 0
      vertex 59.026 41.2694 6
      vertex 58.8686 41.1314 6
    endloop
  endfacet
  facet normal 0.659248 -0.751925 0
    outer loop
      vertex 59.026 41.2694 6
      vertex 58.8686 41.1314 0
      vertex 59.026 41.2694 0
    endloop
  endfacet
  facet normal 0.321526 -0.946901 0
    outer loop
      vertex 59.3877 41.4782 0
      vertex 59.5859 41.5455 6
      vertex 59.3877 41.4782 6
    endloop
  endfacet
  facet normal 0.321526 -0.946901 0
    outer loop
      vertex 59.5859 41.5455 6
      vertex 59.3877 41.4782 0
      vertex 59.5859 41.5455 0
    endloop
  endfacet
  facet normal -0.442429 0.896803 0
    outer loop
      vertex 60.8 38.6144 0
      vertex 60.6123 38.5218 6
      vertex 60.8 38.6144 6
    endloop
  endfacet
  facet normal -0.442429 0.896803 0
    outer loop
      vertex 60.6123 38.5218 6
      vertex 60.8 38.6144 0
      vertex 60.6123 38.5218 0
    endloop
  endfacet
  facet normal -0.194922 0.980819 0
    outer loop
      vertex 60.4141 38.4545 0
      vertex 60.2088 38.4137 6
      vertex 60.4141 38.4545 6
    endloop
  endfacet
  facet normal -0.194922 0.980819 0
    outer loop
      vertex 60.2088 38.4137 6
      vertex 60.4141 38.4545 0
      vertex 60.2088 38.4137 0
    endloop
  endfacet
  facet normal -0.321526 0.946901 0
    outer loop
      vertex 60.6123 38.5218 0
      vertex 60.4141 38.4545 6
      vertex 60.6123 38.5218 6
    endloop
  endfacet
  facet normal -0.321526 0.946901 0
    outer loop
      vertex 60.4141 38.4545 6
      vertex 60.6123 38.5218 0
      vertex 60.4141 38.4545 0
    endloop
  endfacet
  facet normal -0.659248 0.751925 0
    outer loop
      vertex 61.1314 38.8686 0
      vertex 60.974 38.7306 6
      vertex 61.1314 38.8686 6
    endloop
  endfacet
  facet normal -0.659248 0.751925 0
    outer loop
      vertex 60.974 38.7306 6
      vertex 61.1314 38.8686 0
      vertex 60.974 38.7306 0
    endloop
  endfacet
  facet normal -0.946901 0.321526 0
    outer loop
      vertex 61.4782 39.3877 0
      vertex 61.5455 39.5859 6
      vertex 61.5455 39.5859 0
    endloop
  endfacet
  facet normal -0.946901 0.321526 0
    outer loop
      vertex 61.5455 39.5859 6
      vertex 61.4782 39.3877 0
      vertex 61.4782 39.3877 6
    endloop
  endfacet
  facet normal -0.831609 0.555362 0
    outer loop
      vertex 61.2694 39.026 0
      vertex 61.3856 39.2 6
      vertex 61.3856 39.2 0
    endloop
  endfacet
  facet normal -0.831609 0.555362 0
    outer loop
      vertex 61.3856 39.2 6
      vertex 61.2694 39.026 0
      vertex 61.2694 39.026 6
    endloop
  endfacet
  facet normal -0.896803 0.442429 0
    outer loop
      vertex 61.3856 39.2 0
      vertex 61.4782 39.3877 6
      vertex 61.4782 39.3877 0
    endloop
  endfacet
  facet normal -0.896803 0.442429 0
    outer loop
      vertex 61.4782 39.3877 6
      vertex 61.3856 39.2 0
      vertex 61.3856 39.2 6
    endloop
  endfacet
  facet normal -0.997854 0.0654722 0
    outer loop
      vertex 61.5863 39.7912 0
      vertex 61.6 40 6
      vertex 61.6 40 0
    endloop
  endfacet
  facet normal -0.997854 0.0654722 0
    outer loop
      vertex 61.6 40 6
      vertex 61.5863 39.7912 0
      vertex 61.5863 39.7912 6
    endloop
  endfacet
  facet normal 0.0654722 0.997854 -0
    outer loop
      vertex 60 38.4 0
      vertex 59.7912 38.4137 6
      vertex 60 38.4 6
    endloop
  endfacet
  facet normal 0.0654722 0.997854 0
    outer loop
      vertex 59.7912 38.4137 6
      vertex 60 38.4 0
      vertex 59.7912 38.4137 0
    endloop
  endfacet
  facet normal 0.555362 0.831609 -0
    outer loop
      vertex 59.2 38.6144 0
      vertex 59.026 38.7306 6
      vertex 59.2 38.6144 6
    endloop
  endfacet
  facet normal 0.555362 0.831609 0
    outer loop
      vertex 59.026 38.7306 6
      vertex 59.2 38.6144 0
      vertex 59.026 38.7306 0
    endloop
  endfacet
  facet normal -0.0654722 0.997854 0
    outer loop
      vertex 60.2088 38.4137 0
      vertex 60 38.4 6
      vertex 60.2088 38.4137 6
    endloop
  endfacet
  facet normal -0.0654722 0.997854 0
    outer loop
      vertex 60 38.4 6
      vertex 60.2088 38.4137 0
      vertex 60 38.4 0
    endloop
  endfacet
  facet normal 0.442429 0.896803 -0
    outer loop
      vertex 59.3877 38.5218 0
      vertex 59.2 38.6144 6
      vertex 59.3877 38.5218 6
    endloop
  endfacet
  facet normal 0.442429 0.896803 0
    outer loop
      vertex 59.2 38.6144 6
      vertex 59.3877 38.5218 0
      vertex 59.2 38.6144 0
    endloop
  endfacet
  facet normal 0.659248 0.751925 -0
    outer loop
      vertex 59.026 38.7306 0
      vertex 58.8686 38.8686 6
      vertex 59.026 38.7306 6
    endloop
  endfacet
  facet normal 0.659248 0.751925 0
    outer loop
      vertex 58.8686 38.8686 6
      vertex 59.026 38.7306 0
      vertex 58.8686 38.8686 0
    endloop
  endfacet
  facet normal 0.896803 0.442429 0
    outer loop
      vertex 58.6144 39.2 6
      vertex 58.5218 39.3877 0
      vertex 58.5218 39.3877 6
    endloop
  endfacet
  facet normal 0.896803 0.442429 0
    outer loop
      vertex 58.5218 39.3877 0
      vertex 58.6144 39.2 6
      vertex 58.6144 39.2 0
    endloop
  endfacet
  facet normal 0.980819 0.194922 0
    outer loop
      vertex 58.4545 39.5859 6
      vertex 58.4137 39.7912 0
      vertex 58.4137 39.7912 6
    endloop
  endfacet
  facet normal 0.980819 0.194922 0
    outer loop
      vertex 58.4137 39.7912 0
      vertex 58.4545 39.5859 6
      vertex 58.4545 39.5859 0
    endloop
  endfacet
  facet normal 0.946901 0.321526 0
    outer loop
      vertex 58.5218 39.3877 6
      vertex 58.4545 39.5859 0
      vertex 58.4545 39.5859 6
    endloop
  endfacet
  facet normal 0.946901 0.321526 0
    outer loop
      vertex 58.4545 39.5859 0
      vertex 58.5218 39.3877 6
      vertex 58.5218 39.3877 0
    endloop
  endfacet
  facet normal 1 -0 0
    outer loop
      vertex 12 22 6
      vertex 12 38 0
      vertex 12 38 6
    endloop
  endfacet
  facet normal 1 0 0
    outer loop
      vertex 12 38 0
      vertex 12 22 6
      vertex 12 22 0
    endloop
  endfacet
  facet normal -1 0 0
    outer loop
      vertex 18 22 0
      vertex 18 38 6
      vertex 18 38 0
    endloop
  endfacet
  facet normal -1 -0 0
    outer loop
      vertex 18 38 6
      vertex 18 22 0
      vertex 18 22 6
    endloop
  endfacet
  facet normal 0 -1 0
    outer loop
      vertex 12 38 0
      vertex 18 38 6
      vertex 12 38 6
    endloop
  endfacet
  facet normal 0 -1 -0
    outer loop
      vertex 18 38 6
      vertex 12 38 0
      vertex 18 38 0
    endloop
  endfacet
  facet normal 0 1 -0
    outer loop
      vertex 18 22 0
      vertex 12 22 6
      vertex 18 22 6
    endloop
  endfacet
  facet normal 0 1 0
    outer loop
      vertex 12 22 6
      vertex 18 22 0
      vertex 12 22 0
    endloop
  endfacet
  facet normal 1 -0 0
    outer loop
      vertex 21 22 6
      vertex 21 38 0
      vertex 21 38 6
    endloop
  endfacet
  facet normal 1 0 0
    outer loop
      vertex 21 38 0
      vertex 21 22 6
      vertex 21 22 0
    endloop
  endfacet
  facet normal -1 0 0
    outer loop
      vertex 27 22 0
      vertex 27 38 6
      vertex 27 38 0
    endloop
  endfacet
  facet normal -1 -0 0
    outer loop
      vertex 27 38 6
      vertex 27 22 0
      vertex 27 22 6
    endloop
  endfacet
  facet normal 0 -1 0
    outer loop
      vertex 21 38 0
      vertex 27 38 6
      vertex 21 38 6
    endloop
  endfacet
  facet normal 0 -1 -0
    outer loop
      vertex 27 38 6
      vertex 21 38 0
      vertex 27 38 0
    endloop
  endfacet
  facet normal 0 1 -0
    outer loop
      vertex 27 22 0
      vertex 21 22 6
      vertex 27 22 6
    endloop
  endfacet
  facet normal 0 1 0
    outer loop
      vertex 21 22 6
      vertex 27 22 0
      vertex 21 22 0
    endloop
  endfacet
  facet normal 1 -0 0
    outer loop
      vertex 70 22 6
      vertex 70 38 0
      vertex 70 38 6
    endloop
  endfacet
  facet normal 1 0 0
    outer loop
      vertex 70 38 0
      vertex 70 22 6
      vertex 70 22 0
    endloop
  endfacet
  facet normal -1 0 0
    outer loop
      vertex 76 22 0
      vertex 76 38 6
      vertex 76 38 0
    endloop
  endfacet
  facet normal -1 -0 0
    outer loop
      vertex 76 38 6
      vertex 76 22 0
      vertex 76 22 6
    endloop
  endfacet
  facet normal 0 1 -0
    outer loop
      vertex 76 22 0
      vertex 70 22 6
      vertex 76 22 6
    endloop
  endfacet
  facet normal 0 1 0
    outer loop
      vertex 70 22 6
      vertex 76 22 0
      vertex 70 22 0
    endloop
  endfacet
  facet normal 0 -1 0
    outer loop
      vertex 70 38 0
      vertex 76 38 6
      vertex 70 38 6
    endloop
  endfacet
  facet normal 0 -1 -0
    outer loop
      vertex 76 38 6
      vertex 70 38 0
      vertex 76 38 0
    endloop
  endfacet
  facet normal 1 -0 0
    outer loop
      vertex 79 22 6
      vertex 79 38 0
      vertex 79 38 6
    endloop
  endfacet
  facet normal 1 0 0
    outer loop
      vertex 79 38 0
      vertex 79 22 6
      vertex 79 22 0
    endloop
  endfacet
  facet normal -1 0 0
    outer loop
      vertex 85 22 0
      vertex 85 38 6
      vertex 85 38 0
    endloop
  endfacet
  facet normal -1 -0 0
    outer loop
      vertex 85 38 6
      vertex 85 22 0
      vertex 85 22 6
    endloop
  endfacet
  facet normal 0 -1 0
    outer loop
      vertex 79 38 0
      vertex 85 38 6
      vertex 79 38 6
    endloop
  endfacet
  facet normal 0 -1 -0
    outer loop
      vertex 85 38 6
      vertex 79 38 0
      vertex 85 38 0
    endloop
  endfacet
  facet normal 0 1 -0
    outer loop
      vertex 85 22 0
      vertex 79 22 6
      vertex 85 22 6
    endloop
  endfacet
  facet normal 0 1 0
    outer loop
      vertex 79 22 6
      vertex 85 22 0
      vertex 79 22 0
    endloop
  endfacet
  facet normal -0.997854 -0.0654722 0
    outer loop
      vertex 21.1 16 0
      vertex 21.0863 16.2088 6
      vertex 21.0863 16.2088 0
    endloop
  endfacet
  facet normal -0.997854 -0.0654722 0
    outer loop
      vertex 21.0863 16.2088 6
      vertex 21.1 16 0
      vertex 21.1 16 6
    endloop
  endfacet
  facet normal 0.0654722 -0.997854 0
    outer loop
      vertex 19.2912 17.5863 0
      vertex 19.5 17.6 6
      vertex 19.2912 17.5863 6
    endloop
  endfacet
  facet normal 0.0654722 -0.997854 0
    outer loop
      vertex 19.5 17.6 6
      vertex 19.2912 17.5863 0
      vertex 19.5 17.6 0
    endloop
  endfacet
  facet normal -0.659248 -0.751925 0
    outer loop
      vertex 20.474 17.2694 0
      vertex 20.6314 17.1314 6
      vertex 20.474 17.2694 6
    endloop
  endfacet
  facet normal -0.659248 -0.751925 -0
    outer loop
      vertex 20.6314 17.1314 6
      vertex 20.474 17.2694 0
      vertex 20.6314 17.1314 0
    endloop
  endfacet
  facet normal 0.751925 -0.659248 0
    outer loop
      vertex 18.2306 16.974 6
      vertex 18.3686 17.1314 0
      vertex 18.3686 17.1314 6
    endloop
  endfacet
  facet normal 0.751925 -0.659248 0
    outer loop
      vertex 18.3686 17.1314 0
      vertex 18.2306 16.974 6
      vertex 18.2306 16.974 0
    endloop
  endfacet
  facet normal 0.442429 -0.896803 0
    outer loop
      vertex 18.7 17.3856 0
      vertex 18.8877 17.4782 6
      vertex 18.7 17.3856 6
    endloop
  endfacet
  facet normal 0.442429 -0.896803 0
    outer loop
      vertex 18.8877 17.4782 6
      vertex 18.7 17.3856 0
      vertex 18.8877 17.4782 0
    endloop
  endfacet
  facet normal -0.896803 -0.442429 0
    outer loop
      vertex 20.9782 16.6123 0
      vertex 20.8856 16.8 6
      vertex 20.8856 16.8 0
    endloop
  endfacet
  facet normal -0.896803 -0.442429 0
    outer loop
      vertex 20.8856 16.8 6
      vertex 20.9782 16.6123 0
      vertex 20.9782 16.6123 6
    endloop
  endfacet
  facet normal -0.831609 -0.555362 0
    outer loop
      vertex 20.8856 16.8 0
      vertex 20.7694 16.974 6
      vertex 20.7694 16.974 0
    endloop
  endfacet
  facet normal -0.831609 -0.555362 0
    outer loop
      vertex 20.7694 16.974 6
      vertex 20.8856 16.8 0
      vertex 20.8856 16.8 6
    endloop
  endfacet
  facet normal -0.321526 -0.946901 0
    outer loop
      vertex 19.9141 17.5455 0
      vertex 20.1123 17.4782 6
      vertex 19.9141 17.5455 6
    endloop
  endfacet
  facet normal -0.321526 -0.946901 -0
    outer loop
      vertex 20.1123 17.4782 6
      vertex 19.9141 17.5455 0
      vertex 20.1123 17.4782 0
    endloop
  endfacet
  facet normal -0.194922 -0.980819 0
    outer loop
      vertex 19.7088 17.5863 0
      vertex 19.9141 17.5455 6
      vertex 19.7088 17.5863 6
    endloop
  endfacet
  facet normal -0.194922 -0.980819 -0
    outer loop
      vertex 19.9141 17.5455 6
      vertex 19.7088 17.5863 0
      vertex 19.9141 17.5455 0
    endloop
  endfacet
  facet normal -0.442429 -0.896803 0
    outer loop
      vertex 20.1123 17.4782 0
      vertex 20.3 17.3856 6
      vertex 20.1123 17.4782 6
    endloop
  endfacet
  facet normal -0.442429 -0.896803 -0
    outer loop
      vertex 20.3 17.3856 6
      vertex 20.1123 17.4782 0
      vertex 20.3 17.3856 0
    endloop
  endfacet
  facet normal 0.946901 -0.321526 0
    outer loop
      vertex 17.9545 16.4141 6
      vertex 18.0218 16.6123 0
      vertex 18.0218 16.6123 6
    endloop
  endfacet
  facet normal 0.946901 -0.321526 0
    outer loop
      vertex 18.0218 16.6123 0
      vertex 17.9545 16.4141 6
      vertex 17.9545 16.4141 0
    endloop
  endfacet
  facet normal 0.980819 -0.194922 0
    outer loop
      vertex 17.9137 16.2088 6
      vertex 17.9545 16.4141 0
      vertex 17.9545 16.4141 6
    endloop
  endfacet
  facet normal 0.980819 -0.194922 0
    outer loop
      vertex 17.9545 16.4141 0
      vertex 17.9137 16.2088 6
      vertex 17.9137 16.2088 0
    endloop
  endfacet
  facet normal 0.555362 -0.831609 0
    outer loop
      vertex 18.526 17.2694 0
      vertex 18.7 17.3856 6
      vertex 18.526 17.2694 6
    endloop
  endfacet
  facet normal 0.555362 -0.831609 0
    outer loop
      vertex 18.7 17.3856 6
      vertex 18.526 17.2694 0
      vertex 18.7 17.3856 0
    endloop
  endfacet
  facet normal 0.321526 -0.946901 0
    outer loop
      vertex 18.8877 17.4782 0
      vertex 19.0859 17.5455 6
      vertex 18.8877 17.4782 6
    endloop
  endfacet
  facet normal 0.321526 -0.946901 0
    outer loop
      vertex 19.0859 17.5455 6
      vertex 18.8877 17.4782 0
      vertex 19.0859 17.5455 0
    endloop
  endfacet
  facet normal -0.555362 0.831609 0
    outer loop
      vertex 20.474 14.7306 0
      vertex 20.3 14.6144 6
      vertex 20.474 14.7306 6
    endloop
  endfacet
  facet normal -0.555362 0.831609 0
    outer loop
      vertex 20.3 14.6144 6
      vertex 20.474 14.7306 0
      vertex 20.3 14.6144 0
    endloop
  endfacet
  facet normal -0.980819 0.194922 0
    outer loop
      vertex 21.0455 15.5859 0
      vertex 21.0863 15.7912 6
      vertex 21.0863 15.7912 0
    endloop
  endfacet
  facet normal -0.980819 0.194922 0
    outer loop
      vertex 21.0863 15.7912 6
      vertex 21.0455 15.5859 0
      vertex 21.0455 15.5859 6
    endloop
  endfacet
  facet normal 0.194922 0.980819 -0
    outer loop
      vertex 19.2912 14.4137 0
      vertex 19.0859 14.4545 6
      vertex 19.2912 14.4137 6
    endloop
  endfacet
  facet normal 0.194922 0.980819 0
    outer loop
      vertex 19.0859 14.4545 6
      vertex 19.2912 14.4137 0
      vertex 19.0859 14.4545 0
    endloop
  endfacet
  facet normal 0.831609 0.555362 0
    outer loop
      vertex 18.2306 15.026 6
      vertex 18.1144 15.2 0
      vertex 18.1144 15.2 6
    endloop
  endfacet
  facet normal 0.831609 0.555362 0
    outer loop
      vertex 18.1144 15.2 0
      vertex 18.2306 15.026 6
      vertex 18.2306 15.026 0
    endloop
  endfacet
  facet normal -0.946901 -0.321526 0
    outer loop
      vertex 21.0455 16.4141 0
      vertex 20.9782 16.6123 6
      vertex 20.9782 16.6123 0
    endloop
  endfacet
  facet normal -0.946901 -0.321526 0
    outer loop
      vertex 20.9782 16.6123 6
      vertex 21.0455 16.4141 0
      vertex 21.0455 16.4141 6
    endloop
  endfacet
  facet normal -0.980819 -0.194922 0
    outer loop
      vertex 21.0863 16.2088 0
      vertex 21.0455 16.4141 6
      vertex 21.0455 16.4141 0
    endloop
  endfacet
  facet normal -0.980819 -0.194922 0
    outer loop
      vertex 21.0455 16.4141 6
      vertex 21.0863 16.2088 0
      vertex 21.0863 16.2088 6
    endloop
  endfacet
  facet normal -0.751925 -0.659248 0
    outer loop
      vertex 20.7694 16.974 0
      vertex 20.6314 17.1314 6
      vertex 20.6314 17.1314 0
    endloop
  endfacet
  facet normal -0.751925 -0.659248 0
    outer loop
      vertex 20.6314 17.1314 6
      vertex 20.7694 16.974 0
      vertex 20.7694 16.974 6
    endloop
  endfacet
  facet normal -0.0654722 -0.997854 0
    outer loop
      vertex 19.5 17.6 0
      vertex 19.7088 17.5863 6
      vertex 19.5 17.6 6
    endloop
  endfacet
  facet normal -0.0654722 -0.997854 -0
    outer loop
      vertex 19.7088 17.5863 6
      vertex 19.5 17.6 0
      vertex 19.7088 17.5863 0
    endloop
  endfacet
  facet normal -0.555362 -0.831609 0
    outer loop
      vertex 20.3 17.3856 0
      vertex 20.474 17.2694 6
      vertex 20.3 17.3856 6
    endloop
  endfacet
  facet normal -0.555362 -0.831609 -0
    outer loop
      vertex 20.474 17.2694 6
      vertex 20.3 17.3856 0
      vertex 20.474 17.2694 0
    endloop
  endfacet
  facet normal 0.896803 -0.442429 0
    outer loop
      vertex 18.0218 16.6123 6
      vertex 18.1144 16.8 0
      vertex 18.1144 16.8 6
    endloop
  endfacet
  facet normal 0.896803 -0.442429 0
    outer loop
      vertex 18.1144 16.8 0
      vertex 18.0218 16.6123 6
      vertex 18.0218 16.6123 0
    endloop
  endfacet
  facet normal 0.831609 -0.555362 0
    outer loop
      vertex 18.1144 16.8 6
      vertex 18.2306 16.974 0
      vertex 18.2306 16.974 6
    endloop
  endfacet
  facet normal 0.831609 -0.555362 0
    outer loop
      vertex 18.2306 16.974 0
      vertex 18.1144 16.8 6
      vertex 18.1144 16.8 0
    endloop
  endfacet
  facet normal 0.997854 -0.0654722 0
    outer loop
      vertex 17.9 16 6
      vertex 17.9137 16.2088 0
      vertex 17.9137 16.2088 6
    endloop
  endfacet
  facet normal 0.997854 -0.0654722 0
    outer loop
      vertex 17.9137 16.2088 0
      vertex 17.9 16 6
      vertex 17.9 16 0
    endloop
  endfacet
  facet normal 0.659248 -0.751925 0
    outer loop
      vertex 18.3686 17.1314 0
      vertex 18.526 17.2694 6
      vertex 18.3686 17.1314 6
    endloop
  endfacet
  facet normal 0.659248 -0.751925 0
    outer loop
      vertex 18.526 17.2694 6
      vertex 18.3686 17.1314 0
      vertex 18.526 17.2694 0
    endloop
  endfacet
  facet normal 0.194922 -0.980819 0
    outer loop
      vertex 19.0859 17.5455 0
      vertex 19.2912 17.5863 6
      vertex 19.0859 17.5455 6
    endloop
  endfacet
  facet normal 0.194922 -0.980819 0
    outer loop
      vertex 19.2912 17.5863 6
      vertex 19.0859 17.5455 0
      vertex 19.2912 17.5863 0
    endloop
  endfacet
  facet normal -0.997854 0.0654722 0
    outer loop
      vertex 21.0863 15.7912 0
      vertex 21.1 16 6
      vertex 21.1 16 0
    endloop
  endfacet
  facet normal -0.997854 0.0654722 0
    outer loop
      vertex 21.1 16 6
      vertex 21.0863 15.7912 0
      vertex 21.0863 15.7912 6
    endloop
  endfacet
  facet normal -0.194922 0.980819 0
    outer loop
      vertex 19.9141 14.4545 0
      vertex 19.7088 14.4137 6
      vertex 19.9141 14.4545 6
    endloop
  endfacet
  facet normal -0.194922 0.980819 0
    outer loop
      vertex 19.7088 14.4137 6
      vertex 19.9141 14.4545 0
      vertex 19.7088 14.4137 0
    endloop
  endfacet
  facet normal -0.442429 0.896803 0
    outer loop
      vertex 20.3 14.6144 0
      vertex 20.1123 14.5218 6
      vertex 20.3 14.6144 6
    endloop
  endfacet
  facet normal -0.442429 0.896803 0
    outer loop
      vertex 20.1123 14.5218 6
      vertex 20.3 14.6144 0
      vertex 20.1123 14.5218 0
    endloop
  endfacet
  facet normal -0.659248 0.751925 0
    outer loop
      vertex 20.6314 14.8686 0
      vertex 20.474 14.7306 6
      vertex 20.6314 14.8686 6
    endloop
  endfacet
  facet normal -0.659248 0.751925 0
    outer loop
      vertex 20.474 14.7306 6
      vertex 20.6314 14.8686 0
      vertex 20.474 14.7306 0
    endloop
  endfacet
  facet normal -0.831609 0.555362 0
    outer loop
      vertex 20.7694 15.026 0
      vertex 20.8856 15.2 6
      vertex 20.8856 15.2 0
    endloop
  endfacet
  facet normal -0.831609 0.555362 0
    outer loop
      vertex 20.8856 15.2 6
      vertex 20.7694 15.026 0
      vertex 20.7694 15.026 6
    endloop
  endfacet
  facet normal -0.946901 0.321526 0
    outer loop
      vertex 20.9782 15.3877 0
      vertex 21.0455 15.5859 6
      vertex 21.0455 15.5859 0
    endloop
  endfacet
  facet normal -0.946901 0.321526 0
    outer loop
      vertex 21.0455 15.5859 6
      vertex 20.9782 15.3877 0
      vertex 20.9782 15.3877 6
    endloop
  endfacet
  facet normal 0.555362 0.831609 -0
    outer loop
      vertex 18.7 14.6144 0
      vertex 18.526 14.7306 6
      vertex 18.7 14.6144 6
    endloop
  endfacet
  facet normal 0.555362 0.831609 0
    outer loop
      vertex 18.526 14.7306 6
      vertex 18.7 14.6144 0
      vertex 18.526 14.7306 0
    endloop
  endfacet
  facet normal 0.321526 0.946901 -0
    outer loop
      vertex 19.0859 14.4545 0
      vertex 18.8877 14.5218 6
      vertex 19.0859 14.4545 6
    endloop
  endfacet
  facet normal 0.321526 0.946901 0
    outer loop
      vertex 18.8877 14.5218 6
      vertex 19.0859 14.4545 0
      vertex 18.8877 14.5218 0
    endloop
  endfacet
  facet normal 0.0654722 0.997854 -0
    outer loop
      vertex 19.5 14.4 0
      vertex 19.2912 14.4137 6
      vertex 19.5 14.4 6
    endloop
  endfacet
  facet normal 0.0654722 0.997854 0
    outer loop
      vertex 19.2912 14.4137 6
      vertex 19.5 14.4 0
      vertex 19.2912 14.4137 0
    endloop
  endfacet
  facet normal 0.751925 0.659248 0
    outer loop
      vertex 18.3686 14.8686 6
      vertex 18.2306 15.026 0
      vertex 18.2306 15.026 6
    endloop
  endfacet
  facet normal 0.751925 0.659248 0
    outer loop
      vertex 18.2306 15.026 0
      vertex 18.3686 14.8686 6
      vertex 18.3686 14.8686 0
    endloop
  endfacet
  facet normal 0.896803 0.442429 0
    outer loop
      vertex 18.1144 15.2 6
      vertex 18.0218 15.3877 0
      vertex 18.0218 15.3877 6
    endloop
  endfacet
  facet normal 0.896803 0.442429 0
    outer loop
      vertex 18.0218 15.3877 0
      vertex 18.1144 15.2 6
      vertex 18.1144 15.2 0
    endloop
  endfacet
  facet normal 0.980819 0.194922 0
    outer loop
      vertex 17.9545 15.5859 6
      vertex 17.9137 15.7912 0
      vertex 17.9137 15.7912 6
    endloop
  endfacet
  facet normal 0.980819 0.194922 0
    outer loop
      vertex 17.9137 15.7912 0
      vertex 17.9545 15.5859 6
      vertex 17.9545 15.5859 0
    endloop
  endfacet
  facet normal 0.997854 0.0654722 0
    outer loop
      vertex 17.9137 15.7912 6
      vertex 17.9 16 0
      vertex 17.9 16 6
    endloop
  endfacet
  facet normal 0.997854 0.0654722 0
    outer loop
      vertex 17.9 16 0
      vertex 17.9137 15.7912 6
      vertex 17.9137 15.7912 0
    endloop
  endfacet
  facet normal -0.321526 0.946901 0
    outer loop
      vertex 20.1123 14.5218 0
      vertex 19.9141 14.4545 6
      vertex 20.1123 14.5218 6
    endloop
  endfacet
  facet normal -0.321526 0.946901 0
    outer loop
      vertex 19.9141 14.4545 6
      vertex 20.1123 14.5218 0
      vertex 19.9141 14.4545 0
    endloop
  endfacet
  facet normal -0.751925 0.659248 0
    outer loop
      vertex 20.6314 14.8686 0
      vertex 20.7694 15.026 6
      vertex 20.7694 15.026 0
    endloop
  endfacet
  facet normal -0.751925 0.659248 0
    outer loop
      vertex 20.7694 15.026 6
      vertex 20.6314 14.8686 0
      vertex 20.6314 14.8686 6
    endloop
  endfacet
  facet normal -0.896803 0.442429 0
    outer loop
      vertex 20.8856 15.2 0
      vertex 20.9782 15.3877 6
      vertex 20.9782 15.3877 0
    endloop
  endfacet
  facet normal -0.896803 0.442429 0
    outer loop
      vertex 20.9782 15.3877 6
      vertex 20.8856 15.2 0
      vertex 20.8856 15.2 6
    endloop
  endfacet
  facet normal 0.442429 0.896803 -0
    outer loop
      vertex 18.8877 14.5218 0
      vertex 18.7 14.6144 6
      vertex 18.8877 14.5218 6
    endloop
  endfacet
  facet normal 0.442429 0.896803 0
    outer loop
      vertex 18.7 14.6144 6
      vertex 18.8877 14.5218 0
      vertex 18.7 14.6144 0
    endloop
  endfacet
  facet normal -0.0654722 0.997854 0
    outer loop
      vertex 19.7088 14.4137 0
      vertex 19.5 14.4 6
      vertex 19.7088 14.4137 6
    endloop
  endfacet
  facet normal -0.0654722 0.997854 0
    outer loop
      vertex 19.5 14.4 6
      vertex 19.7088 14.4137 0
      vertex 19.5 14.4 0
    endloop
  endfacet
  facet normal 0.659248 0.751925 -0
    outer loop
      vertex 18.526 14.7306 0
      vertex 18.3686 14.8686 6
      vertex 18.526 14.7306 6
    endloop
  endfacet
  facet normal 0.659248 0.751925 0
    outer loop
      vertex 18.3686 14.8686 6
      vertex 18.526 14.7306 0
      vertex 18.3686 14.8686 0
    endloop
  endfacet
  facet normal 0.946901 0.321526 0
    outer loop
      vertex 18.0218 15.3877 6
      vertex 17.9545 15.5859 0
      vertex 17.9545 15.5859 6
    endloop
  endfacet
  facet normal 0.946901 0.321526 0
    outer loop
      vertex 17.9545 15.5859 0
      vertex 18.0218 15.3877 6
      vertex 18.0218 15.3877 0
    endloop
  endfacet
  facet normal -0.997854 -0.0654722 0
    outer loop
      vertex 21.1 44 0
      vertex 21.0863 44.2088 6
      vertex 21.0863 44.2088 0
    endloop
  endfacet
  facet normal -0.997854 -0.0654722 0
    outer loop
      vertex 21.0863 44.2088 6
      vertex 21.1 44 0
      vertex 21.1 44 6
    endloop
  endfacet
  facet normal 0.0654722 -0.997854 0
    outer loop
      vertex 19.2912 45.5863 0
      vertex 19.5 45.6 6
      vertex 19.2912 45.5863 6
    endloop
  endfacet
  facet normal 0.0654722 -0.997854 0
    outer loop
      vertex 19.5 45.6 6
      vertex 19.2912 45.5863 0
      vertex 19.5 45.6 0
    endloop
  endfacet
  facet normal -0.0654722 0.997854 0
    outer loop
      vertex 19.7088 42.4137 0
      vertex 19.5 42.4 6
      vertex 19.7088 42.4137 6
    endloop
  endfacet
  facet normal -0.0654722 0.997854 0
    outer loop
      vertex 19.5 42.4 6
      vertex 19.7088 42.4137 0
      vertex 19.5 42.4 0
    endloop
  endfacet
  facet normal -0.659248 -0.751925 0
    outer loop
      vertex 20.474 45.2694 0
      vertex 20.6314 45.1314 6
      vertex 20.474 45.2694 6
    endloop
  endfacet
  facet normal -0.659248 -0.751925 -0
    outer loop
      vertex 20.6314 45.1314 6
      vertex 20.474 45.2694 0
      vertex 20.6314 45.1314 0
    endloop
  endfacet
  facet normal 0.751925 -0.659248 0
    outer loop
      vertex 18.2306 44.974 6
      vertex 18.3686 45.1314 0
      vertex 18.3686 45.1314 6
    endloop
  endfacet
  facet normal 0.751925 -0.659248 0
    outer loop
      vertex 18.3686 45.1314 0
      vertex 18.2306 44.974 6
      vertex 18.2306 44.974 0
    endloop
  endfacet
  facet normal 0.442429 -0.896803 0
    outer loop
      vertex 18.7 45.3856 0
      vertex 18.8877 45.4782 6
      vertex 18.7 45.3856 6
    endloop
  endfacet
  facet normal 0.442429 -0.896803 0
    outer loop
      vertex 18.8877 45.4782 6
      vertex 18.7 45.3856 0
      vertex 18.8877 45.4782 0
    endloop
  endfacet
  facet normal -0.896803 -0.442429 0
    outer loop
      vertex 20.9782 44.6123 0
      vertex 20.8856 44.8 6
      vertex 20.8856 44.8 0
    endloop
  endfacet
  facet normal -0.896803 -0.442429 0
    outer loop
      vertex 20.8856 44.8 6
      vertex 20.9782 44.6123 0
      vertex 20.9782 44.6123 6
    endloop
  endfacet
  facet normal -0.831609 -0.555362 0
    outer loop
      vertex 20.8856 44.8 0
      vertex 20.7694 44.974 6
      vertex 20.7694 44.974 0
    endloop
  endfacet
  facet normal -0.831609 -0.555362 0
    outer loop
      vertex 20.7694 44.974 6
      vertex 20.8856 44.8 0
      vertex 20.8856 44.8 6
    endloop
  endfacet
  facet normal -0.321526 -0.946901 0
    outer loop
      vertex 19.9141 45.5455 0
      vertex 20.1123 45.4782 6
      vertex 19.9141 45.5455 6
    endloop
  endfacet
  facet normal -0.321526 -0.946901 -0
    outer loop
      vertex 20.1123 45.4782 6
      vertex 19.9141 45.5455 0
      vertex 20.1123 45.4782 0
    endloop
  endfacet
  facet normal -0.194922 -0.980819 0
    outer loop
      vertex 19.7088 45.5863 0
      vertex 19.9141 45.5455 6
      vertex 19.7088 45.5863 6
    endloop
  endfacet
  facet normal -0.194922 -0.980819 -0
    outer loop
      vertex 19.9141 45.5455 6
      vertex 19.7088 45.5863 0
      vertex 19.9141 45.5455 0
    endloop
  endfacet
  facet normal -0.442429 -0.896803 0
    outer loop
      vertex 20.1123 45.4782 0
      vertex 20.3 45.3856 6
      vertex 20.1123 45.4782 6
    endloop
  endfacet
  facet normal -0.442429 -0.896803 -0
    outer loop
      vertex 20.3 45.3856 6
      vertex 20.1123 45.4782 0
      vertex 20.3 45.3856 0
    endloop
  endfacet
  facet normal 0.946901 -0.321526 0
    outer loop
      vertex 17.9545 44.4141 6
      vertex 18.0218 44.6123 0
      vertex 18.0218 44.6123 6
    endloop
  endfacet
  facet normal 0.946901 -0.321526 0
    outer loop
      vertex 18.0218 44.6123 0
      vertex 17.9545 44.4141 6
      vertex 17.9545 44.4141 0
    endloop
  endfacet
  facet normal 0.980819 -0.194922 0
    outer loop
      vertex 17.9137 44.2088 6
      vertex 17.9545 44.4141 0
      vertex 17.9545 44.4141 6
    endloop
  endfacet
  facet normal 0.980819 -0.194922 0
    outer loop
      vertex 17.9545 44.4141 0
      vertex 17.9137 44.2088 6
      vertex 17.9137 44.2088 0
    endloop
  endfacet
  facet normal 0.555362 -0.831609 0
    outer loop
      vertex 18.526 45.2694 0
      vertex 18.7 45.3856 6
      vertex 18.526 45.2694 6
    endloop
  endfacet
  facet normal 0.555362 -0.831609 0
    outer loop
      vertex 18.7 45.3856 6
      vertex 18.526 45.2694 0
      vertex 18.7 45.3856 0
    endloop
  endfacet
  facet normal 0.321526 -0.946901 0
    outer loop
      vertex 18.8877 45.4782 0
      vertex 19.0859 45.5455 6
      vertex 18.8877 45.4782 6
    endloop
  endfacet
  facet normal 0.321526 -0.946901 0
    outer loop
      vertex 19.0859 45.5455 6
      vertex 18.8877 45.4782 0
      vertex 19.0859 45.5455 0
    endloop
  endfacet
  facet normal -0.555362 0.831609 0
    outer loop
      vertex 20.474 42.7306 0
      vertex 20.3 42.6144 6
      vertex 20.474 42.7306 6
    endloop
  endfacet
  facet normal -0.555362 0.831609 0
    outer loop
      vertex 20.3 42.6144 6
      vertex 20.474 42.7306 0
      vertex 20.3 42.6144 0
    endloop
  endfacet
  facet normal -0.980819 0.194922 0
    outer loop
      vertex 21.0455 43.5859 0
      vertex 21.0863 43.7912 6
      vertex 21.0863 43.7912 0
    endloop
  endfacet
  facet normal -0.980819 0.194922 0
    outer loop
      vertex 21.0863 43.7912 6
      vertex 21.0455 43.5859 0
      vertex 21.0455 43.5859 6
    endloop
  endfacet
  facet normal 0.194922 0.980819 -0
    outer loop
      vertex 19.2912 42.4137 0
      vertex 19.0859 42.4545 6
      vertex 19.2912 42.4137 6
    endloop
  endfacet
  facet normal 0.194922 0.980819 0
    outer loop
      vertex 19.0859 42.4545 6
      vertex 19.2912 42.4137 0
      vertex 19.0859 42.4545 0
    endloop
  endfacet
  facet normal 0.831609 0.555362 0
    outer loop
      vertex 18.2306 43.026 6
      vertex 18.1144 43.2 0
      vertex 18.1144 43.2 6
    endloop
  endfacet
  facet normal 0.831609 0.555362 0
    outer loop
      vertex 18.1144 43.2 0
      vertex 18.2306 43.026 6
      vertex 18.2306 43.026 0
    endloop
  endfacet
  facet normal -0.946901 -0.321526 0
    outer loop
      vertex 21.0455 44.4141 0
      vertex 20.9782 44.6123 6
      vertex 20.9782 44.6123 0
    endloop
  endfacet
  facet normal -0.946901 -0.321526 0
    outer loop
      vertex 20.9782 44.6123 6
      vertex 21.0455 44.4141 0
      vertex 21.0455 44.4141 6
    endloop
  endfacet
  facet normal -0.980819 -0.194922 0
    outer loop
      vertex 21.0863 44.2088 0
      vertex 21.0455 44.4141 6
      vertex 21.0455 44.4141 0
    endloop
  endfacet
  facet normal -0.980819 -0.194922 0
    outer loop
      vertex 21.0455 44.4141 6
      vertex 21.0863 44.2088 0
      vertex 21.0863 44.2088 6
    endloop
  endfacet
  facet normal -0.751925 -0.659248 0
    outer loop
      vertex 20.7694 44.974 0
      vertex 20.6314 45.1314 6
      vertex 20.6314 45.1314 0
    endloop
  endfacet
  facet normal -0.751925 -0.659248 0
    outer loop
      vertex 20.6314 45.1314 6
      vertex 20.7694 44.974 0
      vertex 20.7694 44.974 6
    endloop
  endfacet
  facet normal -0.0654722 -0.997854 0
    outer loop
      vertex 19.5 45.6 0
      vertex 19.7088 45.5863 6
      vertex 19.5 45.6 6
    endloop
  endfacet
  facet normal -0.0654722 -0.997854 -0
    outer loop
      vertex 19.7088 45.5863 6
      vertex 19.5 45.6 0
      vertex 19.7088 45.5863 0
    endloop
  endfacet
  facet normal -0.555362 -0.831609 0
    outer loop
      vertex 20.3 45.3856 0
      vertex 20.474 45.2694 6
      vertex 20.3 45.3856 6
    endloop
  endfacet
  facet normal -0.555362 -0.831609 -0
    outer loop
      vertex 20.474 45.2694 6
      vertex 20.3 45.3856 0
      vertex 20.474 45.2694 0
    endloop
  endfacet
  facet normal 0.896803 -0.442429 0
    outer loop
      vertex 18.0218 44.6123 6
      vertex 18.1144 44.8 0
      vertex 18.1144 44.8 6
    endloop
  endfacet
  facet normal 0.896803 -0.442429 0
    outer loop
      vertex 18.1144 44.8 0
      vertex 18.0218 44.6123 6
      vertex 18.0218 44.6123 0
    endloop
  endfacet
  facet normal 0.831609 -0.555362 0
    outer loop
      vertex 18.1144 44.8 6
      vertex 18.2306 44.974 0
      vertex 18.2306 44.974 6
    endloop
  endfacet
  facet normal 0.831609 -0.555362 0
    outer loop
      vertex 18.2306 44.974 0
      vertex 18.1144 44.8 6
      vertex 18.1144 44.8 0
    endloop
  endfacet
  facet normal 0.997854 -0.0654722 0
    outer loop
      vertex 17.9 44 6
      vertex 17.9137 44.2088 0
      vertex 17.9137 44.2088 6
    endloop
  endfacet
  facet normal 0.997854 -0.0654722 0
    outer loop
      vertex 17.9137 44.2088 0
      vertex 17.9 44 6
      vertex 17.9 44 0
    endloop
  endfacet
  facet normal 0.659248 -0.751925 0
    outer loop
      vertex 18.3686 45.1314 0
      vertex 18.526 45.2694 6
      vertex 18.3686 45.1314 6
    endloop
  endfacet
  facet normal 0.659248 -0.751925 0
    outer loop
      vertex 18.526 45.2694 6
      vertex 18.3686 45.1314 0
      vertex 18.526 45.2694 0
    endloop
  endfacet
  facet normal 0.194922 -0.980819 0
    outer loop
      vertex 19.0859 45.5455 0
      vertex 19.2912 45.5863 6
      vertex 19.0859 45.5455 6
    endloop
  endfacet
  facet normal 0.194922 -0.980819 0
    outer loop
      vertex 19.2912 45.5863 6
      vertex 19.0859 45.5455 0
      vertex 19.2912 45.5863 0
    endloop
  endfacet
  facet normal -0.194922 0.980819 0
    outer loop
      vertex 19.9141 42.4545 0
      vertex 19.7088 42.4137 6
      vertex 19.9141 42.4545 6
    endloop
  endfacet
  facet normal -0.194922 0.980819 0
    outer loop
      vertex 19.7088 42.4137 6
      vertex 19.9141 42.4545 0
      vertex 19.7088 42.4137 0
    endloop
  endfacet
  facet normal -0.442429 0.896803 0
    outer loop
      vertex 20.3 42.6144 0
      vertex 20.1123 42.5218 6
      vertex 20.3 42.6144 6
    endloop
  endfacet
  facet normal -0.442429 0.896803 0
    outer loop
      vertex 20.1123 42.5218 6
      vertex 20.3 42.6144 0
      vertex 20.1123 42.5218 0
    endloop
  endfacet
  facet normal -0.659248 0.751925 0
    outer loop
      vertex 20.6314 42.8686 0
      vertex 20.474 42.7306 6
      vertex 20.6314 42.8686 6
    endloop
  endfacet
  facet normal -0.659248 0.751925 0
    outer loop
      vertex 20.474 42.7306 6
      vertex 20.6314 42.8686 0
      vertex 20.474 42.7306 0
    endloop
  endfacet
  facet normal -0.831609 0.555362 0
    outer loop
      vertex 20.7694 43.026 0
      vertex 20.8856 43.2 6
      vertex 20.8856 43.2 0
    endloop
  endfacet
  facet normal -0.831609 0.555362 0
    outer loop
      vertex 20.8856 43.2 6
      vertex 20.7694 43.026 0
      vertex 20.7694 43.026 6
    endloop
  endfacet
  facet normal -0.946901 0.321526 0
    outer loop
      vertex 20.9782 43.3877 0
      vertex 21.0455 43.5859 6
      vertex 21.0455 43.5859 0
    endloop
  endfacet
  facet normal -0.946901 0.321526 0
    outer loop
      vertex 21.0455 43.5859 6
      vertex 20.9782 43.3877 0
      vertex 20.9782 43.3877 6
    endloop
  endfacet
  facet normal -0.997854 0.0654722 0
    outer loop
      vertex 21.0863 43.7912 0
      vertex 21.1 44 6
      vertex 21.1 44 0
    endloop
  endfacet
  facet normal -0.997854 0.0654722 0
    outer loop
      vertex 21.1 44 6
      vertex 21.0863 43.7912 0
      vertex 21.0863 43.7912 6
    endloop
  endfacet
  facet normal 0.555362 0.831609 -0
    outer loop
      vertex 18.7 42.6144 0
      vertex 18.526 42.7306 6
      vertex 18.7 42.6144 6
    endloop
  endfacet
  facet normal 0.555362 0.831609 0
    outer loop
      vertex 18.526 42.7306 6
      vertex 18.7 42.6144 0
      vertex 18.526 42.7306 0
    endloop
  endfacet
  facet normal 0.321526 0.946901 -0
    outer loop
      vertex 19.0859 42.4545 0
      vertex 18.8877 42.5218 6
      vertex 19.0859 42.4545 6
    endloop
  endfacet
  facet normal 0.321526 0.946901 0
    outer loop
      vertex 18.8877 42.5218 6
      vertex 19.0859 42.4545 0
      vertex 18.8877 42.5218 0
    endloop
  endfacet
  facet normal 0.0654722 0.997854 -0
    outer loop
      vertex 19.5 42.4 0
      vertex 19.2912 42.4137 6
      vertex 19.5 42.4 6
    endloop
  endfacet
  facet normal 0.0654722 0.997854 0
    outer loop
      vertex 19.2912 42.4137 6
      vertex 19.5 42.4 0
      vertex 19.2912 42.4137 0
    endloop
  endfacet
  facet normal 0.751925 0.659248 0
    outer loop
      vertex 18.3686 42.8686 6
      vertex 18.2306 43.026 0
      vertex 18.2306 43.026 6
    endloop
  endfacet
  facet normal 0.751925 0.659248 0
    outer loop
      vertex 18.2306 43.026 0
      vertex 18.3686 42.8686 6
      vertex 18.3686 42.8686 0
    endloop
  endfacet
  facet normal 0.896803 0.442429 0
    outer loop
      vertex 18.1144 43.2 6
      vertex 18.0218 43.3877 0
      vertex 18.0218 43.3877 6
    endloop
  endfacet
  facet normal 0.896803 0.442429 0
    outer loop
      vertex 18.0218 43.3877 0
      vertex 18.1144 43.2 6
      vertex 18.1144 43.2 0
    endloop
  endfacet
  facet normal 0.980819 0.194922 0
    outer loop
      vertex 17.9545 43.5859 6
      vertex 17.9137 43.7912 0
      vertex 17.9137 43.7912 6
    endloop
  endfacet
  facet normal 0.980819 0.194922 0
    outer loop
      vertex 17.9137 43.7912 0
      vertex 17.9545 43.5859 6
      vertex 17.9545 43.5859 0
    endloop
  endfacet
  facet normal 0.997854 0.0654722 0
    outer loop
      vertex 17.9137 43.7912 6
      vertex 17.9 44 0
      vertex 17.9 44 6
    endloop
  endfacet
  facet normal 0.997854 0.0654722 0
    outer loop
      vertex 17.9 44 0
      vertex 17.9137 43.7912 6
      vertex 17.9137 43.7912 0
    endloop
  endfacet
  facet normal -0.321526 0.946901 0
    outer loop
      vertex 20.1123 42.5218 0
      vertex 19.9141 42.4545 6
      vertex 20.1123 42.5218 6
    endloop
  endfacet
  facet normal -0.321526 0.946901 0
    outer loop
      vertex 19.9141 42.4545 6
      vertex 20.1123 42.5218 0
      vertex 19.9141 42.4545 0
    endloop
  endfacet
  facet normal -0.751925 0.659248 0
    outer loop
      vertex 20.6314 42.8686 0
      vertex 20.7694 43.026 6
      vertex 20.7694 43.026 0
    endloop
  endfacet
  facet normal -0.751925 0.659248 0
    outer loop
      vertex 20.7694 43.026 6
      vertex 20.6314 42.8686 0
      vertex 20.6314 42.8686 6
    endloop
  endfacet
  facet normal -0.896803 0.442429 0
    outer loop
      vertex 20.8856 43.2 0
      vertex 20.9782 43.3877 6
      vertex 20.9782 43.3877 0
    endloop
  endfacet
  facet normal -0.896803 0.442429 0
    outer loop
      vertex 20.9782 43.3877 6
      vertex 20.8856 43.2 0
      vertex 20.8856 43.2 6
    endloop
  endfacet
  facet normal 0.442429 0.896803 -0
    outer loop
      vertex 18.8877 42.5218 0
      vertex 18.7 42.6144 6
      vertex 18.8877 42.5218 6
    endloop
  endfacet
  facet normal 0.442429 0.896803 0
    outer loop
      vertex 18.7 42.6144 6
      vertex 18.8877 42.5218 0
      vertex 18.7 42.6144 0
    endloop
  endfacet
  facet normal 0.659248 0.751925 -0
    outer loop
      vertex 18.526 42.7306 0
      vertex 18.3686 42.8686 6
      vertex 18.526 42.7306 6
    endloop
  endfacet
  facet normal 0.659248 0.751925 0
    outer loop
      vertex 18.3686 42.8686 6
      vertex 18.526 42.7306 0
      vertex 18.3686 42.8686 0
    endloop
  endfacet
  facet normal 0.946901 0.321526 0
    outer loop
      vertex 18.0218 43.3877 6
      vertex 17.9545 43.5859 0
      vertex 17.9545 43.5859 6
    endloop
  endfacet
  facet normal 0.946901 0.321526 0
    outer loop
      vertex 17.9545 43.5859 0
      vertex 18.0218 43.3877 6
      vertex 18.0218 43.3877 0
    endloop
  endfacet
  facet normal -0.946901 -0.321526 0
    outer loop
      vertex 82.0455 16.4141 0
      vertex 81.9782 16.6123 6
      vertex 81.9782 16.6123 0
    endloop
  endfacet
  facet normal -0.946901 -0.321526 0
    outer loop
      vertex 81.9782 16.6123 6
      vertex 82.0455 16.4141 0
      vertex 82.0455 16.4141 6
    endloop
  endfacet
  facet normal -0.997854 -0.0654722 0
    outer loop
      vertex 82.1 16 0
      vertex 82.0863 16.2088 6
      vertex 82.0863 16.2088 0
    endloop
  endfacet
  facet normal -0.997854 -0.0654722 0
    outer loop
      vertex 82.0863 16.2088 6
      vertex 82.1 16 0
      vertex 82.1 16 6
    endloop
  endfacet
  facet normal 0.0654722 -0.997854 0
    outer loop
      vertex 80.2912 17.5863 0
      vertex 80.5 17.6 6
      vertex 80.2912 17.5863 6
    endloop
  endfacet
  facet normal 0.0654722 -0.997854 0
    outer loop
      vertex 80.5 17.6 6
      vertex 80.2912 17.5863 0
      vertex 80.5 17.6 0
    endloop
  endfacet
  facet normal -0.659248 -0.751925 0
    outer loop
      vertex 81.474 17.2694 0
      vertex 81.6314 17.1314 6
      vertex 81.474 17.2694 6
    endloop
  endfacet
  facet normal -0.659248 -0.751925 -0
    outer loop
      vertex 81.6314 17.1314 6
      vertex 81.474 17.2694 0
      vertex 81.6314 17.1314 0
    endloop
  endfacet
  facet normal 0.751925 -0.659248 0
    outer loop
      vertex 79.2306 16.974 6
      vertex 79.3686 17.1314 0
      vertex 79.3686 17.1314 6
    endloop
  endfacet
  facet normal 0.751925 -0.659248 0
    outer loop
      vertex 79.3686 17.1314 0
      vertex 79.2306 16.974 6
      vertex 79.2306 16.974 0
    endloop
  endfacet
  facet normal 0.442429 -0.896803 0
    outer loop
      vertex 79.7 17.3856 0
      vertex 79.8877 17.4782 6
      vertex 79.7 17.3856 6
    endloop
  endfacet
  facet normal 0.442429 -0.896803 0
    outer loop
      vertex 79.8877 17.4782 6
      vertex 79.7 17.3856 0
      vertex 79.8877 17.4782 0
    endloop
  endfacet
  facet normal 0.751925 0.659248 0
    outer loop
      vertex 79.3686 14.8686 6
      vertex 79.2306 15.026 0
      vertex 79.2306 15.026 6
    endloop
  endfacet
  facet normal 0.751925 0.659248 0
    outer loop
      vertex 79.2306 15.026 0
      vertex 79.3686 14.8686 6
      vertex 79.3686 14.8686 0
    endloop
  endfacet
  facet normal -0.896803 -0.442429 0
    outer loop
      vertex 81.9782 16.6123 0
      vertex 81.8856 16.8 6
      vertex 81.8856 16.8 0
    endloop
  endfacet
  facet normal -0.896803 -0.442429 0
    outer loop
      vertex 81.8856 16.8 6
      vertex 81.9782 16.6123 0
      vertex 81.9782 16.6123 6
    endloop
  endfacet
  facet normal -0.831609 -0.555362 0
    outer loop
      vertex 81.8856 16.8 0
      vertex 81.7694 16.974 6
      vertex 81.7694 16.974 0
    endloop
  endfacet
  facet normal -0.831609 -0.555362 0
    outer loop
      vertex 81.7694 16.974 6
      vertex 81.8856 16.8 0
      vertex 81.8856 16.8 6
    endloop
  endfacet
  facet normal -0.321526 -0.946901 0
    outer loop
      vertex 80.9141 17.5455 0
      vertex 81.1123 17.4782 6
      vertex 80.9141 17.5455 6
    endloop
  endfacet
  facet normal -0.321526 -0.946901 -0
    outer loop
      vertex 81.1123 17.4782 6
      vertex 80.9141 17.5455 0
      vertex 81.1123 17.4782 0
    endloop
  endfacet
  facet normal -0.194922 -0.980819 0
    outer loop
      vertex 80.7088 17.5863 0
      vertex 80.9141 17.5455 6
      vertex 80.7088 17.5863 6
    endloop
  endfacet
  facet normal -0.194922 -0.980819 -0
    outer loop
      vertex 80.9141 17.5455 6
      vertex 80.7088 17.5863 0
      vertex 80.9141 17.5455 0
    endloop
  endfacet
  facet normal -0.555362 -0.831609 0
    outer loop
      vertex 81.3 17.3856 0
      vertex 81.474 17.2694 6
      vertex 81.3 17.3856 6
    endloop
  endfacet
  facet normal -0.555362 -0.831609 -0
    outer loop
      vertex 81.474 17.2694 6
      vertex 81.3 17.3856 0
      vertex 81.474 17.2694 0
    endloop
  endfacet
  facet normal 0.946901 -0.321526 0
    outer loop
      vertex 78.9545 16.4141 6
      vertex 79.0218 16.6123 0
      vertex 79.0218 16.6123 6
    endloop
  endfacet
  facet normal 0.946901 -0.321526 0
    outer loop
      vertex 79.0218 16.6123 0
      vertex 78.9545 16.4141 6
      vertex 78.9545 16.4141 0
    endloop
  endfacet
  facet normal 0.896803 -0.442429 0
    outer loop
      vertex 79.0218 16.6123 6
      vertex 79.1144 16.8 0
      vertex 79.1144 16.8 6
    endloop
  endfacet
  facet normal 0.896803 -0.442429 0
    outer loop
      vertex 79.1144 16.8 0
      vertex 79.0218 16.6123 6
      vertex 79.0218 16.6123 0
    endloop
  endfacet
  facet normal 0.980819 -0.194922 0
    outer loop
      vertex 78.9137 16.2088 6
      vertex 78.9545 16.4141 0
      vertex 78.9545 16.4141 6
    endloop
  endfacet
  facet normal 0.980819 -0.194922 0
    outer loop
      vertex 78.9545 16.4141 0
      vertex 78.9137 16.2088 6
      vertex 78.9137 16.2088 0
    endloop
  endfacet
  facet normal 0.997854 0.0654722 0
    outer loop
      vertex 78.9137 15.7912 6
      vertex 78.9 16 0
      vertex 78.9 16 6
    endloop
  endfacet
  facet normal 0.997854 0.0654722 0
    outer loop
      vertex 78.9 16 0
      vertex 78.9137 15.7912 6
      vertex 78.9137 15.7912 0
    endloop
  endfacet
  facet normal 0.555362 -0.831609 0
    outer loop
      vertex 79.526 17.2694 0
      vertex 79.7 17.3856 6
      vertex 79.526 17.2694 6
    endloop
  endfacet
  facet normal 0.555362 -0.831609 0
    outer loop
      vertex 79.7 17.3856 6
      vertex 79.526 17.2694 0
      vertex 79.7 17.3856 0
    endloop
  endfacet
  facet normal 0.194922 -0.980819 0
    outer loop
      vertex 80.0859 17.5455 0
      vertex 80.2912 17.5863 6
      vertex 80.0859 17.5455 6
    endloop
  endfacet
  facet normal 0.194922 -0.980819 0
    outer loop
      vertex 80.2912 17.5863 6
      vertex 80.0859 17.5455 0
      vertex 80.2912 17.5863 0
    endloop
  endfacet
  facet normal -0.751925 0.659248 0
    outer loop
      vertex 81.6314 14.8686 0
      vertex 81.7694 15.026 6
      vertex 81.7694 15.026 0
    endloop
  endfacet
  facet normal -0.751925 0.659248 0
    outer loop
      vertex 81.7694 15.026 6
      vertex 81.6314 14.8686 0
      vertex 81.6314 14.8686 6
    endloop
  endfacet
  facet normal -0.555362 0.831609 0
    outer loop
      vertex 81.474 14.7306 0
      vertex 81.3 14.6144 6
      vertex 81.474 14.7306 6
    endloop
  endfacet
  facet normal -0.555362 0.831609 0
    outer loop
      vertex 81.3 14.6144 6
      vertex 81.474 14.7306 0
      vertex 81.3 14.6144 0
    endloop
  endfacet
  facet normal -0.980819 0.194922 0
    outer loop
      vertex 82.0455 15.5859 0
      vertex 82.0863 15.7912 6
      vertex 82.0863 15.7912 0
    endloop
  endfacet
  facet normal -0.980819 0.194922 0
    outer loop
      vertex 82.0863 15.7912 6
      vertex 82.0455 15.5859 0
      vertex 82.0455 15.5859 6
    endloop
  endfacet
  facet normal 0.194922 0.980819 -0
    outer loop
      vertex 80.2912 14.4137 0
      vertex 80.0859 14.4545 6
      vertex 80.2912 14.4137 6
    endloop
  endfacet
  facet normal 0.194922 0.980819 0
    outer loop
      vertex 80.0859 14.4545 6
      vertex 80.2912 14.4137 0
      vertex 80.0859 14.4545 0
    endloop
  endfacet
  facet normal 0.321526 0.946901 -0
    outer loop
      vertex 80.0859 14.4545 0
      vertex 79.8877 14.5218 6
      vertex 80.0859 14.4545 6
    endloop
  endfacet
  facet normal 0.321526 0.946901 0
    outer loop
      vertex 79.8877 14.5218 6
      vertex 80.0859 14.4545 0
      vertex 79.8877 14.5218 0
    endloop
  endfacet
  facet normal 0.946901 0.321526 0
    outer loop
      vertex 79.0218 15.3877 6
      vertex 78.9545 15.5859 0
      vertex 78.9545 15.5859 6
    endloop
  endfacet
  facet normal 0.946901 0.321526 0
    outer loop
      vertex 78.9545 15.5859 0
      vertex 79.0218 15.3877 6
      vertex 79.0218 15.3877 0
    endloop
  endfacet
  facet normal 0.831609 0.555362 0
    outer loop
      vertex 79.2306 15.026 6
      vertex 79.1144 15.2 0
      vertex 79.1144 15.2 6
    endloop
  endfacet
  facet normal 0.831609 0.555362 0
    outer loop
      vertex 79.1144 15.2 0
      vertex 79.2306 15.026 6
      vertex 79.2306 15.026 0
    endloop
  endfacet
  facet normal 0.896803 0.442429 0
    outer loop
      vertex 79.1144 15.2 6
      vertex 79.0218 15.3877 0
      vertex 79.0218 15.3877 6
    endloop
  endfacet
  facet normal 0.896803 0.442429 0
    outer loop
      vertex 79.0218 15.3877 0
      vertex 79.1144 15.2 6
      vertex 79.1144 15.2 0
    endloop
  endfacet
  facet normal -0.0654722 -0.997854 0
    outer loop
      vertex 80.5 17.6 0
      vertex 80.7088 17.5863 6
      vertex 80.5 17.6 6
    endloop
  endfacet
  facet normal -0.0654722 -0.997854 -0
    outer loop
      vertex 80.7088 17.5863 6
      vertex 80.5 17.6 0
      vertex 80.7088 17.5863 0
    endloop
  endfacet
  facet normal -0.442429 -0.896803 0
    outer loop
      vertex 81.1123 17.4782 0
      vertex 81.3 17.3856 6
      vertex 81.1123 17.4782 6
    endloop
  endfacet
  facet normal -0.442429 -0.896803 -0
    outer loop
      vertex 81.3 17.3856 6
      vertex 81.1123 17.4782 0
      vertex 81.3 17.3856 0
    endloop
  endfacet
  facet normal 0.831609 -0.555362 0
    outer loop
      vertex 79.1144 16.8 6
      vertex 79.2306 16.974 0
      vertex 79.2306 16.974 6
    endloop
  endfacet
  facet normal 0.831609 -0.555362 0
    outer loop
      vertex 79.2306 16.974 0
      vertex 79.1144 16.8 6
      vertex 79.1144 16.8 0
    endloop
  endfacet
  facet normal 0.997854 -0.0654722 0
    outer loop
      vertex 78.9 16 6
      vertex 78.9137 16.2088 0
      vertex 78.9137 16.2088 6
    endloop
  endfacet
  facet normal 0.997854 -0.0654722 0
    outer loop
      vertex 78.9137 16.2088 0
      vertex 78.9 16 6
      vertex 78.9 16 0
    endloop
  endfacet
  facet normal 0.659248 -0.751925 0
    outer loop
      vertex 79.3686 17.1314 0
      vertex 79.526 17.2694 6
      vertex 79.3686 17.1314 6
    endloop
  endfacet
  facet normal 0.659248 -0.751925 0
    outer loop
      vertex 79.526 17.2694 6
      vertex 79.3686 17.1314 0
      vertex 79.526 17.2694 0
    endloop
  endfacet
  facet normal 0.321526 -0.946901 0
    outer loop
      vertex 79.8877 17.4782 0
      vertex 80.0859 17.5455 6
      vertex 79.8877 17.4782 6
    endloop
  endfacet
  facet normal 0.321526 -0.946901 0
    outer loop
      vertex 80.0859 17.5455 6
      vertex 79.8877 17.4782 0
      vertex 80.0859 17.5455 0
    endloop
  endfacet
  facet normal -0.442429 0.896803 0
    outer loop
      vertex 81.3 14.6144 0
      vertex 81.1123 14.5218 6
      vertex 81.3 14.6144 6
    endloop
  endfacet
  facet normal -0.442429 0.896803 0
    outer loop
      vertex 81.1123 14.5218 6
      vertex 81.3 14.6144 0
      vertex 81.1123 14.5218 0
    endloop
  endfacet
  facet normal -0.194922 0.980819 0
    outer loop
      vertex 80.9141 14.4545 0
      vertex 80.7088 14.4137 6
      vertex 80.9141 14.4545 6
    endloop
  endfacet
  facet normal -0.194922 0.980819 0
    outer loop
      vertex 80.7088 14.4137 6
      vertex 80.9141 14.4545 0
      vertex 80.7088 14.4137 0
    endloop
  endfacet
  facet normal -0.321526 0.946901 0
    outer loop
      vertex 81.1123 14.5218 0
      vertex 80.9141 14.4545 6
      vertex 81.1123 14.5218 6
    endloop
  endfacet
  facet normal -0.321526 0.946901 0
    outer loop
      vertex 80.9141 14.4545 6
      vertex 81.1123 14.5218 0
      vertex 80.9141 14.4545 0
    endloop
  endfacet
  facet normal -0.659248 0.751925 0
    outer loop
      vertex 81.6314 14.8686 0
      vertex 81.474 14.7306 6
      vertex 81.6314 14.8686 6
    endloop
  endfacet
  facet normal -0.659248 0.751925 0
    outer loop
      vertex 81.474 14.7306 6
      vertex 81.6314 14.8686 0
      vertex 81.474 14.7306 0
    endloop
  endfacet
  facet normal -0.946901 0.321526 0
    outer loop
      vertex 81.9782 15.3877 0
      vertex 82.0455 15.5859 6
      vertex 82.0455 15.5859 0
    endloop
  endfacet
  facet normal -0.946901 0.321526 0
    outer loop
      vertex 82.0455 15.5859 6
      vertex 81.9782 15.3877 0
      vertex 81.9782 15.3877 6
    endloop
  endfacet
  facet normal -0.831609 0.555362 0
    outer loop
      vertex 81.7694 15.026 0
      vertex 81.8856 15.2 6
      vertex 81.8856 15.2 0
    endloop
  endfacet
  facet normal -0.831609 0.555362 0
    outer loop
      vertex 81.8856 15.2 6
      vertex 81.7694 15.026 0
      vertex 81.7694 15.026 6
    endloop
  endfacet
  facet normal -0.896803 0.442429 0
    outer loop
      vertex 81.8856 15.2 0
      vertex 81.9782 15.3877 6
      vertex 81.9782 15.3877 0
    endloop
  endfacet
  facet normal -0.896803 0.442429 0
    outer loop
      vertex 81.9782 15.3877 6
      vertex 81.8856 15.2 0
      vertex 81.8856 15.2 6
    endloop
  endfacet
  facet normal -0.997854 0.0654722 0
    outer loop
      vertex 82.0863 15.7912 0
      vertex 82.1 16 6
      vertex 82.1 16 0
    endloop
  endfacet
  facet normal -0.997854 0.0654722 0
    outer loop
      vertex 82.1 16 6
      vertex 82.0863 15.7912 0
      vertex 82.0863 15.7912 6
    endloop
  endfacet
  facet normal 0.0654722 0.997854 -0
    outer loop
      vertex 80.5 14.4 0
      vertex 80.2912 14.4137 6
      vertex 80.5 14.4 6
    endloop
  endfacet
  facet normal 0.0654722 0.997854 0
    outer loop
      vertex 80.2912 14.4137 6
      vertex 80.5 14.4 0
      vertex 80.2912 14.4137 0
    endloop
  endfacet
  facet normal 0.555362 0.831609 -0
    outer loop
      vertex 79.7 14.6144 0
      vertex 79.526 14.7306 6
      vertex 79.7 14.6144 6
    endloop
  endfacet
  facet normal 0.555362 0.831609 0
    outer loop
      vertex 79.526 14.7306 6
      vertex 79.7 14.6144 0
      vertex 79.526 14.7306 0
    endloop
  endfacet
  facet normal -0.0654722 0.997854 0
    outer loop
      vertex 80.7088 14.4137 0
      vertex 80.5 14.4 6
      vertex 80.7088 14.4137 6
    endloop
  endfacet
  facet normal -0.0654722 0.997854 0
    outer loop
      vertex 80.5 14.4 6
      vertex 80.7088 14.4137 0
      vertex 80.5 14.4 0
    endloop
  endfacet
  facet normal 0.442429 0.896803 -0
    outer loop
      vertex 79.8877 14.5218 0
      vertex 79.7 14.6144 6
      vertex 79.8877 14.5218 6
    endloop
  endfacet
  facet normal 0.442429 0.896803 0
    outer loop
      vertex 79.7 14.6144 6
      vertex 79.8877 14.5218 0
      vertex 79.7 14.6144 0
    endloop
  endfacet
  facet normal 0.659248 0.751925 -0
    outer loop
      vertex 79.526 14.7306 0
      vertex 79.3686 14.8686 6
      vertex 79.526 14.7306 6
    endloop
  endfacet
  facet normal 0.659248 0.751925 0
    outer loop
      vertex 79.3686 14.8686 6
      vertex 79.526 14.7306 0
      vertex 79.3686 14.8686 0
    endloop
  endfacet
  facet normal 0.980819 0.194922 0
    outer loop
      vertex 78.9545 15.5859 6
      vertex 78.9137 15.7912 0
      vertex 78.9137 15.7912 6
    endloop
  endfacet
  facet normal 0.980819 0.194922 0
    outer loop
      vertex 78.9137 15.7912 0
      vertex 78.9545 15.5859 6
      vertex 78.9545 15.5859 0
    endloop
  endfacet
  facet normal -0.980819 -0.194922 0
    outer loop
      vertex 82.0863 16.2088 0
      vertex 82.0455 16.4141 6
      vertex 82.0455 16.4141 0
    endloop
  endfacet
  facet normal -0.980819 -0.194922 0
    outer loop
      vertex 82.0455 16.4141 6
      vertex 82.0863 16.2088 0
      vertex 82.0863 16.2088 6
    endloop
  endfacet
  facet normal -0.751925 -0.659248 0
    outer loop
      vertex 81.7694 16.974 0
      vertex 81.6314 17.1314 6
      vertex 81.6314 17.1314 0
    endloop
  endfacet
  facet normal -0.751925 -0.659248 0
    outer loop
      vertex 81.6314 17.1314 6
      vertex 81.7694 16.974 0
      vertex 81.7694 16.974 6
    endloop
  endfacet
  facet normal -0.946901 -0.321526 0
    outer loop
      vertex 82.0455 44.4141 0
      vertex 81.9782 44.6123 6
      vertex 81.9782 44.6123 0
    endloop
  endfacet
  facet normal -0.946901 -0.321526 0
    outer loop
      vertex 81.9782 44.6123 6
      vertex 82.0455 44.4141 0
      vertex 82.0455 44.4141 6
    endloop
  endfacet
  facet normal -0.997854 -0.0654722 0
    outer loop
      vertex 82.1 44 0
      vertex 82.0863 44.2088 6
      vertex 82.0863 44.2088 0
    endloop
  endfacet
  facet normal -0.997854 -0.0654722 0
    outer loop
      vertex 82.0863 44.2088 6
      vertex 82.1 44 0
      vertex 82.1 44 6
    endloop
  endfacet
  facet normal 0.0654722 -0.997854 0
    outer loop
      vertex 80.2912 45.5863 0
      vertex 80.5 45.6 6
      vertex 80.2912 45.5863 6
    endloop
  endfacet
  facet normal 0.0654722 -0.997854 0
    outer loop
      vertex 80.5 45.6 6
      vertex 80.2912 45.5863 0
      vertex 80.5 45.6 0
    endloop
  endfacet
  facet normal -0.659248 -0.751925 0
    outer loop
      vertex 81.474 45.2694 0
      vertex 81.6314 45.1314 6
      vertex 81.474 45.2694 6
    endloop
  endfacet
  facet normal -0.659248 -0.751925 -0
    outer loop
      vertex 81.6314 45.1314 6
      vertex 81.474 45.2694 0
      vertex 81.6314 45.1314 0
    endloop
  endfacet
  facet normal 0.751925 -0.659248 0
    outer loop
      vertex 79.2306 44.974 6
      vertex 79.3686 45.1314 0
      vertex 79.3686 45.1314 6
    endloop
  endfacet
  facet normal 0.751925 -0.659248 0
    outer loop
      vertex 79.3686 45.1314 0
      vertex 79.2306 44.974 6
      vertex 79.2306 44.974 0
    endloop
  endfacet
  facet normal 0.442429 -0.896803 0
    outer loop
      vertex 79.7 45.3856 0
      vertex 79.8877 45.4782 6
      vertex 79.7 45.3856 6
    endloop
  endfacet
  facet normal 0.442429 -0.896803 0
    outer loop
      vertex 79.8877 45.4782 6
      vertex 79.7 45.3856 0
      vertex 79.8877 45.4782 0
    endloop
  endfacet
  facet normal 0.751925 0.659248 0
    outer loop
      vertex 79.3686 42.8686 6
      vertex 79.2306 43.026 0
      vertex 79.2306 43.026 6
    endloop
  endfacet
  facet normal 0.751925 0.659248 0
    outer loop
      vertex 79.2306 43.026 0
      vertex 79.3686 42.8686 6
      vertex 79.3686 42.8686 0
    endloop
  endfacet
  facet normal -0.896803 -0.442429 0
    outer loop
      vertex 81.9782 44.6123 0
      vertex 81.8856 44.8 6
      vertex 81.8856 44.8 0
    endloop
  endfacet
  facet normal -0.896803 -0.442429 0
    outer loop
      vertex 81.8856 44.8 6
      vertex 81.9782 44.6123 0
      vertex 81.9782 44.6123 6
    endloop
  endfacet
  facet normal -0.831609 -0.555362 0
    outer loop
      vertex 81.8856 44.8 0
      vertex 81.7694 44.974 6
      vertex 81.7694 44.974 0
    endloop
  endfacet
  facet normal -0.831609 -0.555362 0
    outer loop
      vertex 81.7694 44.974 6
      vertex 81.8856 44.8 0
      vertex 81.8856 44.8 6
    endloop
  endfacet
  facet normal -0.321526 -0.946901 0
    outer loop
      vertex 80.9141 45.5455 0
      vertex 81.1123 45.4782 6
      vertex 80.9141 45.5455 6
    endloop
  endfacet
  facet normal -0.321526 -0.946901 -0
    outer loop
      vertex 81.1123 45.4782 6
      vertex 80.9141 45.5455 0
      vertex 81.1123 45.4782 0
    endloop
  endfacet
  facet normal -0.194922 -0.980819 0
    outer loop
      vertex 80.7088 45.5863 0
      vertex 80.9141 45.5455 6
      vertex 80.7088 45.5863 6
    endloop
  endfacet
  facet normal -0.194922 -0.980819 -0
    outer loop
      vertex 80.9141 45.5455 6
      vertex 80.7088 45.5863 0
      vertex 80.9141 45.5455 0
    endloop
  endfacet
  facet normal -0.555362 -0.831609 0
    outer loop
      vertex 81.3 45.3856 0
      vertex 81.474 45.2694 6
      vertex 81.3 45.3856 6
    endloop
  endfacet
  facet normal -0.555362 -0.831609 -0
    outer loop
      vertex 81.474 45.2694 6
      vertex 81.3 45.3856 0
      vertex 81.474 45.2694 0
    endloop
  endfacet
  facet normal 0.946901 -0.321526 0
    outer loop
      vertex 78.9545 44.4141 6
      vertex 79.0218 44.6123 0
      vertex 79.0218 44.6123 6
    endloop
  endfacet
  facet normal 0.946901 -0.321526 0
    outer loop
      vertex 79.0218 44.6123 0
      vertex 78.9545 44.4141 6
      vertex 78.9545 44.4141 0
    endloop
  endfacet
  facet normal 0.896803 -0.442429 0
    outer loop
      vertex 79.0218 44.6123 6
      vertex 79.1144 44.8 0
      vertex 79.1144 44.8 6
    endloop
  endfacet
  facet normal 0.896803 -0.442429 0
    outer loop
      vertex 79.1144 44.8 0
      vertex 79.0218 44.6123 6
      vertex 79.0218 44.6123 0
    endloop
  endfacet
  facet normal 0.980819 -0.194922 0
    outer loop
      vertex 78.9137 44.2088 6
      vertex 78.9545 44.4141 0
      vertex 78.9545 44.4141 6
    endloop
  endfacet
  facet normal 0.980819 -0.194922 0
    outer loop
      vertex 78.9545 44.4141 0
      vertex 78.9137 44.2088 6
      vertex 78.9137 44.2088 0
    endloop
  endfacet
  facet normal 0.997854 0.0654722 0
    outer loop
      vertex 78.9137 43.7912 6
      vertex 78.9 44 0
      vertex 78.9 44 6
    endloop
  endfacet
  facet normal 0.997854 0.0654722 0
    outer loop
      vertex 78.9 44 0
      vertex 78.9137 43.7912 6
      vertex 78.9137 43.7912 0
    endloop
  endfacet
  facet normal 0.555362 -0.831609 0
    outer loop
      vertex 79.526 45.2694 0
      vertex 79.7 45.3856 6
      vertex 79.526 45.2694 6
    endloop
  endfacet
  facet normal 0.555362 -0.831609 0
    outer loop
      vertex 79.7 45.3856 6
      vertex 79.526 45.2694 0
      vertex 79.7 45.3856 0
    endloop
  endfacet
  facet normal 0.194922 -0.980819 0
    outer loop
      vertex 80.0859 45.5455 0
      vertex 80.2912 45.5863 6
      vertex 80.0859 45.5455 6
    endloop
  endfacet
  facet normal 0.194922 -0.980819 0
    outer loop
      vertex 80.2912 45.5863 6
      vertex 80.0859 45.5455 0
      vertex 80.2912 45.5863 0
    endloop
  endfacet
  facet normal -0.751925 0.659248 0
    outer loop
      vertex 81.6314 42.8686 0
      vertex 81.7694 43.026 6
      vertex 81.7694 43.026 0
    endloop
  endfacet
  facet normal -0.751925 0.659248 0
    outer loop
      vertex 81.7694 43.026 6
      vertex 81.6314 42.8686 0
      vertex 81.6314 42.8686 6
    endloop
  endfacet
  facet normal -0.555362 0.831609 0
    outer loop
      vertex 81.474 42.7306 0
      vertex 81.3 42.6144 6
      vertex 81.474 42.7306 6
    endloop
  endfacet
  facet normal -0.555362 0.831609 0
    outer loop
      vertex 81.3 42.6144 6
      vertex 81.474 42.7306 0
      vertex 81.3 42.6144 0
    endloop
  endfacet
  facet normal -0.980819 0.194922 0
    outer loop
      vertex 82.0455 43.5859 0
      vertex 82.0863 43.7912 6
      vertex 82.0863 43.7912 0
    endloop
  endfacet
  facet normal -0.980819 0.194922 0
    outer loop
      vertex 82.0863 43.7912 6
      vertex 82.0455 43.5859 0
      vertex 82.0455 43.5859 6
    endloop
  endfacet
  facet normal 0.194922 0.980819 -0
    outer loop
      vertex 80.2912 42.4137 0
      vertex 80.0859 42.4545 6
      vertex 80.2912 42.4137 6
    endloop
  endfacet
  facet normal 0.194922 0.980819 0
    outer loop
      vertex 80.0859 42.4545 6
      vertex 80.2912 42.4137 0
      vertex 80.0859 42.4545 0
    endloop
  endfacet
  facet normal 0.321526 0.946901 -0
    outer loop
      vertex 80.0859 42.4545 0
      vertex 79.8877 42.5218 6
      vertex 80.0859 42.4545 6
    endloop
  endfacet
  facet normal 0.321526 0.946901 0
    outer loop
      vertex 79.8877 42.5218 6
      vertex 80.0859 42.4545 0
      vertex 79.8877 42.5218 0
    endloop
  endfacet
  facet normal 0.831609 0.555362 0
    outer loop
      vertex 79.2306 43.026 6
      vertex 79.1144 43.2 0
      vertex 79.1144 43.2 6
    endloop
  endfacet
  facet normal 0.831609 0.555362 0
    outer loop
      vertex 79.1144 43.2 0
      vertex 79.2306 43.026 6
      vertex 79.2306 43.026 0
    endloop
  endfacet
  facet normal -0.980819 -0.194922 0
    outer loop
      vertex 82.0863 44.2088 0
      vertex 82.0455 44.4141 6
      vertex 82.0455 44.4141 0
    endloop
  endfacet
  facet normal -0.980819 -0.194922 0
    outer loop
      vertex 82.0455 44.4141 6
      vertex 82.0863 44.2088 0
      vertex 82.0863 44.2088 6
    endloop
  endfacet
  facet normal -0.751925 -0.659248 0
    outer loop
      vertex 81.7694 44.974 0
      vertex 81.6314 45.1314 6
      vertex 81.6314 45.1314 0
    endloop
  endfacet
  facet normal -0.751925 -0.659248 0
    outer loop
      vertex 81.6314 45.1314 6
      vertex 81.7694 44.974 0
      vertex 81.7694 44.974 6
    endloop
  endfacet
  facet normal -0.0654722 -0.997854 0
    outer loop
      vertex 80.5 45.6 0
      vertex 80.7088 45.5863 6
      vertex 80.5 45.6 6
    endloop
  endfacet
  facet normal -0.0654722 -0.997854 -0
    outer loop
      vertex 80.7088 45.5863 6
      vertex 80.5 45.6 0
      vertex 80.7088 45.5863 0
    endloop
  endfacet
  facet normal -0.442429 -0.896803 0
    outer loop
      vertex 81.1123 45.4782 0
      vertex 81.3 45.3856 6
      vertex 81.1123 45.4782 6
    endloop
  endfacet
  facet normal -0.442429 -0.896803 -0
    outer loop
      vertex 81.3 45.3856 6
      vertex 81.1123 45.4782 0
      vertex 81.3 45.3856 0
    endloop
  endfacet
  facet normal 0.831609 -0.555362 0
    outer loop
      vertex 79.1144 44.8 6
      vertex 79.2306 44.974 0
      vertex 79.2306 44.974 6
    endloop
  endfacet
  facet normal 0.831609 -0.555362 0
    outer loop
      vertex 79.2306 44.974 0
      vertex 79.1144 44.8 6
      vertex 79.1144 44.8 0
    endloop
  endfacet
  facet normal 0.997854 -0.0654722 0
    outer loop
      vertex 78.9 44 6
      vertex 78.9137 44.2088 0
      vertex 78.9137 44.2088 6
    endloop
  endfacet
  facet normal 0.997854 -0.0654722 0
    outer loop
      vertex 78.9137 44.2088 0
      vertex 78.9 44 6
      vertex 78.9 44 0
    endloop
  endfacet
  facet normal 0.659248 -0.751925 0
    outer loop
      vertex 79.3686 45.1314 0
      vertex 79.526 45.2694 6
      vertex 79.3686 45.1314 6
    endloop
  endfacet
  facet normal 0.659248 -0.751925 0
    outer loop
      vertex 79.526 45.2694 6
      vertex 79.3686 45.1314 0
      vertex 79.526 45.2694 0
    endloop
  endfacet
  facet normal 0.321526 -0.946901 0
    outer loop
      vertex 79.8877 45.4782 0
      vertex 80.0859 45.5455 6
      vertex 79.8877 45.4782 6
    endloop
  endfacet
  facet normal 0.321526 -0.946901 0
    outer loop
      vertex 80.0859 45.5455 6
      vertex 79.8877 45.4782 0
      vertex 80.0859 45.5455 0
    endloop
  endfacet
  facet normal -0.997854 0.0654722 0
    outer loop
      vertex 82.0863 43.7912 0
      vertex 82.1 44 6
      vertex 82.1 44 0
    endloop
  endfacet
  facet normal -0.997854 0.0654722 0
    outer loop
      vertex 82.1 44 6
      vertex 82.0863 43.7912 0
      vertex 82.0863 43.7912 6
    endloop
  endfacet
  facet normal -0.442429 0.896803 0
    outer loop
      vertex 81.3 42.6144 0
      vertex 81.1123 42.5218 6
      vertex 81.3 42.6144 6
    endloop
  endfacet
  facet normal -0.442429 0.896803 0
    outer loop
      vertex 81.1123 42.5218 6
      vertex 81.3 42.6144 0
      vertex 81.1123 42.5218 0
    endloop
  endfacet
  facet normal -0.194922 0.980819 0
    outer loop
      vertex 80.9141 42.4545 0
      vertex 80.7088 42.4137 6
      vertex 80.9141 42.4545 6
    endloop
  endfacet
  facet normal -0.194922 0.980819 0
    outer loop
      vertex 80.7088 42.4137 6
      vertex 80.9141 42.4545 0
      vertex 80.7088 42.4137 0
    endloop
  endfacet
  facet normal -0.321526 0.946901 0
    outer loop
      vertex 81.1123 42.5218 0
      vertex 80.9141 42.4545 6
      vertex 81.1123 42.5218 6
    endloop
  endfacet
  facet normal -0.321526 0.946901 0
    outer loop
      vertex 80.9141 42.4545 6
      vertex 81.1123 42.5218 0
      vertex 80.9141 42.4545 0
    endloop
  endfacet
  facet normal -0.659248 0.751925 0
    outer loop
      vertex 81.6314 42.8686 0
      vertex 81.474 42.7306 6
      vertex 81.6314 42.8686 6
    endloop
  endfacet
  facet normal -0.659248 0.751925 0
    outer loop
      vertex 81.474 42.7306 6
      vertex 81.6314 42.8686 0
      vertex 81.474 42.7306 0
    endloop
  endfacet
  facet normal -0.946901 0.321526 0
    outer loop
      vertex 81.9782 43.3877 0
      vertex 82.0455 43.5859 6
      vertex 82.0455 43.5859 0
    endloop
  endfacet
  facet normal -0.946901 0.321526 0
    outer loop
      vertex 82.0455 43.5859 6
      vertex 81.9782 43.3877 0
      vertex 81.9782 43.3877 6
    endloop
  endfacet
  facet normal -0.831609 0.555362 0
    outer loop
      vertex 81.7694 43.026 0
      vertex 81.8856 43.2 6
      vertex 81.8856 43.2 0
    endloop
  endfacet
  facet normal -0.831609 0.555362 0
    outer loop
      vertex 81.8856 43.2 6
      vertex 81.7694 43.026 0
      vertex 81.7694 43.026 6
    endloop
  endfacet
  facet normal -0.896803 0.442429 0
    outer loop
      vertex 81.8856 43.2 0
      vertex 81.9782 43.3877 6
      vertex 81.9782 43.3877 0
    endloop
  endfacet
  facet normal -0.896803 0.442429 0
    outer loop
      vertex 81.9782 43.3877 6
      vertex 81.8856 43.2 0
      vertex 81.8856 43.2 6
    endloop
  endfacet
  facet normal 0.0654722 0.997854 -0
    outer loop
      vertex 80.5 42.4 0
      vertex 80.2912 42.4137 6
      vertex 80.5 42.4 6
    endloop
  endfacet
  facet normal 0.0654722 0.997854 0
    outer loop
      vertex 80.2912 42.4137 6
      vertex 80.5 42.4 0
      vertex 80.2912 42.4137 0
    endloop
  endfacet
  facet normal 0.555362 0.831609 -0
    outer loop
      vertex 79.7 42.6144 0
      vertex 79.526 42.7306 6
      vertex 79.7 42.6144 6
    endloop
  endfacet
  facet normal 0.555362 0.831609 0
    outer loop
      vertex 79.526 42.7306 6
      vertex 79.7 42.6144 0
      vertex 79.526 42.7306 0
    endloop
  endfacet
  facet normal -0.0654722 0.997854 0
    outer loop
      vertex 80.7088 42.4137 0
      vertex 80.5 42.4 6
      vertex 80.7088 42.4137 6
    endloop
  endfacet
  facet normal -0.0654722 0.997854 0
    outer loop
      vertex 80.5 42.4 6
      vertex 80.7088 42.4137 0
      vertex 80.5 42.4 0
    endloop
  endfacet
  facet normal 0.442429 0.896803 -0
    outer loop
      vertex 79.8877 42.5218 0
      vertex 79.7 42.6144 6
      vertex 79.8877 42.5218 6
    endloop
  endfacet
  facet normal 0.442429 0.896803 0
    outer loop
      vertex 79.7 42.6144 6
      vertex 79.8877 42.5218 0
      vertex 79.7 42.6144 0
    endloop
  endfacet
  facet normal 0.659248 0.751925 -0
    outer loop
      vertex 79.526 42.7306 0
      vertex 79.3686 42.8686 6
      vertex 79.526 42.7306 6
    endloop
  endfacet
  facet normal 0.659248 0.751925 0
    outer loop
      vertex 79.3686 42.8686 6
      vertex 79.526 42.7306 0
      vertex 79.3686 42.8686 0
    endloop
  endfacet
  facet normal 0.896803 0.442429 0
    outer loop
      vertex 79.1144 43.2 6
      vertex 79.0218 43.3877 0
      vertex 79.0218 43.3877 6
    endloop
  endfacet
  facet normal 0.896803 0.442429 0
    outer loop
      vertex 79.0218 43.3877 0
      vertex 79.1144 43.2 6
      vertex 79.1144 43.2 0
    endloop
  endfacet
  facet normal 0.980819 0.194922 0
    outer loop
      vertex 78.9545 43.5859 6
      vertex 78.9137 43.7912 0
      vertex 78.9137 43.7912 6
    endloop
  endfacet
  facet normal 0.980819 0.194922 0
    outer loop
      vertex 78.9137 43.7912 0
      vertex 78.9545 43.5859 6
      vertex 78.9545 43.5859 0
    endloop
  endfacet
  facet normal 0.946901 0.321526 0
    outer loop
      vertex 79.0218 43.3877 6
      vertex 78.9545 43.5859 0
      vertex 78.9545 43.5859 6
    endloop
  endfacet
  facet normal 0.946901 0.321526 0
    outer loop
      vertex 78.9545 43.5859 0
      vertex 79.0218 43.3877 6
      vertex 79.0218 43.3877 0
    endloop
  endfacet
  facet normal -0.555362 -0.831609 0
    outer loop
      vertex 38.8 13.3856 0
      vertex 38.974 13.2694 6
      vertex 38.8 13.3856 6
    endloop
  endfacet
  facet normal -0.555362 -0.831609 -0
    outer loop
      vertex 38.974 13.2694 6
      vertex 38.8 13.3856 0
      vertex 38.974 13.2694 0
    endloop
  endfacet
  facet normal -0.980819 0.194922 0
    outer loop
      vertex 39.5455 11.5859 0
      vertex 39.5863 11.7912 6
      vertex 39.5863 11.7912 0
    endloop
  endfacet
  facet normal -0.980819 0.194922 0
    outer loop
      vertex 39.5863 11.7912 6
      vertex 39.5455 11.5859 0
      vertex 39.5455 11.5859 6
    endloop
  endfacet
  facet normal 0.194922 0.980819 -0
    outer loop
      vertex 37.7912 10.4137 0
      vertex 37.5859 10.4545 6
      vertex 37.7912 10.4137 6
    endloop
  endfacet
  facet normal 0.194922 0.980819 0
    outer loop
      vertex 37.5859 10.4545 6
      vertex 37.7912 10.4137 0
      vertex 37.5859 10.4545 0
    endloop
  endfacet
  facet normal 0.442429 -0.896803 0
    outer loop
      vertex 37.2 13.3856 0
      vertex 37.3877 13.4782 6
      vertex 37.2 13.3856 6
    endloop
  endfacet
  facet normal 0.442429 -0.896803 0
    outer loop
      vertex 37.3877 13.4782 6
      vertex 37.2 13.3856 0
      vertex 37.3877 13.4782 0
    endloop
  endfacet
  facet normal 0.946901 -0.321526 0
    outer loop
      vertex 36.4545 12.4141 6
      vertex 36.5218 12.6123 0
      vertex 36.5218 12.6123 6
    endloop
  endfacet
  facet normal 0.946901 -0.321526 0
    outer loop
      vertex 36.5218 12.6123 0
      vertex 36.4545 12.4141 6
      vertex 36.4545 12.4141 0
    endloop
  endfacet
  facet normal -0.896803 -0.442429 0
    outer loop
      vertex 39.4782 12.6123 0
      vertex 39.3856 12.8 6
      vertex 39.3856 12.8 0
    endloop
  endfacet
  facet normal -0.896803 -0.442429 0
    outer loop
      vertex 39.3856 12.8 6
      vertex 39.4782 12.6123 0
      vertex 39.4782 12.6123 6
    endloop
  endfacet
  facet normal -0.831609 -0.555362 0
    outer loop
      vertex 39.3856 12.8 0
      vertex 39.2694 12.974 6
      vertex 39.2694 12.974 0
    endloop
  endfacet
  facet normal -0.831609 -0.555362 0
    outer loop
      vertex 39.2694 12.974 6
      vertex 39.3856 12.8 0
      vertex 39.3856 12.8 6
    endloop
  endfacet
  facet normal -0.321526 -0.946901 0
    outer loop
      vertex 38.4141 13.5455 0
      vertex 38.6123 13.4782 6
      vertex 38.4141 13.5455 6
    endloop
  endfacet
  facet normal -0.321526 -0.946901 -0
    outer loop
      vertex 38.6123 13.4782 6
      vertex 38.4141 13.5455 0
      vertex 38.6123 13.4782 0
    endloop
  endfacet
  facet normal -0.194922 -0.980819 0
    outer loop
      vertex 38.2088 13.5863 0
      vertex 38.4141 13.5455 6
      vertex 38.2088 13.5863 6
    endloop
  endfacet
  facet normal -0.194922 -0.980819 -0
    outer loop
      vertex 38.4141 13.5455 6
      vertex 38.2088 13.5863 0
      vertex 38.4141 13.5455 0
    endloop
  endfacet
  facet normal -0.0654722 -0.997854 0
    outer loop
      vertex 38 13.6 0
      vertex 38.2088 13.5863 6
      vertex 38 13.6 6
    endloop
  endfacet
  facet normal -0.0654722 -0.997854 -0
    outer loop
      vertex 38.2088 13.5863 6
      vertex 38 13.6 0
      vertex 38.2088 13.5863 0
    endloop
  endfacet
  facet normal 0.997854 -0.0654722 0
    outer loop
      vertex 36.4 12 6
      vertex 36.4137 12.2088 0
      vertex 36.4137 12.2088 6
    endloop
  endfacet
  facet normal 0.997854 -0.0654722 0
    outer loop
      vertex 36.4137 12.2088 0
      vertex 36.4 12 6
      vertex 36.4 12 0
    endloop
  endfacet
  facet normal 0.831609 -0.555362 0
    outer loop
      vertex 36.6144 12.8 6
      vertex 36.7306 12.974 0
      vertex 36.7306 12.974 6
    endloop
  endfacet
  facet normal 0.831609 -0.555362 0
    outer loop
      vertex 36.7306 12.974 0
      vertex 36.6144 12.8 6
      vertex 36.6144 12.8 0
    endloop
  endfacet
  facet normal 0.555362 -0.831609 0
    outer loop
      vertex 37.026 13.2694 0
      vertex 37.2 13.3856 6
      vertex 37.026 13.2694 6
    endloop
  endfacet
  facet normal 0.555362 -0.831609 0
    outer loop
      vertex 37.2 13.3856 6
      vertex 37.026 13.2694 0
      vertex 37.2 13.3856 0
    endloop
  endfacet
  facet normal 0.321526 -0.946901 0
    outer loop
      vertex 37.3877 13.4782 0
      vertex 37.5859 13.5455 6
      vertex 37.3877 13.4782 6
    endloop
  endfacet
  facet normal 0.321526 -0.946901 0
    outer loop
      vertex 37.5859 13.5455 6
      vertex 37.3877 13.4782 0
      vertex 37.5859 13.5455 0
    endloop
  endfacet
  facet normal -0.997854 0.0654722 0
    outer loop
      vertex 39.5863 11.7912 0
      vertex 39.6 12 6
      vertex 39.6 12 0
    endloop
  endfacet
  facet normal -0.997854 0.0654722 0
    outer loop
      vertex 39.6 12 6
      vertex 39.5863 11.7912 0
      vertex 39.5863 11.7912 6
    endloop
  endfacet
  facet normal -0.442429 0.896803 0
    outer loop
      vertex 38.8 10.6144 0
      vertex 38.6123 10.5218 6
      vertex 38.8 10.6144 6
    endloop
  endfacet
  facet normal -0.442429 0.896803 0
    outer loop
      vertex 38.6123 10.5218 6
      vertex 38.8 10.6144 0
      vertex 38.6123 10.5218 0
    endloop
  endfacet
  facet normal -0.555362 0.831609 0
    outer loop
      vertex 38.974 10.7306 0
      vertex 38.8 10.6144 6
      vertex 38.974 10.7306 6
    endloop
  endfacet
  facet normal -0.555362 0.831609 0
    outer loop
      vertex 38.8 10.6144 6
      vertex 38.974 10.7306 0
      vertex 38.8 10.6144 0
    endloop
  endfacet
  facet normal -0.831609 0.555362 0
    outer loop
      vertex 39.2694 11.026 0
      vertex 39.3856 11.2 6
      vertex 39.3856 11.2 0
    endloop
  endfacet
  facet normal -0.831609 0.555362 0
    outer loop
      vertex 39.3856 11.2 6
      vertex 39.2694 11.026 0
      vertex 39.2694 11.026 6
    endloop
  endfacet
  facet normal 0.0654722 0.997854 -0
    outer loop
      vertex 38 10.4 0
      vertex 37.7912 10.4137 6
      vertex 38 10.4 6
    endloop
  endfacet
  facet normal 0.0654722 0.997854 0
    outer loop
      vertex 37.7912 10.4137 6
      vertex 38 10.4 0
      vertex 37.7912 10.4137 0
    endloop
  endfacet
  facet normal 0.555362 0.831609 -0
    outer loop
      vertex 37.2 10.6144 0
      vertex 37.026 10.7306 6
      vertex 37.2 10.6144 6
    endloop
  endfacet
  facet normal 0.555362 0.831609 0
    outer loop
      vertex 37.026 10.7306 6
      vertex 37.2 10.6144 0
      vertex 37.026 10.7306 0
    endloop
  endfacet
  facet normal 0.831609 0.555362 0
    outer loop
      vertex 36.7306 11.026 6
      vertex 36.6144 11.2 0
      vertex 36.6144 11.2 6
    endloop
  endfacet
  facet normal 0.831609 0.555362 0
    outer loop
      vertex 36.6144 11.2 0
      vertex 36.7306 11.026 6
      vertex 36.7306 11.026 0
    endloop
  endfacet
  facet normal -0.980819 -0.194922 0
    outer loop
      vertex 39.5863 12.2088 0
      vertex 39.5455 12.4141 6
      vertex 39.5455 12.4141 0
    endloop
  endfacet
  facet normal -0.980819 -0.194922 0
    outer loop
      vertex 39.5455 12.4141 6
      vertex 39.5863 12.2088 0
      vertex 39.5863 12.2088 6
    endloop
  endfacet
  facet normal -0.946901 -0.321526 0
    outer loop
      vertex 39.5455 12.4141 0
      vertex 39.4782 12.6123 6
      vertex 39.4782 12.6123 0
    endloop
  endfacet
  facet normal -0.946901 -0.321526 0
    outer loop
      vertex 39.4782 12.6123 6
      vertex 39.5455 12.4141 0
      vertex 39.5455 12.4141 6
    endloop
  endfacet
  facet normal -0.751925 -0.659248 0
    outer loop
      vertex 39.2694 12.974 0
      vertex 39.1314 13.1314 6
      vertex 39.1314 13.1314 0
    endloop
  endfacet
  facet normal -0.751925 -0.659248 0
    outer loop
      vertex 39.1314 13.1314 6
      vertex 39.2694 12.974 0
      vertex 39.2694 12.974 6
    endloop
  endfacet
  facet normal -0.659248 -0.751925 0
    outer loop
      vertex 38.974 13.2694 0
      vertex 39.1314 13.1314 6
      vertex 38.974 13.2694 6
    endloop
  endfacet
  facet normal -0.659248 -0.751925 -0
    outer loop
      vertex 39.1314 13.1314 6
      vertex 38.974 13.2694 0
      vertex 39.1314 13.1314 0
    endloop
  endfacet
  facet normal -0.442429 -0.896803 0
    outer loop
      vertex 38.6123 13.4782 0
      vertex 38.8 13.3856 6
      vertex 38.6123 13.4782 6
    endloop
  endfacet
  facet normal -0.442429 -0.896803 -0
    outer loop
      vertex 38.8 13.3856 6
      vertex 38.6123 13.4782 0
      vertex 38.8 13.3856 0
    endloop
  endfacet
  facet normal 0.0654722 -0.997854 0
    outer loop
      vertex 37.7912 13.5863 0
      vertex 38 13.6 6
      vertex 37.7912 13.5863 6
    endloop
  endfacet
  facet normal 0.0654722 -0.997854 0
    outer loop
      vertex 38 13.6 6
      vertex 37.7912 13.5863 0
      vertex 38 13.6 0
    endloop
  endfacet
  facet normal 0.980819 -0.194922 0
    outer loop
      vertex 36.4137 12.2088 6
      vertex 36.4545 12.4141 0
      vertex 36.4545 12.4141 6
    endloop
  endfacet
  facet normal 0.980819 -0.194922 0
    outer loop
      vertex 36.4545 12.4141 0
      vertex 36.4137 12.2088 6
      vertex 36.4137 12.2088 0
    endloop
  endfacet
  facet normal 0.896803 -0.442429 0
    outer loop
      vertex 36.5218 12.6123 6
      vertex 36.6144 12.8 0
      vertex 36.6144 12.8 6
    endloop
  endfacet
  facet normal 0.896803 -0.442429 0
    outer loop
      vertex 36.6144 12.8 0
      vertex 36.5218 12.6123 6
      vertex 36.5218 12.6123 0
    endloop
  endfacet
  facet normal 0.194922 -0.980819 0
    outer loop
      vertex 37.5859 13.5455 0
      vertex 37.7912 13.5863 6
      vertex 37.5859 13.5455 6
    endloop
  endfacet
  facet normal 0.194922 -0.980819 0
    outer loop
      vertex 37.7912 13.5863 6
      vertex 37.5859 13.5455 0
      vertex 37.7912 13.5863 0
    endloop
  endfacet
  facet normal 0.659248 -0.751925 0
    outer loop
      vertex 36.8686 13.1314 0
      vertex 37.026 13.2694 6
      vertex 36.8686 13.1314 6
    endloop
  endfacet
  facet normal 0.659248 -0.751925 0
    outer loop
      vertex 37.026 13.2694 6
      vertex 36.8686 13.1314 0
      vertex 37.026 13.2694 0
    endloop
  endfacet
  facet normal 0.751925 -0.659248 0
    outer loop
      vertex 36.7306 12.974 6
      vertex 36.8686 13.1314 0
      vertex 36.8686 13.1314 6
    endloop
  endfacet
  facet normal 0.751925 -0.659248 0
    outer loop
      vertex 36.8686 13.1314 0
      vertex 36.7306 12.974 6
      vertex 36.7306 12.974 0
    endloop
  endfacet
  facet normal -0.997854 -0.0654722 0
    outer loop
      vertex 39.6 12 0
      vertex 39.5863 12.2088 6
      vertex 39.5863 12.2088 0
    endloop
  endfacet
  facet normal -0.997854 -0.0654722 0
    outer loop
      vertex 39.5863 12.2088 6
      vertex 39.6 12 0
      vertex 39.6 12 6
    endloop
  endfacet
  facet normal -0.194922 0.980819 0
    outer loop
      vertex 38.4141 10.4545 0
      vertex 38.2088 10.4137 6
      vertex 38.4141 10.4545 6
    endloop
  endfacet
  facet normal -0.194922 0.980819 0
    outer loop
      vertex 38.2088 10.4137 6
      vertex 38.4141 10.4545 0
      vertex 38.2088 10.4137 0
    endloop
  endfacet
  facet normal -0.659248 0.751925 0
    outer loop
      vertex 39.1314 10.8686 0
      vertex 38.974 10.7306 6
      vertex 39.1314 10.8686 6
    endloop
  endfacet
  facet normal -0.659248 0.751925 0
    outer loop
      vertex 38.974 10.7306 6
      vertex 39.1314 10.8686 0
      vertex 38.974 10.7306 0
    endloop
  endfacet
  facet normal -0.946901 0.321526 0
    outer loop
      vertex 39.4782 11.3877 0
      vertex 39.5455 11.5859 6
      vertex 39.5455 11.5859 0
    endloop
  endfacet
  facet normal -0.946901 0.321526 0
    outer loop
      vertex 39.5455 11.5859 6
      vertex 39.4782 11.3877 0
      vertex 39.4782 11.3877 6
    endloop
  endfacet
  facet normal 0.321526 0.946901 -0
    outer loop
      vertex 37.5859 10.4545 0
      vertex 37.3877 10.5218 6
      vertex 37.5859 10.4545 6
    endloop
  endfacet
  facet normal 0.321526 0.946901 0
    outer loop
      vertex 37.3877 10.5218 6
      vertex 37.5859 10.4545 0
      vertex 37.3877 10.5218 0
    endloop
  endfacet
  facet normal 0.896803 0.442429 0
    outer loop
      vertex 36.6144 11.2 6
      vertex 36.5218 11.3877 0
      vertex 36.5218 11.3877 6
    endloop
  endfacet
  facet normal 0.896803 0.442429 0
    outer loop
      vertex 36.5218 11.3877 0
      vertex 36.6144 11.2 6
      vertex 36.6144 11.2 0
    endloop
  endfacet
  facet normal 0.980819 0.194922 0
    outer loop
      vertex 36.4545 11.5859 6
      vertex 36.4137 11.7912 0
      vertex 36.4137 11.7912 6
    endloop
  endfacet
  facet normal 0.980819 0.194922 0
    outer loop
      vertex 36.4137 11.7912 0
      vertex 36.4545 11.5859 6
      vertex 36.4545 11.5859 0
    endloop
  endfacet
  facet normal 0.751925 0.659248 0
    outer loop
      vertex 36.8686 10.8686 6
      vertex 36.7306 11.026 0
      vertex 36.7306 11.026 6
    endloop
  endfacet
  facet normal 0.751925 0.659248 0
    outer loop
      vertex 36.7306 11.026 0
      vertex 36.8686 10.8686 6
      vertex 36.8686 10.8686 0
    endloop
  endfacet
  facet normal 0.997854 0.0654722 0
    outer loop
      vertex 36.4137 11.7912 6
      vertex 36.4 12 0
      vertex 36.4 12 6
    endloop
  endfacet
  facet normal 0.997854 0.0654722 0
    outer loop
      vertex 36.4 12 0
      vertex 36.4137 11.7912 6
      vertex 36.4137 11.7912 0
    endloop
  endfacet
  facet normal -0.321526 0.946901 0
    outer loop
      vertex 38.6123 10.5218 0
      vertex 38.4141 10.4545 6
      vertex 38.6123 10.5218 6
    endloop
  endfacet
  facet normal -0.321526 0.946901 0
    outer loop
      vertex 38.4141 10.4545 6
      vertex 38.6123 10.5218 0
      vertex 38.4141 10.4545 0
    endloop
  endfacet
  facet normal -0.751925 0.659248 0
    outer loop
      vertex 39.1314 10.8686 0
      vertex 39.2694 11.026 6
      vertex 39.2694 11.026 0
    endloop
  endfacet
  facet normal -0.751925 0.659248 0
    outer loop
      vertex 39.2694 11.026 6
      vertex 39.1314 10.8686 0
      vertex 39.1314 10.8686 6
    endloop
  endfacet
  facet normal -0.896803 0.442429 0
    outer loop
      vertex 39.3856 11.2 0
      vertex 39.4782 11.3877 6
      vertex 39.4782 11.3877 0
    endloop
  endfacet
  facet normal -0.896803 0.442429 0
    outer loop
      vertex 39.4782 11.3877 6
      vertex 39.3856 11.2 0
      vertex 39.3856 11.2 6
    endloop
  endfacet
  facet normal -0.0654722 0.997854 0
    outer loop
      vertex 38.2088 10.4137 0
      vertex 38 10.4 6
      vertex 38.2088 10.4137 6
    endloop
  endfacet
  facet normal -0.0654722 0.997854 0
    outer loop
      vertex 38 10.4 6
      vertex 38.2088 10.4137 0
      vertex 38 10.4 0
    endloop
  endfacet
  facet normal 0.442429 0.896803 -0
    outer loop
      vertex 37.3877 10.5218 0
      vertex 37.2 10.6144 6
      vertex 37.3877 10.5218 6
    endloop
  endfacet
  facet normal 0.442429 0.896803 0
    outer loop
      vertex 37.2 10.6144 6
      vertex 37.3877 10.5218 0
      vertex 37.2 10.6144 0
    endloop
  endfacet
  facet normal 0.946901 0.321526 0
    outer loop
      vertex 36.5218 11.3877 6
      vertex 36.4545 11.5859 0
      vertex 36.4545 11.5859 6
    endloop
  endfacet
  facet normal 0.946901 0.321526 0
    outer loop
      vertex 36.4545 11.5859 0
      vertex 36.5218 11.3877 6
      vertex 36.5218 11.3877 0
    endloop
  endfacet
  facet normal 0.659248 0.751925 -0
    outer loop
      vertex 37.026 10.7306 0
      vertex 36.8686 10.8686 6
      vertex 37.026 10.7306 6
    endloop
  endfacet
  facet normal 0.659248 0.751925 0
    outer loop
      vertex 36.8686 10.8686 6
      vertex 37.026 10.7306 0
      vertex 36.8686 10.8686 0
    endloop
  endfacet
  facet normal -0.946901 -0.321526 0
    outer loop
      vertex 63.5455 12.4141 0
      vertex 63.4782 12.6123 6
      vertex 63.4782 12.6123 0
    endloop
  endfacet
  facet normal -0.946901 -0.321526 0
    outer loop
      vertex 63.4782 12.6123 6
      vertex 63.5455 12.4141 0
      vertex 63.5455 12.4141 6
    endloop
  endfacet
  facet normal -0.997854 -0.0654722 0
    outer loop
      vertex 63.6 12 0
      vertex 63.5863 12.2088 6
      vertex 63.5863 12.2088 0
    endloop
  endfacet
  facet normal -0.997854 -0.0654722 0
    outer loop
      vertex 63.5863 12.2088 6
      vertex 63.6 12 0
      vertex 63.6 12 6
    endloop
  endfacet
  facet normal 0.0654722 -0.997854 0
    outer loop
      vertex 61.7912 13.5863 0
      vertex 62 13.6 6
      vertex 61.7912 13.5863 6
    endloop
  endfacet
  facet normal 0.0654722 -0.997854 0
    outer loop
      vertex 62 13.6 6
      vertex 61.7912 13.5863 0
      vertex 62 13.6 0
    endloop
  endfacet
  facet normal -0.659248 -0.751925 0
    outer loop
      vertex 62.974 13.2694 0
      vertex 63.1314 13.1314 6
      vertex 62.974 13.2694 6
    endloop
  endfacet
  facet normal -0.659248 -0.751925 -0
    outer loop
      vertex 63.1314 13.1314 6
      vertex 62.974 13.2694 0
      vertex 63.1314 13.1314 0
    endloop
  endfacet
  facet normal 0.751925 -0.659248 0
    outer loop
      vertex 60.7306 12.974 6
      vertex 60.8686 13.1314 0
      vertex 60.8686 13.1314 6
    endloop
  endfacet
  facet normal 0.751925 -0.659248 0
    outer loop
      vertex 60.8686 13.1314 0
      vertex 60.7306 12.974 6
      vertex 60.7306 12.974 0
    endloop
  endfacet
  facet normal 0.442429 -0.896803 0
    outer loop
      vertex 61.2 13.3856 0
      vertex 61.3877 13.4782 6
      vertex 61.2 13.3856 6
    endloop
  endfacet
  facet normal 0.442429 -0.896803 0
    outer loop
      vertex 61.3877 13.4782 6
      vertex 61.2 13.3856 0
      vertex 61.3877 13.4782 0
    endloop
  endfacet
  facet normal 0.751925 0.659248 0
    outer loop
      vertex 60.8686 10.8686 6
      vertex 60.7306 11.026 0
      vertex 60.7306 11.026 6
    endloop
  endfacet
  facet normal 0.751925 0.659248 0
    outer loop
      vertex 60.7306 11.026 0
      vertex 60.8686 10.8686 6
      vertex 60.8686 10.8686 0
    endloop
  endfacet
  facet normal -0.896803 -0.442429 0
    outer loop
      vertex 63.4782 12.6123 0
      vertex 63.3856 12.8 6
      vertex 63.3856 12.8 0
    endloop
  endfacet
  facet normal -0.896803 -0.442429 0
    outer loop
      vertex 63.3856 12.8 6
      vertex 63.4782 12.6123 0
      vertex 63.4782 12.6123 6
    endloop
  endfacet
  facet normal -0.831609 -0.555362 0
    outer loop
      vertex 63.3856 12.8 0
      vertex 63.2694 12.974 6
      vertex 63.2694 12.974 0
    endloop
  endfacet
  facet normal -0.831609 -0.555362 0
    outer loop
      vertex 63.2694 12.974 6
      vertex 63.3856 12.8 0
      vertex 63.3856 12.8 6
    endloop
  endfacet
  facet normal -0.321526 -0.946901 0
    outer loop
      vertex 62.4141 13.5455 0
      vertex 62.6123 13.4782 6
      vertex 62.4141 13.5455 6
    endloop
  endfacet
  facet normal -0.321526 -0.946901 -0
    outer loop
      vertex 62.6123 13.4782 6
      vertex 62.4141 13.5455 0
      vertex 62.6123 13.4782 0
    endloop
  endfacet
  facet normal -0.194922 -0.980819 0
    outer loop
      vertex 62.2088 13.5863 0
      vertex 62.4141 13.5455 6
      vertex 62.2088 13.5863 6
    endloop
  endfacet
  facet normal -0.194922 -0.980819 -0
    outer loop
      vertex 62.4141 13.5455 6
      vertex 62.2088 13.5863 0
      vertex 62.4141 13.5455 0
    endloop
  endfacet
  facet normal -0.555362 -0.831609 0
    outer loop
      vertex 62.8 13.3856 0
      vertex 62.974 13.2694 6
      vertex 62.8 13.3856 6
    endloop
  endfacet
  facet normal -0.555362 -0.831609 -0
    outer loop
      vertex 62.974 13.2694 6
      vertex 62.8 13.3856 0
      vertex 62.974 13.2694 0
    endloop
  endfacet
  facet normal 0.946901 -0.321526 0
    outer loop
      vertex 60.4545 12.4141 6
      vertex 60.5218 12.6123 0
      vertex 60.5218 12.6123 6
    endloop
  endfacet
  facet normal 0.946901 -0.321526 0
    outer loop
      vertex 60.5218 12.6123 0
      vertex 60.4545 12.4141 6
      vertex 60.4545 12.4141 0
    endloop
  endfacet
  facet normal 0.896803 -0.442429 0
    outer loop
      vertex 60.5218 12.6123 6
      vertex 60.6144 12.8 0
      vertex 60.6144 12.8 6
    endloop
  endfacet
  facet normal 0.896803 -0.442429 0
    outer loop
      vertex 60.6144 12.8 0
      vertex 60.5218 12.6123 6
      vertex 60.5218 12.6123 0
    endloop
  endfacet
  facet normal 0.980819 -0.194922 0
    outer loop
      vertex 60.4137 12.2088 6
      vertex 60.4545 12.4141 0
      vertex 60.4545 12.4141 6
    endloop
  endfacet
  facet normal 0.980819 -0.194922 0
    outer loop
      vertex 60.4545 12.4141 0
      vertex 60.4137 12.2088 6
      vertex 60.4137 12.2088 0
    endloop
  endfacet
  facet normal 0.997854 0.0654722 0
    outer loop
      vertex 60.4137 11.7912 6
      vertex 60.4 12 0
      vertex 60.4 12 6
    endloop
  endfacet
  facet normal 0.997854 0.0654722 0
    outer loop
      vertex 60.4 12 0
      vertex 60.4137 11.7912 6
      vertex 60.4137 11.7912 0
    endloop
  endfacet
  facet normal 0.555362 -0.831609 0
    outer loop
      vertex 61.026 13.2694 0
      vertex 61.2 13.3856 6
      vertex 61.026 13.2694 6
    endloop
  endfacet
  facet normal 0.555362 -0.831609 0
    outer loop
      vertex 61.2 13.3856 6
      vertex 61.026 13.2694 0
      vertex 61.2 13.3856 0
    endloop
  endfacet
  facet normal 0.194922 -0.980819 0
    outer loop
      vertex 61.5859 13.5455 0
      vertex 61.7912 13.5863 6
      vertex 61.5859 13.5455 6
    endloop
  endfacet
  facet normal 0.194922 -0.980819 0
    outer loop
      vertex 61.7912 13.5863 6
      vertex 61.5859 13.5455 0
      vertex 61.7912 13.5863 0
    endloop
  endfacet
  facet normal -0.751925 0.659248 0
    outer loop
      vertex 63.1314 10.8686 0
      vertex 63.2694 11.026 6
      vertex 63.2694 11.026 0
    endloop
  endfacet
  facet normal -0.751925 0.659248 0
    outer loop
      vertex 63.2694 11.026 6
      vertex 63.1314 10.8686 0
      vertex 63.1314 10.8686 6
    endloop
  endfacet
  facet normal -0.555362 0.831609 0
    outer loop
      vertex 62.974 10.7306 0
      vertex 62.8 10.6144 6
      vertex 62.974 10.7306 6
    endloop
  endfacet
  facet normal -0.555362 0.831609 0
    outer loop
      vertex 62.8 10.6144 6
      vertex 62.974 10.7306 0
      vertex 62.8 10.6144 0
    endloop
  endfacet
  facet normal -0.980819 0.194922 0
    outer loop
      vertex 63.5455 11.5859 0
      vertex 63.5863 11.7912 6
      vertex 63.5863 11.7912 0
    endloop
  endfacet
  facet normal -0.980819 0.194922 0
    outer loop
      vertex 63.5863 11.7912 6
      vertex 63.5455 11.5859 0
      vertex 63.5455 11.5859 6
    endloop
  endfacet
  facet normal 0.194922 0.980819 -0
    outer loop
      vertex 61.7912 10.4137 0
      vertex 61.5859 10.4545 6
      vertex 61.7912 10.4137 6
    endloop
  endfacet
  facet normal 0.194922 0.980819 0
    outer loop
      vertex 61.5859 10.4545 6
      vertex 61.7912 10.4137 0
      vertex 61.5859 10.4545 0
    endloop
  endfacet
  facet normal 0.321526 0.946901 -0
    outer loop
      vertex 61.5859 10.4545 0
      vertex 61.3877 10.5218 6
      vertex 61.5859 10.4545 6
    endloop
  endfacet
  facet normal 0.321526 0.946901 0
    outer loop
      vertex 61.3877 10.5218 6
      vertex 61.5859 10.4545 0
      vertex 61.3877 10.5218 0
    endloop
  endfacet
  facet normal 0.831609 0.555362 0
    outer loop
      vertex 60.7306 11.026 6
      vertex 60.6144 11.2 0
      vertex 60.6144 11.2 6
    endloop
  endfacet
  facet normal 0.831609 0.555362 0
    outer loop
      vertex 60.6144 11.2 0
      vertex 60.7306 11.026 6
      vertex 60.7306 11.026 0
    endloop
  endfacet
  facet normal -0.980819 -0.194922 0
    outer loop
      vertex 63.5863 12.2088 0
      vertex 63.5455 12.4141 6
      vertex 63.5455 12.4141 0
    endloop
  endfacet
  facet normal -0.980819 -0.194922 0
    outer loop
      vertex 63.5455 12.4141 6
      vertex 63.5863 12.2088 0
      vertex 63.5863 12.2088 6
    endloop
  endfacet
  facet normal -0.751925 -0.659248 0
    outer loop
      vertex 63.2694 12.974 0
      vertex 63.1314 13.1314 6
      vertex 63.1314 13.1314 0
    endloop
  endfacet
  facet normal -0.751925 -0.659248 0
    outer loop
      vertex 63.1314 13.1314 6
      vertex 63.2694 12.974 0
      vertex 63.2694 12.974 6
    endloop
  endfacet
  facet normal -0.0654722 -0.997854 0
    outer loop
      vertex 62 13.6 0
      vertex 62.2088 13.5863 6
      vertex 62 13.6 6
    endloop
  endfacet
  facet normal -0.0654722 -0.997854 -0
    outer loop
      vertex 62.2088 13.5863 6
      vertex 62 13.6 0
      vertex 62.2088 13.5863 0
    endloop
  endfacet
  facet normal -0.442429 -0.896803 0
    outer loop
      vertex 62.6123 13.4782 0
      vertex 62.8 13.3856 6
      vertex 62.6123 13.4782 6
    endloop
  endfacet
  facet normal -0.442429 -0.896803 -0
    outer loop
      vertex 62.8 13.3856 6
      vertex 62.6123 13.4782 0
      vertex 62.8 13.3856 0
    endloop
  endfacet
  facet normal 0.831609 -0.555362 0
    outer loop
      vertex 60.6144 12.8 6
      vertex 60.7306 12.974 0
      vertex 60.7306 12.974 6
    endloop
  endfacet
  facet normal 0.831609 -0.555362 0
    outer loop
      vertex 60.7306 12.974 0
      vertex 60.6144 12.8 6
      vertex 60.6144 12.8 0
    endloop
  endfacet
  facet normal 0.997854 -0.0654722 0
    outer loop
      vertex 60.4 12 6
      vertex 60.4137 12.2088 0
      vertex 60.4137 12.2088 6
    endloop
  endfacet
  facet normal 0.997854 -0.0654722 0
    outer loop
      vertex 60.4137 12.2088 0
      vertex 60.4 12 6
      vertex 60.4 12 0
    endloop
  endfacet
  facet normal 0.659248 -0.751925 0
    outer loop
      vertex 60.8686 13.1314 0
      vertex 61.026 13.2694 6
      vertex 60.8686 13.1314 6
    endloop
  endfacet
  facet normal 0.659248 -0.751925 0
    outer loop
      vertex 61.026 13.2694 6
      vertex 60.8686 13.1314 0
      vertex 61.026 13.2694 0
    endloop
  endfacet
  facet normal 0.321526 -0.946901 0
    outer loop
      vertex 61.3877 13.4782 0
      vertex 61.5859 13.5455 6
      vertex 61.3877 13.4782 6
    endloop
  endfacet
  facet normal 0.321526 -0.946901 0
    outer loop
      vertex 61.5859 13.5455 6
      vertex 61.3877 13.4782 0
      vertex 61.5859 13.5455 0
    endloop
  endfacet
  facet normal -0.442429 0.896803 0
    outer loop
      vertex 62.8 10.6144 0
      vertex 62.6123 10.5218 6
      vertex 62.8 10.6144 6
    endloop
  endfacet
  facet normal -0.442429 0.896803 0
    outer loop
      vertex 62.6123 10.5218 6
      vertex 62.8 10.6144 0
      vertex 62.6123 10.5218 0
    endloop
  endfacet
  facet normal -0.194922 0.980819 0
    outer loop
      vertex 62.4141 10.4545 0
      vertex 62.2088 10.4137 6
      vertex 62.4141 10.4545 6
    endloop
  endfacet
  facet normal -0.194922 0.980819 0
    outer loop
      vertex 62.2088 10.4137 6
      vertex 62.4141 10.4545 0
      vertex 62.2088 10.4137 0
    endloop
  endfacet
  facet normal -0.321526 0.946901 0
    outer loop
      vertex 62.6123 10.5218 0
      vertex 62.4141 10.4545 6
      vertex 62.6123 10.5218 6
    endloop
  endfacet
  facet normal -0.321526 0.946901 0
    outer loop
      vertex 62.4141 10.4545 6
      vertex 62.6123 10.5218 0
      vertex 62.4141 10.4545 0
    endloop
  endfacet
  facet normal -0.659248 0.751925 0
    outer loop
      vertex 63.1314 10.8686 0
      vertex 62.974 10.7306 6
      vertex 63.1314 10.8686 6
    endloop
  endfacet
  facet normal -0.659248 0.751925 0
    outer loop
      vertex 62.974 10.7306 6
      vertex 63.1314 10.8686 0
      vertex 62.974 10.7306 0
    endloop
  endfacet
  facet normal -0.946901 0.321526 0
    outer loop
      vertex 63.4782 11.3877 0
      vertex 63.5455 11.5859 6
      vertex 63.5455 11.5859 0
    endloop
  endfacet
  facet normal -0.946901 0.321526 0
    outer loop
      vertex 63.5455 11.5859 6
      vertex 63.4782 11.3877 0
      vertex 63.4782 11.3877 6
    endloop
  endfacet
  facet normal -0.831609 0.555362 0
    outer loop
      vertex 63.2694 11.026 0
      vertex 63.3856 11.2 6
      vertex 63.3856 11.2 0
    endloop
  endfacet
  facet normal -0.831609 0.555362 0
    outer loop
      vertex 63.3856 11.2 6
      vertex 63.2694 11.026 0
      vertex 63.2694 11.026 6
    endloop
  endfacet
  facet normal -0.896803 0.442429 0
    outer loop
      vertex 63.3856 11.2 0
      vertex 63.4782 11.3877 6
      vertex 63.4782 11.3877 0
    endloop
  endfacet
  facet normal -0.896803 0.442429 0
    outer loop
      vertex 63.4782 11.3877 6
      vertex 63.3856 11.2 0
      vertex 63.3856 11.2 6
    endloop
  endfacet
  facet normal -0.997854 0.0654722 0
    outer loop
      vertex 63.5863 11.7912 0
      vertex 63.6 12 6
      vertex 63.6 12 0
    endloop
  endfacet
  facet normal -0.997854 0.0654722 0
    outer loop
      vertex 63.6 12 6
      vertex 63.5863 11.7912 0
      vertex 63.5863 11.7912 6
    endloop
  endfacet
  facet normal 0.0654722 0.997854 -0
    outer loop
      vertex 62 10.4 0
      vertex 61.7912 10.4137 6
      vertex 62 10.4 6
    endloop
  endfacet
  facet normal 0.0654722 0.997854 0
    outer loop
      vertex 61.7912 10.4137 6
      vertex 62 10.4 0
      vertex 61.7912 10.4137 0
    endloop
  endfacet
  facet normal 0.555362 0.831609 -0
    outer loop
      vertex 61.2 10.6144 0
      vertex 61.026 10.7306 6
      vertex 61.2 10.6144 6
    endloop
  endfacet
  facet normal 0.555362 0.831609 0
    outer loop
      vertex 61.026 10.7306 6
      vertex 61.2 10.6144 0
      vertex 61.026 10.7306 0
    endloop
  endfacet
  facet normal -0.0654722 0.997854 0
    outer loop
      vertex 62.2088 10.4137 0
      vertex 62 10.4 6
      vertex 62.2088 10.4137 6
    endloop
  endfacet
  facet normal -0.0654722 0.997854 0
    outer loop
      vertex 62 10.4 6
      vertex 62.2088 10.4137 0
      vertex 62 10.4 0
    endloop
  endfacet
  facet normal 0.442429 0.896803 -0
    outer loop
      vertex 61.3877 10.5218 0
      vertex 61.2 10.6144 6
      vertex 61.3877 10.5218 6
    endloop
  endfacet
  facet normal 0.442429 0.896803 0
    outer loop
      vertex 61.2 10.6144 6
      vertex 61.3877 10.5218 0
      vertex 61.2 10.6144 0
    endloop
  endfacet
  facet normal 0.659248 0.751925 -0
    outer loop
      vertex 61.026 10.7306 0
      vertex 60.8686 10.8686 6
      vertex 61.026 10.7306 6
    endloop
  endfacet
  facet normal 0.659248 0.751925 0
    outer loop
      vertex 60.8686 10.8686 6
      vertex 61.026 10.7306 0
      vertex 60.8686 10.8686 0
    endloop
  endfacet
  facet normal 0.896803 0.442429 0
    outer loop
      vertex 60.6144 11.2 6
      vertex 60.5218 11.3877 0
      vertex 60.5218 11.3877 6
    endloop
  endfacet
  facet normal 0.896803 0.442429 0
    outer loop
      vertex 60.5218 11.3877 0
      vertex 60.6144 11.2 6
      vertex 60.6144 11.2 0
    endloop
  endfacet
  facet normal 0.980819 0.194922 0
    outer loop
      vertex 60.4545 11.5859 6
      vertex 60.4137 11.7912 0
      vertex 60.4137 11.7912 6
    endloop
  endfacet
  facet normal 0.980819 0.194922 0
    outer loop
      vertex 60.4137 11.7912 0
      vertex 60.4545 11.5859 6
      vertex 60.4545 11.5859 0
    endloop
  endfacet
  facet normal 0.946901 0.321526 0
    outer loop
      vertex 60.5218 11.3877 6
      vertex 60.4545 11.5859 0
      vertex 60.4545 11.5859 6
    endloop
  endfacet
  facet normal 0.946901 0.321526 0
    outer loop
      vertex 60.4545 11.5859 0
      vertex 60.5218 11.3877 6
      vertex 60.5218 11.3877 0
    endloop
  endfacet
  facet normal -0.555362 -0.831609 0
    outer loop
      vertex 40.8 49.3856 0
      vertex 40.974 49.2694 6
      vertex 40.8 49.3856 6
    endloop
  endfacet
  facet normal -0.555362 -0.831609 -0
    outer loop
      vertex 40.974 49.2694 6
      vertex 40.8 49.3856 0
      vertex 40.974 49.2694 0
    endloop
  endfacet
  facet normal 0.980819 -0.194922 0
    outer loop
      vertex 38.4137 48.2088 6
      vertex 38.4545 48.4141 0
      vertex 38.4545 48.4141 6
    endloop
  endfacet
  facet normal 0.980819 -0.194922 0
    outer loop
      vertex 38.4545 48.4141 0
      vertex 38.4137 48.2088 6
      vertex 38.4137 48.2088 0
    endloop
  endfacet
  facet normal -0.980819 0.194922 0
    outer loop
      vertex 41.5455 47.5859 0
      vertex 41.5863 47.7912 6
      vertex 41.5863 47.7912 0
    endloop
  endfacet
  facet normal -0.980819 0.194922 0
    outer loop
      vertex 41.5863 47.7912 6
      vertex 41.5455 47.5859 0
      vertex 41.5455 47.5859 6
    endloop
  endfacet
  facet normal 0.194922 0.980819 -0
    outer loop
      vertex 39.7912 46.4137 0
      vertex 39.5859 46.4545 6
      vertex 39.7912 46.4137 6
    endloop
  endfacet
  facet normal 0.194922 0.980819 0
    outer loop
      vertex 39.5859 46.4545 6
      vertex 39.7912 46.4137 0
      vertex 39.5859 46.4545 0
    endloop
  endfacet
  facet normal 0.442429 -0.896803 0
    outer loop
      vertex 39.2 49.3856 0
      vertex 39.3877 49.4782 6
      vertex 39.2 49.3856 6
    endloop
  endfacet
  facet normal 0.442429 -0.896803 0
    outer loop
      vertex 39.3877 49.4782 6
      vertex 39.2 49.3856 0
      vertex 39.3877 49.4782 0
    endloop
  endfacet
  facet normal 0.946901 -0.321526 0
    outer loop
      vertex 38.4545 48.4141 6
      vertex 38.5218 48.6123 0
      vertex 38.5218 48.6123 6
    endloop
  endfacet
  facet normal 0.946901 -0.321526 0
    outer loop
      vertex 38.5218 48.6123 0
      vertex 38.4545 48.4141 6
      vertex 38.4545 48.4141 0
    endloop
  endfacet
  facet normal -0.896803 -0.442429 0
    outer loop
      vertex 41.4782 48.6123 0
      vertex 41.3856 48.8 6
      vertex 41.3856 48.8 0
    endloop
  endfacet
  facet normal -0.896803 -0.442429 0
    outer loop
      vertex 41.3856 48.8 6
      vertex 41.4782 48.6123 0
      vertex 41.4782 48.6123 6
    endloop
  endfacet
  facet normal -0.831609 -0.555362 0
    outer loop
      vertex 41.3856 48.8 0
      vertex 41.2694 48.974 6
      vertex 41.2694 48.974 0
    endloop
  endfacet
  facet normal -0.831609 -0.555362 0
    outer loop
      vertex 41.2694 48.974 6
      vertex 41.3856 48.8 0
      vertex 41.3856 48.8 6
    endloop
  endfacet
  facet normal -0.321526 -0.946901 0
    outer loop
      vertex 40.4141 49.5455 0
      vertex 40.6123 49.4782 6
      vertex 40.4141 49.5455 6
    endloop
  endfacet
  facet normal -0.321526 -0.946901 -0
    outer loop
      vertex 40.6123 49.4782 6
      vertex 40.4141 49.5455 0
      vertex 40.6123 49.4782 0
    endloop
  endfacet
  facet normal -0.0654722 -0.997854 0
    outer loop
      vertex 40 49.6 0
      vertex 40.2088 49.5863 6
      vertex 40 49.6 6
    endloop
  endfacet
  facet normal -0.0654722 -0.997854 -0
    outer loop
      vertex 40.2088 49.5863 6
      vertex 40 49.6 0
      vertex 40.2088 49.5863 0
    endloop
  endfacet
  facet normal 0.997854 -0.0654722 0
    outer loop
      vertex 38.4 48 6
      vertex 38.4137 48.2088 0
      vertex 38.4137 48.2088 6
    endloop
  endfacet
  facet normal 0.997854 -0.0654722 0
    outer loop
      vertex 38.4137 48.2088 0
      vertex 38.4 48 6
      vertex 38.4 48 0
    endloop
  endfacet
  facet normal 0.831609 -0.555362 0
    outer loop
      vertex 38.6144 48.8 6
      vertex 38.7306 48.974 0
      vertex 38.7306 48.974 6
    endloop
  endfacet
  facet normal 0.831609 -0.555362 0
    outer loop
      vertex 38.7306 48.974 0
      vertex 38.6144 48.8 6
      vertex 38.6144 48.8 0
    endloop
  endfacet
  facet normal 0.555362 -0.831609 0
    outer loop
      vertex 39.026 49.2694 0
      vertex 39.2 49.3856 6
      vertex 39.026 49.2694 6
    endloop
  endfacet
  facet normal 0.555362 -0.831609 0
    outer loop
      vertex 39.2 49.3856 6
      vertex 39.026 49.2694 0
      vertex 39.2 49.3856 0
    endloop
  endfacet
  facet normal 0.321526 -0.946901 0
    outer loop
      vertex 39.3877 49.4782 0
      vertex 39.5859 49.5455 6
      vertex 39.3877 49.4782 6
    endloop
  endfacet
  facet normal 0.321526 -0.946901 0
    outer loop
      vertex 39.5859 49.5455 6
      vertex 39.3877 49.4782 0
      vertex 39.5859 49.5455 0
    endloop
  endfacet
  facet normal -0.997854 0.0654722 0
    outer loop
      vertex 41.5863 47.7912 0
      vertex 41.6 48 6
      vertex 41.6 48 0
    endloop
  endfacet
  facet normal -0.997854 0.0654722 0
    outer loop
      vertex 41.6 48 6
      vertex 41.5863 47.7912 0
      vertex 41.5863 47.7912 6
    endloop
  endfacet
  facet normal -0.442429 0.896803 0
    outer loop
      vertex 40.8 46.6144 0
      vertex 40.6123 46.5218 6
      vertex 40.8 46.6144 6
    endloop
  endfacet
  facet normal -0.442429 0.896803 0
    outer loop
      vertex 40.6123 46.5218 6
      vertex 40.8 46.6144 0
      vertex 40.6123 46.5218 0
    endloop
  endfacet
  facet normal -0.555362 0.831609 0
    outer loop
      vertex 40.974 46.7306 0
      vertex 40.8 46.6144 6
      vertex 40.974 46.7306 6
    endloop
  endfacet
  facet normal -0.555362 0.831609 0
    outer loop
      vertex 40.8 46.6144 6
      vertex 40.974 46.7306 0
      vertex 40.8 46.6144 0
    endloop
  endfacet
  facet normal -0.831609 0.555362 0
    outer loop
      vertex 41.2694 47.026 0
      vertex 41.3856 47.2 6
      vertex 41.3856 47.2 0
    endloop
  endfacet
  facet normal -0.831609 0.555362 0
    outer loop
      vertex 41.3856 47.2 6
      vertex 41.2694 47.026 0
      vertex 41.2694 47.026 6
    endloop
  endfacet
  facet normal 0.0654722 0.997854 -0
    outer loop
      vertex 40 46.4 0
      vertex 39.7912 46.4137 6
      vertex 40 46.4 6
    endloop
  endfacet
  facet normal 0.0654722 0.997854 0
    outer loop
      vertex 39.7912 46.4137 6
      vertex 40 46.4 0
      vertex 39.7912 46.4137 0
    endloop
  endfacet
  facet normal 0.555362 0.831609 -0
    outer loop
      vertex 39.2 46.6144 0
      vertex 39.026 46.7306 6
      vertex 39.2 46.6144 6
    endloop
  endfacet
  facet normal 0.555362 0.831609 0
    outer loop
      vertex 39.026 46.7306 6
      vertex 39.2 46.6144 0
      vertex 39.026 46.7306 0
    endloop
  endfacet
  facet normal 0.831609 0.555362 0
    outer loop
      vertex 38.7306 47.026 6
      vertex 38.6144 47.2 0
      vertex 38.6144 47.2 6
    endloop
  endfacet
  facet normal 0.831609 0.555362 0
    outer loop
      vertex 38.6144 47.2 0
      vertex 38.7306 47.026 6
      vertex 38.7306 47.026 0
    endloop
  endfacet
  facet normal -0.980819 -0.194922 0
    outer loop
      vertex 41.5863 48.2088 0
      vertex 41.5455 48.4141 6
      vertex 41.5455 48.4141 0
    endloop
  endfacet
  facet normal -0.980819 -0.194922 0
    outer loop
      vertex 41.5455 48.4141 6
      vertex 41.5863 48.2088 0
      vertex 41.5863 48.2088 6
    endloop
  endfacet
  facet normal -0.946901 -0.321526 0
    outer loop
      vertex 41.5455 48.4141 0
      vertex 41.4782 48.6123 6
      vertex 41.4782 48.6123 0
    endloop
  endfacet
  facet normal -0.946901 -0.321526 0
    outer loop
      vertex 41.4782 48.6123 6
      vertex 41.5455 48.4141 0
      vertex 41.5455 48.4141 6
    endloop
  endfacet
  facet normal -0.751925 -0.659248 0
    outer loop
      vertex 41.2694 48.974 0
      vertex 41.1314 49.1314 6
      vertex 41.1314 49.1314 0
    endloop
  endfacet
  facet normal -0.751925 -0.659248 0
    outer loop
      vertex 41.1314 49.1314 6
      vertex 41.2694 48.974 0
      vertex 41.2694 48.974 6
    endloop
  endfacet
  facet normal -0.659248 -0.751925 0
    outer loop
      vertex 40.974 49.2694 0
      vertex 41.1314 49.1314 6
      vertex 40.974 49.2694 6
    endloop
  endfacet
  facet normal -0.659248 -0.751925 -0
    outer loop
      vertex 41.1314 49.1314 6
      vertex 40.974 49.2694 0
      vertex 41.1314 49.1314 0
    endloop
  endfacet
  facet normal -0.442429 -0.896803 0
    outer loop
      vertex 40.6123 49.4782 0
      vertex 40.8 49.3856 6
      vertex 40.6123 49.4782 6
    endloop
  endfacet
  facet normal -0.442429 -0.896803 -0
    outer loop
      vertex 40.8 49.3856 6
      vertex 40.6123 49.4782 0
      vertex 40.8 49.3856 0
    endloop
  endfacet
  facet normal 0.0654722 -0.997854 0
    outer loop
      vertex 39.7912 49.5863 0
      vertex 40 49.6 6
      vertex 39.7912 49.5863 6
    endloop
  endfacet
  facet normal 0.0654722 -0.997854 0
    outer loop
      vertex 40 49.6 6
      vertex 39.7912 49.5863 0
      vertex 40 49.6 0
    endloop
  endfacet
  facet normal -0.194922 -0.980819 0
    outer loop
      vertex 40.2088 49.5863 0
      vertex 40.4141 49.5455 6
      vertex 40.2088 49.5863 6
    endloop
  endfacet
  facet normal -0.194922 -0.980819 -0
    outer loop
      vertex 40.4141 49.5455 6
      vertex 40.2088 49.5863 0
      vertex 40.4141 49.5455 0
    endloop
  endfacet
  facet normal 0.997854 0.0654722 0
    outer loop
      vertex 38.4137 47.7912 6
      vertex 38.4 48 0
      vertex 38.4 48 6
    endloop
  endfacet
  facet normal 0.997854 0.0654722 0
    outer loop
      vertex 38.4 48 0
      vertex 38.4137 47.7912 6
      vertex 38.4137 47.7912 0
    endloop
  endfacet
  facet normal 0.896803 -0.442429 0
    outer loop
      vertex 38.5218 48.6123 6
      vertex 38.6144 48.8 0
      vertex 38.6144 48.8 6
    endloop
  endfacet
  facet normal 0.896803 -0.442429 0
    outer loop
      vertex 38.6144 48.8 0
      vertex 38.5218 48.6123 6
      vertex 38.5218 48.6123 0
    endloop
  endfacet
  facet normal 0.194922 -0.980819 0
    outer loop
      vertex 39.5859 49.5455 0
      vertex 39.7912 49.5863 6
      vertex 39.5859 49.5455 6
    endloop
  endfacet
  facet normal 0.194922 -0.980819 0
    outer loop
      vertex 39.7912 49.5863 6
      vertex 39.5859 49.5455 0
      vertex 39.7912 49.5863 0
    endloop
  endfacet
  facet normal 0.659248 -0.751925 0
    outer loop
      vertex 38.8686 49.1314 0
      vertex 39.026 49.2694 6
      vertex 38.8686 49.1314 6
    endloop
  endfacet
  facet normal 0.659248 -0.751925 0
    outer loop
      vertex 39.026 49.2694 6
      vertex 38.8686 49.1314 0
      vertex 39.026 49.2694 0
    endloop
  endfacet
  facet normal 0.751925 -0.659248 0
    outer loop
      vertex 38.7306 48.974 6
      vertex 38.8686 49.1314 0
      vertex 38.8686 49.1314 6
    endloop
  endfacet
  facet normal 0.751925 -0.659248 0
    outer loop
      vertex 38.8686 49.1314 0
      vertex 38.7306 48.974 6
      vertex 38.7306 48.974 0
    endloop
  endfacet
  facet normal -0.997854 -0.0654722 0
    outer loop
      vertex 41.6 48 0
      vertex 41.5863 48.2088 6
      vertex 41.5863 48.2088 0
    endloop
  endfacet
  facet normal -0.997854 -0.0654722 0
    outer loop
      vertex 41.5863 48.2088 6
      vertex 41.6 48 0
      vertex 41.6 48 6
    endloop
  endfacet
  facet normal -0.194922 0.980819 0
    outer loop
      vertex 40.4141 46.4545 0
      vertex 40.2088 46.4137 6
      vertex 40.4141 46.4545 6
    endloop
  endfacet
  facet normal -0.194922 0.980819 0
    outer loop
      vertex 40.2088 46.4137 6
      vertex 40.4141 46.4545 0
      vertex 40.2088 46.4137 0
    endloop
  endfacet
  facet normal -0.321526 0.946901 0
    outer loop
      vertex 40.6123 46.5218 0
      vertex 40.4141 46.4545 6
      vertex 40.6123 46.5218 6
    endloop
  endfacet
  facet normal -0.321526 0.946901 0
    outer loop
      vertex 40.4141 46.4545 6
      vertex 40.6123 46.5218 0
      vertex 40.4141 46.4545 0
    endloop
  endfacet
  facet normal -0.659248 0.751925 0
    outer loop
      vertex 41.1314 46.8686 0
      vertex 40.974 46.7306 6
      vertex 41.1314 46.8686 6
    endloop
  endfacet
  facet normal -0.659248 0.751925 0
    outer loop
      vertex 40.974 46.7306 6
      vertex 41.1314 46.8686 0
      vertex 40.974 46.7306 0
    endloop
  endfacet
  facet normal -0.946901 0.321526 0
    outer loop
      vertex 41.4782 47.3877 0
      vertex 41.5455 47.5859 6
      vertex 41.5455 47.5859 0
    endloop
  endfacet
  facet normal -0.946901 0.321526 0
    outer loop
      vertex 41.5455 47.5859 6
      vertex 41.4782 47.3877 0
      vertex 41.4782 47.3877 6
    endloop
  endfacet
  facet normal -0.0654722 0.997854 0
    outer loop
      vertex 40.2088 46.4137 0
      vertex 40 46.4 6
      vertex 40.2088 46.4137 6
    endloop
  endfacet
  facet normal -0.0654722 0.997854 0
    outer loop
      vertex 40 46.4 6
      vertex 40.2088 46.4137 0
      vertex 40 46.4 0
    endloop
  endfacet
  facet normal 0.321526 0.946901 -0
    outer loop
      vertex 39.5859 46.4545 0
      vertex 39.3877 46.5218 6
      vertex 39.5859 46.4545 6
    endloop
  endfacet
  facet normal 0.321526 0.946901 0
    outer loop
      vertex 39.3877 46.5218 6
      vertex 39.5859 46.4545 0
      vertex 39.3877 46.5218 0
    endloop
  endfacet
  facet normal 0.896803 0.442429 0
    outer loop
      vertex 38.6144 47.2 6
      vertex 38.5218 47.3877 0
      vertex 38.5218 47.3877 6
    endloop
  endfacet
  facet normal 0.896803 0.442429 0
    outer loop
      vertex 38.5218 47.3877 0
      vertex 38.6144 47.2 6
      vertex 38.6144 47.2 0
    endloop
  endfacet
  facet normal 0.980819 0.194922 0
    outer loop
      vertex 38.4545 47.5859 6
      vertex 38.4137 47.7912 0
      vertex 38.4137 47.7912 6
    endloop
  endfacet
  facet normal 0.980819 0.194922 0
    outer loop
      vertex 38.4137 47.7912 0
      vertex 38.4545 47.5859 6
      vertex 38.4545 47.5859 0
    endloop
  endfacet
  facet normal 0.751925 0.659248 0
    outer loop
      vertex 38.8686 46.8686 6
      vertex 38.7306 47.026 0
      vertex 38.7306 47.026 6
    endloop
  endfacet
  facet normal 0.751925 0.659248 0
    outer loop
      vertex 38.7306 47.026 0
      vertex 38.8686 46.8686 6
      vertex 38.8686 46.8686 0
    endloop
  endfacet
  facet normal -0.751925 0.659248 0
    outer loop
      vertex 41.1314 46.8686 0
      vertex 41.2694 47.026 6
      vertex 41.2694 47.026 0
    endloop
  endfacet
  facet normal -0.751925 0.659248 0
    outer loop
      vertex 41.2694 47.026 6
      vertex 41.1314 46.8686 0
      vertex 41.1314 46.8686 6
    endloop
  endfacet
  facet normal -0.896803 0.442429 0
    outer loop
      vertex 41.3856 47.2 0
      vertex 41.4782 47.3877 6
      vertex 41.4782 47.3877 0
    endloop
  endfacet
  facet normal -0.896803 0.442429 0
    outer loop
      vertex 41.4782 47.3877 6
      vertex 41.3856 47.2 0
      vertex 41.3856 47.2 6
    endloop
  endfacet
  facet normal 0.442429 0.896803 -0
    outer loop
      vertex 39.3877 46.5218 0
      vertex 39.2 46.6144 6
      vertex 39.3877 46.5218 6
    endloop
  endfacet
  facet normal 0.442429 0.896803 0
    outer loop
      vertex 39.2 46.6144 6
      vertex 39.3877 46.5218 0
      vertex 39.2 46.6144 0
    endloop
  endfacet
  facet normal 0.946901 0.321526 0
    outer loop
      vertex 38.5218 47.3877 6
      vertex 38.4545 47.5859 0
      vertex 38.4545 47.5859 6
    endloop
  endfacet
  facet normal 0.946901 0.321526 0
    outer loop
      vertex 38.4545 47.5859 0
      vertex 38.5218 47.3877 6
      vertex 38.5218 47.3877 0
    endloop
  endfacet
  facet normal 0.659248 0.751925 -0
    outer loop
      vertex 39.026 46.7306 0
      vertex 38.8686 46.8686 6
      vertex 39.026 46.7306 6
    endloop
  endfacet
  facet normal 0.659248 0.751925 0
    outer loop
      vertex 38.8686 46.8686 6
      vertex 39.026 46.7306 0
      vertex 38.8686 46.8686 0
    endloop
  endfacet
  facet normal -0.946901 -0.321526 0
    outer loop
      vertex 61.5455 48.4141 0
      vertex 61.4782 48.6123 6
      vertex 61.4782 48.6123 0
    endloop
  endfacet
  facet normal -0.946901 -0.321526 0
    outer loop
      vertex 61.4782 48.6123 6
      vertex 61.5455 48.4141 0
      vertex 61.5455 48.4141 6
    endloop
  endfacet
  facet normal -0.997854 -0.0654722 0
    outer loop
      vertex 61.6 48 0
      vertex 61.5863 48.2088 6
      vertex 61.5863 48.2088 0
    endloop
  endfacet
  facet normal -0.997854 -0.0654722 0
    outer loop
      vertex 61.5863 48.2088 6
      vertex 61.6 48 0
      vertex 61.6 48 6
    endloop
  endfacet
  facet normal 0.0654722 -0.997854 0
    outer loop
      vertex 59.7912 49.5863 0
      vertex 60 49.6 6
      vertex 59.7912 49.5863 6
    endloop
  endfacet
  facet normal 0.0654722 -0.997854 0
    outer loop
      vertex 60 49.6 6
      vertex 59.7912 49.5863 0
      vertex 60 49.6 0
    endloop
  endfacet
  facet normal -0.659248 -0.751925 0
    outer loop
      vertex 60.974 49.2694 0
      vertex 61.1314 49.1314 6
      vertex 60.974 49.2694 6
    endloop
  endfacet
  facet normal -0.659248 -0.751925 -0
    outer loop
      vertex 61.1314 49.1314 6
      vertex 60.974 49.2694 0
      vertex 61.1314 49.1314 0
    endloop
  endfacet
  facet normal 0.751925 -0.659248 0
    outer loop
      vertex 58.7306 48.974 6
      vertex 58.8686 49.1314 0
      vertex 58.8686 49.1314 6
    endloop
  endfacet
  facet normal 0.751925 -0.659248 0
    outer loop
      vertex 58.8686 49.1314 0
      vertex 58.7306 48.974 6
      vertex 58.7306 48.974 0
    endloop
  endfacet
  facet normal 0.442429 -0.896803 0
    outer loop
      vertex 59.2 49.3856 0
      vertex 59.3877 49.4782 6
      vertex 59.2 49.3856 6
    endloop
  endfacet
  facet normal 0.442429 -0.896803 0
    outer loop
      vertex 59.3877 49.4782 6
      vertex 59.2 49.3856 0
      vertex 59.3877 49.4782 0
    endloop
  endfacet
  facet normal 0.751925 0.659248 0
    outer loop
      vertex 58.8686 46.8686 6
      vertex 58.7306 47.026 0
      vertex 58.7306 47.026 6
    endloop
  endfacet
  facet normal 0.751925 0.659248 0
    outer loop
      vertex 58.7306 47.026 0
      vertex 58.8686 46.8686 6
      vertex 58.8686 46.8686 0
    endloop
  endfacet
  facet normal -0.896803 -0.442429 0
    outer loop
      vertex 61.4782 48.6123 0
      vertex 61.3856 48.8 6
      vertex 61.3856 48.8 0
    endloop
  endfacet
  facet normal -0.896803 -0.442429 0
    outer loop
      vertex 61.3856 48.8 6
      vertex 61.4782 48.6123 0
      vertex 61.4782 48.6123 6
    endloop
  endfacet
  facet normal -0.831609 -0.555362 0
    outer loop
      vertex 61.3856 48.8 0
      vertex 61.2694 48.974 6
      vertex 61.2694 48.974 0
    endloop
  endfacet
  facet normal -0.831609 -0.555362 0
    outer loop
      vertex 61.2694 48.974 6
      vertex 61.3856 48.8 0
      vertex 61.3856 48.8 6
    endloop
  endfacet
  facet normal -0.321526 -0.946901 0
    outer loop
      vertex 60.4141 49.5455 0
      vertex 60.6123 49.4782 6
      vertex 60.4141 49.5455 6
    endloop
  endfacet
  facet normal -0.321526 -0.946901 -0
    outer loop
      vertex 60.6123 49.4782 6
      vertex 60.4141 49.5455 0
      vertex 60.6123 49.4782 0
    endloop
  endfacet
  facet normal -0.194922 -0.980819 0
    outer loop
      vertex 60.2088 49.5863 0
      vertex 60.4141 49.5455 6
      vertex 60.2088 49.5863 6
    endloop
  endfacet
  facet normal -0.194922 -0.980819 -0
    outer loop
      vertex 60.4141 49.5455 6
      vertex 60.2088 49.5863 0
      vertex 60.4141 49.5455 0
    endloop
  endfacet
  facet normal -0.555362 -0.831609 0
    outer loop
      vertex 60.8 49.3856 0
      vertex 60.974 49.2694 6
      vertex 60.8 49.3856 6
    endloop
  endfacet
  facet normal -0.555362 -0.831609 -0
    outer loop
      vertex 60.974 49.2694 6
      vertex 60.8 49.3856 0
      vertex 60.974 49.2694 0
    endloop
  endfacet
  facet normal 0.946901 -0.321526 0
    outer loop
      vertex 58.4545 48.4141 6
      vertex 58.5218 48.6123 0
      vertex 58.5218 48.6123 6
    endloop
  endfacet
  facet normal 0.946901 -0.321526 0
    outer loop
      vertex 58.5218 48.6123 0
      vertex 58.4545 48.4141 6
      vertex 58.4545 48.4141 0
    endloop
  endfacet
  facet normal 0.896803 -0.442429 0
    outer loop
      vertex 58.5218 48.6123 6
      vertex 58.6144 48.8 0
      vertex 58.6144 48.8 6
    endloop
  endfacet
  facet normal 0.896803 -0.442429 0
    outer loop
      vertex 58.6144 48.8 0
      vertex 58.5218 48.6123 6
      vertex 58.5218 48.6123 0
    endloop
  endfacet
  facet normal 0.980819 -0.194922 0
    outer loop
      vertex 58.4137 48.2088 6
      vertex 58.4545 48.4141 0
      vertex 58.4545 48.4141 6
    endloop
  endfacet
  facet normal 0.980819 -0.194922 0
    outer loop
      vertex 58.4545 48.4141 0
      vertex 58.4137 48.2088 6
      vertex 58.4137 48.2088 0
    endloop
  endfacet
  facet normal 0.997854 0.0654722 0
    outer loop
      vertex 58.4137 47.7912 6
      vertex 58.4 48 0
      vertex 58.4 48 6
    endloop
  endfacet
  facet normal 0.997854 0.0654722 0
    outer loop
      vertex 58.4 48 0
      vertex 58.4137 47.7912 6
      vertex 58.4137 47.7912 0
    endloop
  endfacet
  facet normal 0.555362 -0.831609 0
    outer loop
      vertex 59.026 49.2694 0
      vertex 59.2 49.3856 6
      vertex 59.026 49.2694 6
    endloop
  endfacet
  facet normal 0.555362 -0.831609 0
    outer loop
      vertex 59.2 49.3856 6
      vertex 59.026 49.2694 0
      vertex 59.2 49.3856 0
    endloop
  endfacet
  facet normal 0.194922 -0.980819 0
    outer loop
      vertex 59.5859 49.5455 0
      vertex 59.7912 49.5863 6
      vertex 59.5859 49.5455 6
    endloop
  endfacet
  facet normal 0.194922 -0.980819 0
    outer loop
      vertex 59.7912 49.5863 6
      vertex 59.5859 49.5455 0
      vertex 59.7912 49.5863 0
    endloop
  endfacet
  facet normal -0.751925 0.659248 0
    outer loop
      vertex 61.1314 46.8686 0
      vertex 61.2694 47.026 6
      vertex 61.2694 47.026 0
    endloop
  endfacet
  facet normal -0.751925 0.659248 0
    outer loop
      vertex 61.2694 47.026 6
      vertex 61.1314 46.8686 0
      vertex 61.1314 46.8686 6
    endloop
  endfacet
  facet normal -0.555362 0.831609 0
    outer loop
      vertex 60.974 46.7306 0
      vertex 60.8 46.6144 6
      vertex 60.974 46.7306 6
    endloop
  endfacet
  facet normal -0.555362 0.831609 0
    outer loop
      vertex 60.8 46.6144 6
      vertex 60.974 46.7306 0
      vertex 60.8 46.6144 0
    endloop
  endfacet
  facet normal -0.980819 0.194922 0
    outer loop
      vertex 61.5455 47.5859 0
      vertex 61.5863 47.7912 6
      vertex 61.5863 47.7912 0
    endloop
  endfacet
  facet normal -0.980819 0.194922 0
    outer loop
      vertex 61.5863 47.7912 6
      vertex 61.5455 47.5859 0
      vertex 61.5455 47.5859 6
    endloop
  endfacet
  facet normal 0.194922 0.980819 -0
    outer loop
      vertex 59.7912 46.4137 0
      vertex 59.5859 46.4545 6
      vertex 59.7912 46.4137 6
    endloop
  endfacet
  facet normal 0.194922 0.980819 0
    outer loop
      vertex 59.5859 46.4545 6
      vertex 59.7912 46.4137 0
      vertex 59.5859 46.4545 0
    endloop
  endfacet
  facet normal 0.321526 0.946901 -0
    outer loop
      vertex 59.5859 46.4545 0
      vertex 59.3877 46.5218 6
      vertex 59.5859 46.4545 6
    endloop
  endfacet
  facet normal 0.321526 0.946901 0
    outer loop
      vertex 59.3877 46.5218 6
      vertex 59.5859 46.4545 0
      vertex 59.3877 46.5218 0
    endloop
  endfacet
  facet normal 0.946901 0.321526 0
    outer loop
      vertex 58.5218 47.3877 6
      vertex 58.4545 47.5859 0
      vertex 58.4545 47.5859 6
    endloop
  endfacet
  facet normal 0.946901 0.321526 0
    outer loop
      vertex 58.4545 47.5859 0
      vertex 58.5218 47.3877 6
      vertex 58.5218 47.3877 0
    endloop
  endfacet
  facet normal 0.831609 0.555362 0
    outer loop
      vertex 58.7306 47.026 6
      vertex 58.6144 47.2 0
      vertex 58.6144 47.2 6
    endloop
  endfacet
  facet normal 0.831609 0.555362 0
    outer loop
      vertex 58.6144 47.2 0
      vertex 58.7306 47.026 6
      vertex 58.7306 47.026 0
    endloop
  endfacet
  facet normal -0.980819 -0.194922 0
    outer loop
      vertex 61.5863 48.2088 0
      vertex 61.5455 48.4141 6
      vertex 61.5455 48.4141 0
    endloop
  endfacet
  facet normal -0.980819 -0.194922 0
    outer loop
      vertex 61.5455 48.4141 6
      vertex 61.5863 48.2088 0
      vertex 61.5863 48.2088 6
    endloop
  endfacet
  facet normal -0.442429 -0.896803 0
    outer loop
      vertex 60.6123 49.4782 0
      vertex 60.8 49.3856 6
      vertex 60.6123 49.4782 6
    endloop
  endfacet
  facet normal -0.442429 -0.896803 -0
    outer loop
      vertex 60.8 49.3856 6
      vertex 60.6123 49.4782 0
      vertex 60.8 49.3856 0
    endloop
  endfacet
  facet normal 0.321526 -0.946901 0
    outer loop
      vertex 59.3877 49.4782 0
      vertex 59.5859 49.5455 6
      vertex 59.3877 49.4782 6
    endloop
  endfacet
  facet normal 0.321526 -0.946901 0
    outer loop
      vertex 59.5859 49.5455 6
      vertex 59.3877 49.4782 0
      vertex 59.5859 49.5455 0
    endloop
  endfacet
  facet normal -0.997854 0.0654722 0
    outer loop
      vertex 61.5863 47.7912 0
      vertex 61.6 48 6
      vertex 61.6 48 0
    endloop
  endfacet
  facet normal -0.997854 0.0654722 0
    outer loop
      vertex 61.6 48 6
      vertex 61.5863 47.7912 0
      vertex 61.5863 47.7912 6
    endloop
  endfacet
  facet normal -0.442429 0.896803 0
    outer loop
      vertex 60.8 46.6144 0
      vertex 60.6123 46.5218 6
      vertex 60.8 46.6144 6
    endloop
  endfacet
  facet normal -0.442429 0.896803 0
    outer loop
      vertex 60.6123 46.5218 6
      vertex 60.8 46.6144 0
      vertex 60.6123 46.5218 0
    endloop
  endfacet
  facet normal -0.194922 0.980819 0
    outer loop
      vertex 60.4141 46.4545 0
      vertex 60.2088 46.4137 6
      vertex 60.4141 46.4545 6
    endloop
  endfacet
  facet normal -0.194922 0.980819 0
    outer loop
      vertex 60.2088 46.4137 6
      vertex 60.4141 46.4545 0
      vertex 60.2088 46.4137 0
    endloop
  endfacet
  facet normal -0.321526 0.946901 0
    outer loop
      vertex 60.6123 46.5218 0
      vertex 60.4141 46.4545 6
      vertex 60.6123 46.5218 6
    endloop
  endfacet
  facet normal -0.321526 0.946901 0
    outer loop
      vertex 60.4141 46.4545 6
      vertex 60.6123 46.5218 0
      vertex 60.4141 46.4545 0
    endloop
  endfacet
  facet normal -0.659248 0.751925 0
    outer loop
      vertex 61.1314 46.8686 0
      vertex 60.974 46.7306 6
      vertex 61.1314 46.8686 6
    endloop
  endfacet
  facet normal -0.659248 0.751925 0
    outer loop
      vertex 60.974 46.7306 6
      vertex 61.1314 46.8686 0
      vertex 60.974 46.7306 0
    endloop
  endfacet
  facet normal -0.946901 0.321526 0
    outer loop
      vertex 61.4782 47.3877 0
      vertex 61.5455 47.5859 6
      vertex 61.5455 47.5859 0
    endloop
  endfacet
  facet normal -0.946901 0.321526 0
    outer loop
      vertex 61.5455 47.5859 6
      vertex 61.4782 47.3877 0
      vertex 61.4782 47.3877 6
    endloop
  endfacet
  facet normal -0.831609 0.555362 0
    outer loop
      vertex 61.2694 47.026 0
      vertex 61.3856 47.2 6
      vertex 61.3856 47.2 0
    endloop
  endfacet
  facet normal -0.831609 0.555362 0
    outer loop
      vertex 61.3856 47.2 6
      vertex 61.2694 47.026 0
      vertex 61.2694 47.026 6
    endloop
  endfacet
  facet normal -0.896803 0.442429 0
    outer loop
      vertex 61.3856 47.2 0
      vertex 61.4782 47.3877 6
      vertex 61.4782 47.3877 0
    endloop
  endfacet
  facet normal -0.896803 0.442429 0
    outer loop
      vertex 61.4782 47.3877 6
      vertex 61.3856 47.2 0
      vertex 61.3856 47.2 6
    endloop
  endfacet
  facet normal 0.0654722 0.997854 -0
    outer loop
      vertex 60 46.4 0
      vertex 59.7912 46.4137 6
      vertex 60 46.4 6
    endloop
  endfacet
  facet normal 0.0654722 0.997854 0
    outer loop
      vertex 59.7912 46.4137 6
      vertex 60 46.4 0
      vertex 59.7912 46.4137 0
    endloop
  endfacet
  facet normal 0.555362 0.831609 -0
    outer loop
      vertex 59.2 46.6144 0
      vertex 59.026 46.7306 6
      vertex 59.2 46.6144 6
    endloop
  endfacet
  facet normal 0.555362 0.831609 0
    outer loop
      vertex 59.026 46.7306 6
      vertex 59.2 46.6144 0
      vertex 59.026 46.7306 0
    endloop
  endfacet
  facet normal -0.0654722 0.997854 0
    outer loop
      vertex 60.2088 46.4137 0
      vertex 60 46.4 6
      vertex 60.2088 46.4137 6
    endloop
  endfacet
  facet normal -0.0654722 0.997854 0
    outer loop
      vertex 60 46.4 6
      vertex 60.2088 46.4137 0
      vertex 60 46.4 0
    endloop
  endfacet
  facet normal 0.442429 0.896803 -0
    outer loop
      vertex 59.3877 46.5218 0
      vertex 59.2 46.6144 6
      vertex 59.3877 46.5218 6
    endloop
  endfacet
  facet normal 0.442429 0.896803 0
    outer loop
      vertex 59.2 46.6144 6
      vertex 59.3877 46.5218 0
      vertex 59.2 46.6144 0
    endloop
  endfacet
  facet normal 0.659248 0.751925 -0
    outer loop
      vertex 59.026 46.7306 0
      vertex 58.8686 46.8686 6
      vertex 59.026 46.7306 6
    endloop
  endfacet
  facet normal 0.659248 0.751925 0
    outer loop
      vertex 58.8686 46.8686 6
      vertex 59.026 46.7306 0
      vertex 58.8686 46.8686 0
    endloop
  endfacet
  facet normal 0.896803 0.442429 0
    outer loop
      vertex 58.6144 47.2 6
      vertex 58.5218 47.3877 0
      vertex 58.5218 47.3877 6
    endloop
  endfacet
  facet normal 0.896803 0.442429 0
    outer loop
      vertex 58.5218 47.3877 0
      vertex 58.6144 47.2 6
      vertex 58.6144 47.2 0
    endloop
  endfacet
  facet normal 0.980819 0.194922 0
    outer loop
      vertex 58.4545 47.5859 6
      vertex 58.4137 47.7912 0
      vertex 58.4137 47.7912 6
    endloop
  endfacet
  facet normal 0.980819 0.194922 0
    outer loop
      vertex 58.4137 47.7912 0
      vertex 58.4545 47.5859 6
      vertex 58.4545 47.5859 0
    endloop
  endfacet
  facet normal -0.751925 -0.659248 0
    outer loop
      vertex 61.2694 48.974 0
      vertex 61.1314 49.1314 6
      vertex 61.1314 49.1314 0
    endloop
  endfacet
  facet normal -0.751925 -0.659248 0
    outer loop
      vertex 61.1314 49.1314 6
      vertex 61.2694 48.974 0
      vertex 61.2694 48.974 6
    endloop
  endfacet
  facet normal -0.0654722 -0.997854 0
    outer loop
      vertex 60 49.6 0
      vertex 60.2088 49.5863 6
      vertex 60 49.6 6
    endloop
  endfacet
  facet normal -0.0654722 -0.997854 -0
    outer loop
      vertex 60.2088 49.5863 6
      vertex 60 49.6 0
      vertex 60.2088 49.5863 0
    endloop
  endfacet
  facet normal 0.831609 -0.555362 0
    outer loop
      vertex 58.6144 48.8 6
      vertex 58.7306 48.974 0
      vertex 58.7306 48.974 6
    endloop
  endfacet
  facet normal 0.831609 -0.555362 0
    outer loop
      vertex 58.7306 48.974 0
      vertex 58.6144 48.8 6
      vertex 58.6144 48.8 0
    endloop
  endfacet
  facet normal 0.997854 -0.0654722 0
    outer loop
      vertex 58.4 48 6
      vertex 58.4137 48.2088 0
      vertex 58.4137 48.2088 6
    endloop
  endfacet
  facet normal 0.997854 -0.0654722 0
    outer loop
      vertex 58.4137 48.2088 0
      vertex 58.4 48 6
      vertex 58.4 48 0
    endloop
  endfacet
  facet normal 0.659248 -0.751925 0
    outer loop
      vertex 58.8686 49.1314 0
      vertex 59.026 49.2694 6
      vertex 58.8686 49.1314 6
    endloop
  endfacet
  facet normal 0.659248 -0.751925 0
    outer loop
      vertex 59.026 49.2694 6
      vertex 58.8686 49.1314 0
      vertex 59.026 49.2694 0
    endloop
  endfacet
  facet normal -1 0 0
    outer loop
      vertex 0 0 0
      vertex 0 60 6
      vertex 0 60 0
    endloop
  endfacet
  facet normal -1 -0 0
    outer loop
      vertex 0 60 6
      vertex 0 0 0
      vertex 0 0 6
    endloop
  endfacet
  facet normal 0 0 1
    outer loop
      vertex 18.2306 16.974 6
      vertex 12 22 6
      vertex 18.1144 16.8 6
    endloop
  endfacet
  facet normal 0 0 1
    outer loop
      vertex 18.1144 16.8 6
      vertex 12 22 6
      vertex 18.0218 16.6123 6
    endloop
  endfacet
  facet normal 0 0 1
    outer loop
      vertex 18.0218 16.6123 6
      vertex 12 22 6
      vertex 17.9545 16.4141 6
    endloop
  endfacet
  facet normal 0 0 1
    outer loop
      vertex 17.9545 16.4141 6
      vertex 12 22 6
      vertex 17.9137 16.2088 6
    endloop
  endfacet
  facet normal 0 0 1
    outer loop
      vertex 17.9137 16.2088 6
      vertex 12 22 6
      vertex 17.9 16 6
    endloop
  endfacet
  facet normal 0 0 1
    outer loop
      vertex 27 22 6
      vertex 21.0863 16.2088 6
      vertex 21.1 16 6
    endloop
  endfacet
  facet normal 0 0 1
    outer loop
      vertex 27 22 6
      vertex 21.0455 16.4141 6
      vertex 21.0863 16.2088 6
    endloop
  endfacet
  facet normal 0 0 1
    outer loop
      vertex 20.7694 16.974 6
      vertex 27 22 6
      vertex 21 22 6
    endloop
  endfacet
  facet normal 0 0 1
    outer loop
      vertex 27 22 6
      vertex 20.9782 16.6123 6
      vertex 21.0455 16.4141 6
    endloop
  endfacet
  facet normal 0 0 1
    outer loop
      vertex 27 38 6
      vertex 20.7694 43.026 6
      vertex 21 38 6
    endloop
  endfacet
  facet normal -0 0 1
    outer loop
      vertex 20.6314 42.8686 6
      vertex 21 38 6
      vertex 20.7694 43.026 6
    endloop
  endfacet
  facet normal 0 0 1
    outer loop
      vertex 27 22 6
      vertex 20.8856 16.8 6
      vertex 20.9782 16.6123 6
    endloop
  endfacet
  facet normal 0 0 1
    outer loop
      vertex 21 38 6
      vertex 18 38 6
      vertex 21 22 6
    endloop
  endfacet
  facet normal 0 0 1
    outer loop
      vertex 27 22 6
      vertex 20.7694 16.974 6
      vertex 20.8856 16.8 6
    endloop
  endfacet
  facet normal -0 0 1
    outer loop
      vertex 20.474 42.7306 6
      vertex 21 38 6
      vertex 20.6314 42.8686 6
    endloop
  endfacet
  facet normal 0 0 1
    outer loop
      vertex 18 22 6
      vertex 21 22 6
      vertex 18 38 6
    endloop
  endfacet
  facet normal -0 0 1
    outer loop
      vertex 20.3 42.6144 6
      vertex 21 38 6
      vertex 20.474 42.7306 6
    endloop
  endfacet
  facet normal 0 0 1
    outer loop
      vertex 21 22 6
      vertex 20.6314 17.1314 6
      vertex 20.7694 16.974 6
    endloop
  endfacet
  facet normal -0 0 1
    outer loop
      vertex 20.1123 42.5218 6
      vertex 21 38 6
      vertex 20.3 42.6144 6
    endloop
  endfacet
  facet normal 0 0 1
    outer loop
      vertex 21 22 6
      vertex 20.474 17.2694 6
      vertex 20.6314 17.1314 6
    endloop
  endfacet
  facet normal -0 0 1
    outer loop
      vertex 19.9141 42.4545 6
      vertex 21 38 6
      vertex 20.1123 42.5218 6
    endloop
  endfacet
  facet normal 0 0 1
    outer loop
      vertex 21 22 6
      vertex 20.3 17.3856 6
      vertex 20.474 17.2694 6
    endloop
  endfacet
  facet normal -0 0 1
    outer loop
      vertex 19.7088 42.4137 6
      vertex 21 38 6
      vertex 19.9141 42.4545 6
    endloop
  endfacet
  facet normal 0 0 1
    outer loop
      vertex 21 22 6
      vertex 20.1123 17.4782 6
      vertex 20.3 17.3856 6
    endloop
  endfacet
  facet normal -0 0 1
    outer loop
      vertex 19.5 42.4 6
      vertex 21 38 6
      vertex 19.7088 42.4137 6
    endloop
  endfacet
  facet normal 0 0 1
    outer loop
      vertex 21 22 6
      vertex 19.9141 17.5455 6
      vertex 20.1123 17.4782 6
    endloop
  endfacet
  facet normal 0 0 1
    outer loop
      vertex 21 38 6
      vertex 19.5 42.4 6
      vertex 18 38 6
    endloop
  endfacet
  facet normal 0 0 1
    outer loop
      vertex 21 22 6
      vertex 19.7088 17.5863 6
      vertex 19.9141 17.5455 6
    endloop
  endfacet
  facet normal 0 0 1
    outer loop
      vertex 18 38 6
      vertex 19.5 42.4 6
      vertex 19.2912 42.4137 6
    endloop
  endfacet
  facet normal 0 0 1
    outer loop
      vertex 21 22 6
      vertex 19.5 17.6 6
      vertex 19.7088 17.5863 6
    endloop
  endfacet
  facet normal 0 0 1
    outer loop
      vertex 18 38 6
      vertex 19.2912 42.4137 6
      vertex 19.0859 42.4545 6
    endloop
  endfacet
  facet normal -0 0 1
    outer loop
      vertex 18 22 6
      vertex 19.5 17.6 6
      vertex 21 22 6
    endloop
  endfacet
  facet normal 0 0 1
    outer loop
      vertex 18 38 6
      vertex 19.0859 42.4545 6
      vertex 18.8877 42.5218 6
    endloop
  endfacet
  facet normal 0 0 1
    outer loop
      vertex 19.5 17.6 6
      vertex 18 22 6
      vertex 19.2912 17.5863 6
    endloop
  endfacet
  facet normal 0 0 1
    outer loop
      vertex 18 38 6
      vertex 18.8877 42.5218 6
      vertex 18.7 42.6144 6
    endloop
  endfacet
  facet normal 0 0 1
    outer loop
      vertex 19.2912 17.5863 6
      vertex 18 22 6
      vertex 19.0859 17.5455 6
    endloop
  endfacet
  facet normal 0 0 1
    outer loop
      vertex 18 38 6
      vertex 18.7 42.6144 6
      vertex 18.526 42.7306 6
    endloop
  endfacet
  facet normal 0 0 1
    outer loop
      vertex 19.0859 17.5455 6
      vertex 18 22 6
      vertex 18.8877 17.4782 6
    endloop
  endfacet
  facet normal 0 0 1
    outer loop
      vertex 18 38 6
      vertex 18.526 42.7306 6
      vertex 18.3686 42.8686 6
    endloop
  endfacet
  facet normal 0 0 1
    outer loop
      vertex 18.8877 17.4782 6
      vertex 18 22 6
      vertex 18.7 17.3856 6
    endloop
  endfacet
  facet normal 0 0 1
    outer loop
      vertex 18 38 6
      vertex 18.3686 42.8686 6
      vertex 18.2306 43.026 6
    endloop
  endfacet
  facet normal 0 0 1
    outer loop
      vertex 18.7 17.3856 6
      vertex 18 22 6
      vertex 18.526 17.2694 6
    endloop
  endfacet
  facet normal 0 0 1
    outer loop
      vertex 12 38 6
      vertex 18.2306 43.026 6
      vertex 18.1144 43.2 6
    endloop
  endfacet
  facet normal 0 0 1
    outer loop
      vertex 18.526 17.2694 6
      vertex 18 22 6
      vertex 18.3686 17.1314 6
    endloop
  endfacet
  facet normal 0 0 1
    outer loop
      vertex 12 38 6
      vertex 18.1144 43.2 6
      vertex 18.0218 43.3877 6
    endloop
  endfacet
  facet normal 0 0 1
    outer loop
      vertex 18.3686 17.1314 6
      vertex 18 22 6
      vertex 18.2306 16.974 6
    endloop
  endfacet
  facet normal -0 0 1
    outer loop
      vertex 12 22 6
      vertex 18.2306 16.974 6
      vertex 18 22 6
    endloop
  endfacet
  facet normal 0 0 1
    outer loop
      vertex 12 38 6
      vertex 18.0218 43.3877 6
      vertex 17.9545 43.5859 6
    endloop
  endfacet
  facet normal 0 0 1
    outer loop
      vertex 12 38 6
      vertex 17.9545 43.5859 6
      vertex 17.9137 43.7912 6
    endloop
  endfacet
  facet normal 0 0 1
    outer loop
      vertex 12 38 6
      vertex 17.9137 43.7912 6
      vertex 17.9 44 6
    endloop
  endfacet
  facet normal 0 0 1
    outer loop
      vertex 18.2306 43.026 6
      vertex 12 38 6
      vertex 18 38 6
    endloop
  endfacet
  facet normal 0 0 1
    outer loop
      vertex 60.4137 12.2088 6
      vertex 39.5863 12.2088 6
      vertex 39.6 12 6
    endloop
  endfacet
  facet normal 0 0 1
    outer loop
      vertex 38.4141 13.5455 6
      vertex 39.7912 18.4137 6
      vertex 39.5859 18.4545 6
    endloop
  endfacet
  facet normal 0 0 1
    outer loop
      vertex 40 18.4 6
      vertex 39.5455 12.4141 6
      vertex 39.5863 12.2088 6
    endloop
  endfacet
  facet normal 0 0 1
    outer loop
      vertex 40 18.4 6
      vertex 39.4782 12.6123 6
      vertex 39.5455 12.4141 6
    endloop
  endfacet
  facet normal 0 0 1
    outer loop
      vertex 38.2088 13.5863 6
      vertex 39.5859 18.4545 6
      vertex 39.3877 18.5218 6
    endloop
  endfacet
  facet normal 0 0 1
    outer loop
      vertex 40 18.4 6
      vertex 39.3856 12.8 6
      vertex 39.4782 12.6123 6
    endloop
  endfacet
  facet normal 0 0 1
    outer loop
      vertex 40 18.4 6
      vertex 39.2694 12.974 6
      vertex 39.3856 12.8 6
    endloop
  endfacet
  facet normal 0 0 1
    outer loop
      vertex 38 13.6 6
      vertex 39.3877 18.5218 6
      vertex 39.2 18.6144 6
    endloop
  endfacet
  facet normal 0 0 1
    outer loop
      vertex 40 18.4 6
      vertex 39.1314 13.1314 6
      vertex 39.2694 12.974 6
    endloop
  endfacet
  facet normal 0 0 1
    outer loop
      vertex 37.7912 13.5863 6
      vertex 39.2 18.6144 6
      vertex 39.026 18.7306 6
    endloop
  endfacet
  facet normal 0 0 1
    outer loop
      vertex 40 18.4 6
      vertex 38.974 13.2694 6
      vertex 39.1314 13.1314 6
    endloop
  endfacet
  facet normal 0 0 1
    outer loop
      vertex 37.5859 13.5455 6
      vertex 39.026 18.7306 6
      vertex 38.8686 18.8686 6
    endloop
  endfacet
  facet normal 0 0 1
    outer loop
      vertex 40 18.4 6
      vertex 38.8 13.3856 6
      vertex 38.974 13.2694 6
    endloop
  endfacet
  facet normal 0 0 1
    outer loop
      vertex 37.3877 13.4782 6
      vertex 38.8686 18.8686 6
      vertex 38.7306 19.026 6
    endloop
  endfacet
  facet normal 0 0 1
    outer loop
      vertex 37.2 13.3856 6
      vertex 38.7306 19.026 6
      vertex 38.6144 19.2 6
    endloop
  endfacet
  facet normal 0 0 1
    outer loop
      vertex 40 18.4 6
      vertex 38.6123 13.4782 6
      vertex 38.8 13.3856 6
    endloop
  endfacet
  facet normal 0 0 1
    outer loop
      vertex 37.026 13.2694 6
      vertex 38.6144 19.2 6
      vertex 38.5218 19.3877 6
    endloop
  endfacet
  facet normal 0 0 1
    outer loop
      vertex 36.8686 13.1314 6
      vertex 38.5218 19.3877 6
      vertex 38.4545 19.5859 6
    endloop
  endfacet
  facet normal 0 0 1
    outer loop
      vertex 39.7912 18.4137 6
      vertex 38.4141 13.5455 6
      vertex 38.6123 13.4782 6
    endloop
  endfacet
  facet normal 0 0 1
    outer loop
      vertex 27 22 6
      vertex 38.4545 19.5859 6
      vertex 38.4137 19.7912 6
    endloop
  endfacet
  facet normal 0 0 1
    outer loop
      vertex 27 22 6
      vertex 38.4137 19.7912 6
      vertex 38.4 20 6
    endloop
  endfacet
  facet normal 0 0 1
    outer loop
      vertex 39.5859 18.4545 6
      vertex 38.2088 13.5863 6
      vertex 38.4141 13.5455 6
    endloop
  endfacet
  facet normal -0 0 1
    outer loop
      vertex 41.4782 39.3877 6
      vertex 43 36 6
      vertex 41.5455 39.5859 6
    endloop
  endfacet
  facet normal 0 0 1
    outer loop
      vertex 43 24 6
      vertex 41.5863 20.2088 6
      vertex 41.6 20 6
    endloop
  endfacet
  facet normal -0 0 1
    outer loop
      vertex 41.3856 39.2 6
      vertex 43 36 6
      vertex 41.4782 39.3877 6
    endloop
  endfacet
  facet normal 0 0 1
    outer loop
      vertex 43 24 6
      vertex 41.5455 20.4141 6
      vertex 41.5863 20.2088 6
    endloop
  endfacet
  facet normal -0 0 1
    outer loop
      vertex 41.2694 39.026 6
      vertex 43 36 6
      vertex 41.3856 39.2 6
    endloop
  endfacet
  facet normal 0 0 1
    outer loop
      vertex 43 24 6
      vertex 41.4782 20.6123 6
      vertex 41.5455 20.4141 6
    endloop
  endfacet
  facet normal -0 0 1
    outer loop
      vertex 41.1314 38.8686 6
      vertex 43 36 6
      vertex 41.2694 39.026 6
    endloop
  endfacet
  facet normal 0 0 1
    outer loop
      vertex 43 24 6
      vertex 41.3856 20.8 6
      vertex 41.4782 20.6123 6
    endloop
  endfacet
  facet normal -0 0 1
    outer loop
      vertex 40.974 38.7306 6
      vertex 43 36 6
      vertex 41.1314 38.8686 6
    endloop
  endfacet
  facet normal 0 0 1
    outer loop
      vertex 43 24 6
      vertex 41.2694 20.974 6
      vertex 41.3856 20.8 6
    endloop
  endfacet
  facet normal -0 0 1
    outer loop
      vertex 40.8 38.6144 6
      vertex 43 36 6
      vertex 40.974 38.7306 6
    endloop
  endfacet
  facet normal 0 0 1
    outer loop
      vertex 43 24 6
      vertex 41.1314 21.1314 6
      vertex 41.2694 20.974 6
    endloop
  endfacet
  facet normal -0 0 1
    outer loop
      vertex 40.6123 38.5218 6
      vertex 43 36 6
      vertex 40.8 38.6144 6
    endloop
  endfacet
  facet normal 0 0 1
    outer loop
      vertex 43 24 6
      vertex 40.974 21.2694 6
      vertex 41.1314 21.1314 6
    endloop
  endfacet
  facet normal -0 0 1
    outer loop
      vertex 40.4141 38.4545 6
      vertex 43 36 6
      vertex 40.6123 38.5218 6
    endloop
  endfacet
  facet normal 0 0 1
    outer loop
      vertex 43 24 6
      vertex 40.8 21.3856 6
      vertex 40.974 21.2694 6
    endloop
  endfacet
  facet normal -0 0 1
    outer loop
      vertex 40.2088 38.4137 6
      vertex 43 36 6
      vertex 40.4141 38.4545 6
    endloop
  endfacet
  facet normal 0 0 1
    outer loop
      vertex 43 24 6
      vertex 40.6123 21.4782 6
      vertex 40.8 21.3856 6
    endloop
  endfacet
  facet normal -0 0 1
    outer loop
      vertex 40 38.4 6
      vertex 43 36 6
      vertex 40.2088 38.4137 6
    endloop
  endfacet
  facet normal 0 0 1
    outer loop
      vertex 43 24 6
      vertex 40.4141 21.5455 6
      vertex 40.6123 21.4782 6
    endloop
  endfacet
  facet normal 0 0 1
    outer loop
      vertex 39.7912 38.4137 6
      vertex 43 36 6
      vertex 40 38.4 6
    endloop
  endfacet
  facet normal 0 0 1
    outer loop
      vertex 43 24 6
      vertex 40.2088 21.5863 6
      vertex 40.4141 21.5455 6
    endloop
  endfacet
  facet normal 0 0 1
    outer loop
      vertex 39.5859 38.4545 6
      vertex 43 36 6
      vertex 39.7912 38.4137 6
    endloop
  endfacet
  facet normal 0 0 1
    outer loop
      vertex 43 24 6
      vertex 40 21.6 6
      vertex 40.2088 21.5863 6
    endloop
  endfacet
  facet normal 0 0 1
    outer loop
      vertex 39.3877 38.5218 6
      vertex 43 36 6
      vertex 39.5859 38.4545 6
    endloop
  endfacet
  facet normal 0 0 1
    outer loop
      vertex 43 24 6
      vertex 39.7912 21.5863 6
      vertex 40 21.6 6
    endloop
  endfacet
  facet normal 0 0 1
    outer loop
      vertex 43 36 6
      vertex 39.3877 38.5218 6
      vertex 43 24 6
    endloop
  endfacet
  facet normal 0 0 1
    outer loop
      vertex 43 24 6
      vertex 39.5859 21.5455 6
      vertex 39.7912 21.5863 6
    endloop
  endfacet
  facet normal 0 0 1
    outer loop
      vertex 39.3877 21.4782 6
      vertex 43 24 6
      vertex 39.3877 38.5218 6
    endloop
  endfacet
  facet normal 0 0 1
    outer loop
      vertex 43 24 6
      vertex 39.3877 21.4782 6
      vertex 39.5859 21.5455 6
    endloop
  endfacet
  facet normal 0 0 1
    outer loop
      vertex 39.2 38.6144 6
      vertex 39.3877 21.4782 6
      vertex 39.3877 38.5218 6
    endloop
  endfacet
  facet normal 0 0 1
    outer loop
      vertex 39.2 38.6144 6
      vertex 39.2 21.3856 6
      vertex 39.3877 21.4782 6
    endloop
  endfacet
  facet normal 0 0 1
    outer loop
      vertex 27 38 6
      vertex 39.2 38.6144 6
      vertex 39.026 38.7306 6
    endloop
  endfacet
  facet normal 0 0 1
    outer loop
      vertex 39.2 38.6144 6
      vertex 27 38 6
      vertex 39.2 21.3856 6
    endloop
  endfacet
  facet normal 0 0 1
    outer loop
      vertex 27 38 6
      vertex 39.026 38.7306 6
      vertex 38.8686 38.8686 6
    endloop
  endfacet
  facet normal -0 0 1
    outer loop
      vertex 27 22 6
      vertex 39.2 21.3856 6
      vertex 27 38 6
    endloop
  endfacet
  facet normal 0 0 1
    outer loop
      vertex 27 38 6
      vertex 38.8686 38.8686 6
      vertex 38.7306 39.026 6
    endloop
  endfacet
  facet normal 0 0 1
    outer loop
      vertex 39.2 21.3856 6
      vertex 27 22 6
      vertex 39.026 21.2694 6
    endloop
  endfacet
  facet normal 0 0 1
    outer loop
      vertex 27 38 6
      vertex 38.7306 39.026 6
      vertex 38.6144 39.2 6
    endloop
  endfacet
  facet normal 0 0 1
    outer loop
      vertex 39.026 21.2694 6
      vertex 27 22 6
      vertex 38.8686 21.1314 6
    endloop
  endfacet
  facet normal 0 0 1
    outer loop
      vertex 27 38 6
      vertex 38.6144 39.2 6
      vertex 38.5218 39.3877 6
    endloop
  endfacet
  facet normal 0 0 1
    outer loop
      vertex 38.8686 21.1314 6
      vertex 27 22 6
      vertex 38.7306 20.974 6
    endloop
  endfacet
  facet normal 0 0 1
    outer loop
      vertex 27 38 6
      vertex 38.5218 39.3877 6
      vertex 38.4545 39.5859 6
    endloop
  endfacet
  facet normal 0 0 1
    outer loop
      vertex 38.7306 20.974 6
      vertex 27 22 6
      vertex 38.6144 20.8 6
    endloop
  endfacet
  facet normal 0 0 1
    outer loop
      vertex 27 38 6
      vertex 38.4545 39.5859 6
      vertex 38.4137 39.7912 6
    endloop
  endfacet
  facet normal 0 0 1
    outer loop
      vertex 38.6144 20.8 6
      vertex 27 22 6
      vertex 38.5218 20.6123 6
    endloop
  endfacet
  facet normal 0 0 1
    outer loop
      vertex 27 38 6
      vertex 38.4137 39.7912 6
      vertex 38.4 40 6
    endloop
  endfacet
  facet normal 0 0 1
    outer loop
      vertex 38.5218 20.6123 6
      vertex 27 22 6
      vertex 38.4545 20.4141 6
    endloop
  endfacet
  facet normal 0 0 1
    outer loop
      vertex 41.4782 47.3877 6
      vertex 58.5218 47.3877 6
      vertex 41.5455 47.5859 6
    endloop
  endfacet
  facet normal 0 0 1
    outer loop
      vertex 58.5218 40.6123 6
      vertex 41.5863 40.2088 6
      vertex 41.6 40 6
    endloop
  endfacet
  facet normal 0 0 1
    outer loop
      vertex 58.5218 47.3877 6
      vertex 41.4782 47.3877 6
      vertex 58.5218 40.6123 6
    endloop
  endfacet
  facet normal 0 0 1
    outer loop
      vertex 58.5218 40.6123 6
      vertex 41.5455 40.4141 6
      vertex 41.5863 40.2088 6
    endloop
  endfacet
  facet normal 0 0 1
    outer loop
      vertex 41.4782 40.6123 6
      vertex 58.5218 40.6123 6
      vertex 41.4782 47.3877 6
    endloop
  endfacet
  facet normal 0 0 1
    outer loop
      vertex 58.5218 40.6123 6
      vertex 41.4782 40.6123 6
      vertex 41.5455 40.4141 6
    endloop
  endfacet
  facet normal -0 0 1
    outer loop
      vertex 41.3856 47.2 6
      vertex 41.4782 40.6123 6
      vertex 41.4782 47.3877 6
    endloop
  endfacet
  facet normal 0 0 1
    outer loop
      vertex 41.3856 47.2 6
      vertex 41.3856 40.8 6
      vertex 41.4782 40.6123 6
    endloop
  endfacet
  facet normal -0 0 1
    outer loop
      vertex 41.2694 47.026 6
      vertex 41.3856 40.8 6
      vertex 41.3856 47.2 6
    endloop
  endfacet
  facet normal 0 0 1
    outer loop
      vertex 41.2694 47.026 6
      vertex 41.2694 40.974 6
      vertex 41.3856 40.8 6
    endloop
  endfacet
  facet normal -0 0 1
    outer loop
      vertex 41.1314 46.8686 6
      vertex 41.2694 40.974 6
      vertex 41.2694 47.026 6
    endloop
  endfacet
  facet normal 0 0 1
    outer loop
      vertex 41.1314 46.8686 6
      vertex 41.1314 41.1314 6
      vertex 41.2694 40.974 6
    endloop
  endfacet
  facet normal -0 0 1
    outer loop
      vertex 40.974 46.7306 6
      vertex 41.1314 41.1314 6
      vertex 41.1314 46.8686 6
    endloop
  endfacet
  facet normal 0 0 1
    outer loop
      vertex 40.974 46.7306 6
      vertex 40.974 41.2694 6
      vertex 41.1314 41.1314 6
    endloop
  endfacet
  facet normal -0 0 1
    outer loop
      vertex 40.8 46.6144 6
      vertex 40.974 41.2694 6
      vertex 40.974 46.7306 6
    endloop
  endfacet
  facet normal 0 0 1
    outer loop
      vertex 40.8 46.6144 6
      vertex 40.8 41.3856 6
      vertex 40.974 41.2694 6
    endloop
  endfacet
  facet normal -0 0 1
    outer loop
      vertex 40.6123 46.5218 6
      vertex 40.8 41.3856 6
      vertex 40.8 46.6144 6
    endloop
  endfacet
  facet normal 0 0 1
    outer loop
      vertex 40.6123 46.5218 6
      vertex 40.6123 41.4782 6
      vertex 40.8 41.3856 6
    endloop
  endfacet
  facet normal -0 0 1
    outer loop
      vertex 40.4141 46.4545 6
      vertex 40.6123 41.4782 6
      vertex 40.6123 46.5218 6
    endloop
  endfacet
  facet normal 0 0 1
    outer loop
      vertex 40.4141 46.4545 6
      vertex 40.4141 41.5455 6
      vertex 40.6123 41.4782 6
    endloop
  endfacet
  facet normal -0 0 1
    outer loop
      vertex 40.2088 46.4137 6
      vertex 40.4141 41.5455 6
      vertex 40.4141 46.4545 6
    endloop
  endfacet
  facet normal 0 0 1
    outer loop
      vertex 40.2088 46.4137 6
      vertex 40.2088 41.5863 6
      vertex 40.4141 41.5455 6
    endloop
  endfacet
  facet normal -0 0 1
    outer loop
      vertex 40 46.4 6
      vertex 40.2088 41.5863 6
      vertex 40.2088 46.4137 6
    endloop
  endfacet
  facet normal 0 0 1
    outer loop
      vertex 40 46.4 6
      vertex 40 41.6 6
      vertex 40.2088 41.5863 6
    endloop
  endfacet
  facet normal 0 0 1
    outer loop
      vertex 39.7912 46.4137 6
      vertex 40 41.6 6
      vertex 40 46.4 6
    endloop
  endfacet
  facet normal 0 0 1
    outer loop
      vertex 39.7912 46.4137 6
      vertex 39.7912 41.5863 6
      vertex 40 41.6 6
    endloop
  endfacet
  facet normal 0 0 1
    outer loop
      vertex 39.5859 46.4545 6
      vertex 39.7912 41.5863 6
      vertex 39.7912 46.4137 6
    endloop
  endfacet
  facet normal 0 0 1
    outer loop
      vertex 39.5859 46.4545 6
      vertex 39.5859 41.5455 6
      vertex 39.7912 41.5863 6
    endloop
  endfacet
  facet normal 0 0 1
    outer loop
      vertex 39.3877 46.5218 6
      vertex 39.5859 41.5455 6
      vertex 39.5859 46.4545 6
    endloop
  endfacet
  facet normal 0 0 1
    outer loop
      vertex 39.3877 46.5218 6
      vertex 39.3877 41.4782 6
      vertex 39.5859 41.5455 6
    endloop
  endfacet
  facet normal 0 0 1
    outer loop
      vertex 39.2 46.6144 6
      vertex 39.3877 41.4782 6
      vertex 39.3877 46.5218 6
    endloop
  endfacet
  facet normal 0 0 1
    outer loop
      vertex 39.2 46.6144 6
      vertex 39.2 41.3856 6
      vertex 39.3877 41.4782 6
    endloop
  endfacet
  facet normal 0 0 1
    outer loop
      vertex 39.026 46.7306 6
      vertex 39.2 41.3856 6
      vertex 39.2 46.6144 6
    endloop
  endfacet
  facet normal 0 0 1
    outer loop
      vertex 39.026 46.7306 6
      vertex 39.026 41.2694 6
      vertex 39.2 41.3856 6
    endloop
  endfacet
  facet normal 0 0 1
    outer loop
      vertex 38.8686 46.8686 6
      vertex 39.026 41.2694 6
      vertex 39.026 46.7306 6
    endloop
  endfacet
  facet normal 0 0 1
    outer loop
      vertex 38.8686 46.8686 6
      vertex 38.8686 41.1314 6
      vertex 39.026 41.2694 6
    endloop
  endfacet
  facet normal 0 0 1
    outer loop
      vertex 38.7306 47.026 6
      vertex 38.8686 41.1314 6
      vertex 38.8686 46.8686 6
    endloop
  endfacet
  facet normal 0 0 1
    outer loop
      vertex 38.7306 47.026 6
      vertex 38.7306 40.974 6
      vertex 38.8686 41.1314 6
    endloop
  endfacet
  facet normal 0 0 1
    outer loop
      vertex 38.6144 47.2 6
      vertex 38.7306 40.974 6
      vertex 38.7306 47.026 6
    endloop
  endfacet
  facet normal 0 0 1
    outer loop
      vertex 38.6144 47.2 6
      vertex 38.6144 40.8 6
      vertex 38.7306 40.974 6
    endloop
  endfacet
  facet normal 0 0 1
    outer loop
      vertex 38.5218 47.3877 6
      vertex 38.6144 40.8 6
      vertex 38.6144 47.2 6
    endloop
  endfacet
  facet normal 0 0 1
    outer loop
      vertex 38.5218 47.3877 6
      vertex 38.5218 40.6123 6
      vertex 38.6144 40.8 6
    endloop
  endfacet
  facet normal 0 0 1
    outer loop
      vertex 27 38 6
      vertex 38.5218 47.3877 6
      vertex 38.4545 47.5859 6
    endloop
  endfacet
  facet normal 0 0 1
    outer loop
      vertex 38.5218 47.3877 6
      vertex 27 38 6
      vertex 38.5218 40.6123 6
    endloop
  endfacet
  facet normal 0 0 1
    outer loop
      vertex 27 38 6
      vertex 38.4545 47.5859 6
      vertex 38.4137 47.7912 6
    endloop
  endfacet
  facet normal 0 0 1
    outer loop
      vertex 38.5218 40.6123 6
      vertex 27 38 6
      vertex 38.4545 40.4141 6
    endloop
  endfacet
  facet normal 0 0 1
    outer loop
      vertex 21.0455 44.4141 6
      vertex 38.4137 47.7912 6
      vertex 38.4 48 6
    endloop
  endfacet
  facet normal 0 0 1
    outer loop
      vertex 38.4545 40.4141 6
      vertex 27 38 6
      vertex 38.4137 40.2088 6
    endloop
  endfacet
  facet normal -0 0 1
    outer loop
      vertex 21.0863 43.7912 6
      vertex 27 38 6
      vertex 21.1 44 6
    endloop
  endfacet
  facet normal -0 0 1
    outer loop
      vertex 21.0455 43.5859 6
      vertex 27 38 6
      vertex 21.0863 43.7912 6
    endloop
  endfacet
  facet normal -0 0 1
    outer loop
      vertex 20.9782 43.3877 6
      vertex 27 38 6
      vertex 21.0455 43.5859 6
    endloop
  endfacet
  facet normal -0 0 1
    outer loop
      vertex 20.7694 43.026 6
      vertex 27 38 6
      vertex 20.8856 43.2 6
    endloop
  endfacet
  facet normal -0 0 1
    outer loop
      vertex 20.8856 43.2 6
      vertex 27 38 6
      vertex 20.9782 43.3877 6
    endloop
  endfacet
  facet normal -0 0 1
    outer loop
      vertex 61.4782 39.3877 6
      vertex 70 38 6
      vertex 61.5455 39.5859 6
    endloop
  endfacet
  facet normal 0 0 1
    outer loop
      vertex 70 22 6
      vertex 61.5863 20.2088 6
      vertex 61.6 20 6
    endloop
  endfacet
  facet normal -0 0 1
    outer loop
      vertex 61.3856 39.2 6
      vertex 70 38 6
      vertex 61.4782 39.3877 6
    endloop
  endfacet
  facet normal 0 0 1
    outer loop
      vertex 70 22 6
      vertex 61.5455 20.4141 6
      vertex 61.5863 20.2088 6
    endloop
  endfacet
  facet normal -0 0 1
    outer loop
      vertex 61.2694 39.026 6
      vertex 70 38 6
      vertex 61.3856 39.2 6
    endloop
  endfacet
  facet normal 0 0 1
    outer loop
      vertex 70 22 6
      vertex 61.4782 20.6123 6
      vertex 61.5455 20.4141 6
    endloop
  endfacet
  facet normal -0 0 1
    outer loop
      vertex 61.1314 38.8686 6
      vertex 70 38 6
      vertex 61.2694 39.026 6
    endloop
  endfacet
  facet normal 0 0 1
    outer loop
      vertex 70 22 6
      vertex 61.3856 20.8 6
      vertex 61.4782 20.6123 6
    endloop
  endfacet
  facet normal -0 0 1
    outer loop
      vertex 60.974 38.7306 6
      vertex 70 38 6
      vertex 61.1314 38.8686 6
    endloop
  endfacet
  facet normal 0 0 1
    outer loop
      vertex 70 22 6
      vertex 61.2694 20.974 6
      vertex 61.3856 20.8 6
    endloop
  endfacet
  facet normal -0 0 1
    outer loop
      vertex 60.8 38.6144 6
      vertex 70 38 6
      vertex 60.974 38.7306 6
    endloop
  endfacet
  facet normal 0 0 1
    outer loop
      vertex 70 22 6
      vertex 61.1314 21.1314 6
      vertex 61.2694 20.974 6
    endloop
  endfacet
  facet normal 0 0 1
    outer loop
      vertex 70 38 6
      vertex 60.8 38.6144 6
      vertex 70 22 6
    endloop
  endfacet
  facet normal 0 0 1
    outer loop
      vertex 70 22 6
      vertex 60.974 21.2694 6
      vertex 61.1314 21.1314 6
    endloop
  endfacet
  facet normal 0 0 1
    outer loop
      vertex 60.8 21.3856 6
      vertex 70 22 6
      vertex 60.8 38.6144 6
    endloop
  endfacet
  facet normal 0 0 1
    outer loop
      vertex 70 22 6
      vertex 60.8 21.3856 6
      vertex 60.974 21.2694 6
    endloop
  endfacet
  facet normal -0 0 1
    outer loop
      vertex 60.6123 38.5218 6
      vertex 60.8 21.3856 6
      vertex 60.8 38.6144 6
    endloop
  endfacet
  facet normal 0 0 1
    outer loop
      vertex 60.6123 38.5218 6
      vertex 60.6123 21.4782 6
      vertex 60.8 21.3856 6
    endloop
  endfacet
  facet normal 0 0 1
    outer loop
      vertex 57 36 6
      vertex 60.6123 38.5218 6
      vertex 60.4141 38.4545 6
    endloop
  endfacet
  facet normal 0 0 1
    outer loop
      vertex 60.6123 38.5218 6
      vertex 57 36 6
      vertex 60.6123 21.4782 6
    endloop
  endfacet
  facet normal 0 0 1
    outer loop
      vertex 57 36 6
      vertex 60.4141 38.4545 6
      vertex 60.2088 38.4137 6
    endloop
  endfacet
  facet normal -0 0 1
    outer loop
      vertex 57 24 6
      vertex 60.6123 21.4782 6
      vertex 57 36 6
    endloop
  endfacet
  facet normal 0 0 1
    outer loop
      vertex 57 36 6
      vertex 60.2088 38.4137 6
      vertex 60 38.4 6
    endloop
  endfacet
  facet normal 0 0 1
    outer loop
      vertex 60.6123 21.4782 6
      vertex 57 24 6
      vertex 60.4141 21.5455 6
    endloop
  endfacet
  facet normal 0 0 1
    outer loop
      vertex 57 36 6
      vertex 60 38.4 6
      vertex 59.7912 38.4137 6
    endloop
  endfacet
  facet normal 0 0 1
    outer loop
      vertex 60.4141 21.5455 6
      vertex 57 24 6
      vertex 60.2088 21.5863 6
    endloop
  endfacet
  facet normal 0 0 1
    outer loop
      vertex 57 36 6
      vertex 59.7912 38.4137 6
      vertex 59.5859 38.4545 6
    endloop
  endfacet
  facet normal 0 0 1
    outer loop
      vertex 60.2088 21.5863 6
      vertex 57 24 6
      vertex 60 21.6 6
    endloop
  endfacet
  facet normal 0 0 1
    outer loop
      vertex 57 36 6
      vertex 59.5859 38.4545 6
      vertex 59.3877 38.5218 6
    endloop
  endfacet
  facet normal 0 0 1
    outer loop
      vertex 60 21.6 6
      vertex 57 24 6
      vertex 59.7912 21.5863 6
    endloop
  endfacet
  facet normal 0 0 1
    outer loop
      vertex 57 36 6
      vertex 59.3877 38.5218 6
      vertex 59.2 38.6144 6
    endloop
  endfacet
  facet normal 0 0 1
    outer loop
      vertex 59.7912 21.5863 6
      vertex 57 24 6
      vertex 59.5859 21.5455 6
    endloop
  endfacet
  facet normal 0 0 1
    outer loop
      vertex 57 36 6
      vertex 59.2 38.6144 6
      vertex 59.026 38.7306 6
    endloop
  endfacet
  facet normal 0 0 1
    outer loop
      vertex 59.5859 21.5455 6
      vertex 57 24 6
      vertex 59.3877 21.4782 6
    endloop
  endfacet
  facet normal 0 0 1
    outer loop
      vertex 57 36 6
      vertex 59.026 38.7306 6
      vertex 58.8686 38.8686 6
    endloop
  endfacet
  facet normal 0 0 1
    outer loop
      vertex 59.3877 21.4782 6
      vertex 57 24 6
      vertex 59.2 21.3856 6
    endloop
  endfacet
  facet normal 0 0 1
    outer loop
      vertex 57 36 6
      vertex 58.8686 38.8686 6
      vertex 58.7306 39.026 6
    endloop
  endfacet
  facet normal 0 0 1
    outer loop
      vertex 59.2 21.3856 6
      vertex 57 24 6
      vertex 59.026 21.2694 6
    endloop
  endfacet
  facet normal 0 0 1
    outer loop
      vertex 57 36 6
      vertex 58.7306 39.026 6
      vertex 58.6144 39.2 6
    endloop
  endfacet
  facet normal 0 0 1
    outer loop
      vertex 59.026 21.2694 6
      vertex 57 24 6
      vertex 58.8686 21.1314 6
    endloop
  endfacet
  facet normal 0 0 1
    outer loop
      vertex 57 36 6
      vertex 58.6144 39.2 6
      vertex 58.5218 39.3877 6
    endloop
  endfacet
  facet normal 0 0 1
    outer loop
      vertex 58.8686 21.1314 6
      vertex 57 24 6
      vertex 58.7306 20.974 6
    endloop
  endfacet
  facet normal 0 0 1
    outer loop
      vertex 57 36 6
      vertex 58.5218 39.3877 6
      vertex 58.4545 39.5859 6
    endloop
  endfacet
  facet normal 0 0 1
    outer loop
      vertex 58.7306 20.974 6
      vertex 57 24 6
      vertex 58.6144 20.8 6
    endloop
  endfacet
  facet normal 0 0 1
    outer loop
      vertex 57 36 6
      vertex 58.4545 39.5859 6
      vertex 58.4137 39.7912 6
    endloop
  endfacet
  facet normal 0 0 1
    outer loop
      vertex 58.6144 20.8 6
      vertex 57 24 6
      vertex 58.5218 20.6123 6
    endloop
  endfacet
  facet normal 0 0 1
    outer loop
      vertex 57 36 6
      vertex 58.4137 39.7912 6
      vertex 58.4 40 6
    endloop
  endfacet
  facet normal 0 0 1
    outer loop
      vertex 58.5218 20.6123 6
      vertex 57 24 6
      vertex 58.4545 20.4141 6
    endloop
  endfacet
  facet normal -0 0 1
    outer loop
      vertex 61.5455 47.5859 6
      vertex 70 38 6
      vertex 61.5863 47.7912 6
    endloop
  endfacet
  facet normal 0 0 1
    outer loop
      vertex 70 38 6
      vertex 61.5863 40.2088 6
      vertex 61.6 40 6
    endloop
  endfacet
  facet normal -0 0 1
    outer loop
      vertex 61.4782 47.3877 6
      vertex 70 38 6
      vertex 61.5455 47.5859 6
    endloop
  endfacet
  facet normal 0 0 1
    outer loop
      vertex 70 38 6
      vertex 61.5455 40.4141 6
      vertex 61.5863 40.2088 6
    endloop
  endfacet
  facet normal -0 0 1
    outer loop
      vertex 61.3856 47.2 6
      vertex 70 38 6
      vertex 61.4782 47.3877 6
    endloop
  endfacet
  facet normal 0 0 1
    outer loop
      vertex 70 38 6
      vertex 61.4782 40.6123 6
      vertex 61.5455 40.4141 6
    endloop
  endfacet
  facet normal -0 0 1
    outer loop
      vertex 61.3856 40.8 6
      vertex 70 38 6
      vertex 61.3856 47.2 6
    endloop
  endfacet
  facet normal 0 0 1
    outer loop
      vertex 70 38 6
      vertex 61.3856 40.8 6
      vertex 61.4782 40.6123 6
    endloop
  endfacet
  facet normal -0 0 1
    outer loop
      vertex 61.2694 47.026 6
      vertex 61.3856 40.8 6
      vertex 61.3856 47.2 6
    endloop
  endfacet
  facet normal 0 0 1
    outer loop
      vertex 61.2694 47.026 6
      vertex 61.2694 40.974 6
      vertex 61.3856 40.8 6
    endloop
  endfacet
  facet normal -0 0 1
    outer loop
      vertex 61.1314 46.8686 6
      vertex 61.2694 40.974 6
      vertex 61.2694 47.026 6
    endloop
  endfacet
  facet normal 0 0 1
    outer loop
      vertex 61.1314 46.8686 6
      vertex 61.1314 41.1314 6
      vertex 61.2694 40.974 6
    endloop
  endfacet
  facet normal -0 0 1
    outer loop
      vertex 60.974 46.7306 6
      vertex 61.1314 41.1314 6
      vertex 61.1314 46.8686 6
    endloop
  endfacet
  facet normal 0 0 1
    outer loop
      vertex 60.974 46.7306 6
      vertex 60.974 41.2694 6
      vertex 61.1314 41.1314 6
    endloop
  endfacet
  facet normal -0 0 1
    outer loop
      vertex 60.8 46.6144 6
      vertex 60.974 41.2694 6
      vertex 60.974 46.7306 6
    endloop
  endfacet
  facet normal 0 0 1
    outer loop
      vertex 60.8 46.6144 6
      vertex 60.8 41.3856 6
      vertex 60.974 41.2694 6
    endloop
  endfacet
  facet normal -0 0 1
    outer loop
      vertex 60.6123 46.5218 6
      vertex 60.8 41.3856 6
      vertex 60.8 46.6144 6
    endloop
  endfacet
  facet normal 0 0 1
    outer loop
      vertex 60.6123 46.5218 6
      vertex 60.6123 41.4782 6
      vertex 60.8 41.3856 6
    endloop
  endfacet
  facet normal -0 0 1
    outer loop
      vertex 60.4141 46.4545 6
      vertex 60.6123 41.4782 6
      vertex 60.6123 46.5218 6
    endloop
  endfacet
  facet normal 0 0 1
    outer loop
      vertex 60.4141 46.4545 6
      vertex 60.4141 41.5455 6
      vertex 60.6123 41.4782 6
    endloop
  endfacet
  facet normal -0 0 1
    outer loop
      vertex 60.2088 46.4137 6
      vertex 60.4141 41.5455 6
      vertex 60.4141 46.4545 6
    endloop
  endfacet
  facet normal 0 0 1
    outer loop
      vertex 60.2088 46.4137 6
      vertex 60.2088 41.5863 6
      vertex 60.4141 41.5455 6
    endloop
  endfacet
  facet normal -0 0 1
    outer loop
      vertex 60 46.4 6
      vertex 60.2088 41.5863 6
      vertex 60.2088 46.4137 6
    endloop
  endfacet
  facet normal 0 0 1
    outer loop
      vertex 60 46.4 6
      vertex 60 41.6 6
      vertex 60.2088 41.5863 6
    endloop
  endfacet
  facet normal 0 0 1
    outer loop
      vertex 59.7912 46.4137 6
      vertex 60 41.6 6
      vertex 60 46.4 6
    endloop
  endfacet
  facet normal 0 0 1
    outer loop
      vertex 59.7912 46.4137 6
      vertex 59.7912 41.5863 6
      vertex 60 41.6 6
    endloop
  endfacet
  facet normal 0 0 1
    outer loop
      vertex 59.5859 46.4545 6
      vertex 59.7912 41.5863 6
      vertex 59.7912 46.4137 6
    endloop
  endfacet
  facet normal 0 0 1
    outer loop
      vertex 59.5859 46.4545 6
      vertex 59.5859 41.5455 6
      vertex 59.7912 41.5863 6
    endloop
  endfacet
  facet normal 0 0 1
    outer loop
      vertex 59.3877 46.5218 6
      vertex 59.5859 41.5455 6
      vertex 59.5859 46.4545 6
    endloop
  endfacet
  facet normal 0 0 1
    outer loop
      vertex 59.3877 46.5218 6
      vertex 59.3877 41.4782 6
      vertex 59.5859 41.5455 6
    endloop
  endfacet
  facet normal 0 0 1
    outer loop
      vertex 59.2 46.6144 6
      vertex 59.3877 41.4782 6
      vertex 59.3877 46.5218 6
    endloop
  endfacet
  facet normal 0 0 1
    outer loop
      vertex 59.2 46.6144 6
      vertex 59.2 41.3856 6
      vertex 59.3877 41.4782 6
    endloop
  endfacet
  facet normal 0 0 1
    outer loop
      vertex 59.026 46.7306 6
      vertex 59.2 41.3856 6
      vertex 59.2 46.6144 6
    endloop
  endfacet
  facet normal 0 0 1
    outer loop
      vertex 59.026 46.7306 6
      vertex 59.026 41.2694 6
      vertex 59.2 41.3856 6
    endloop
  endfacet
  facet normal 0 0 1
    outer loop
      vertex 58.8686 46.8686 6
      vertex 59.026 41.2694 6
      vertex 59.026 46.7306 6
    endloop
  endfacet
  facet normal 0 0 1
    outer loop
      vertex 58.8686 46.8686 6
      vertex 58.8686 41.1314 6
      vertex 59.026 41.2694 6
    endloop
  endfacet
  facet normal 0 0 1
    outer loop
      vertex 58.7306 47.026 6
      vertex 58.8686 41.1314 6
      vertex 58.8686 46.8686 6
    endloop
  endfacet
  facet normal 0 0 1
    outer loop
      vertex 58.7306 47.026 6
      vertex 58.7306 40.974 6
      vertex 58.8686 41.1314 6
    endloop
  endfacet
  facet normal 0 0 1
    outer loop
      vertex 58.6144 47.2 6
      vertex 58.7306 40.974 6
      vertex 58.7306 47.026 6
    endloop
  endfacet
  facet normal 0 0 1
    outer loop
      vertex 58.6144 47.2 6
      vertex 58.6144 40.8 6
      vertex 58.7306 40.974 6
    endloop
  endfacet
  facet normal 0 0 1
    outer loop
      vertex 58.5218 47.3877 6
      vertex 58.6144 40.8 6
      vertex 58.6144 47.2 6
    endloop
  endfacet
  facet normal 0 0 1
    outer loop
      vertex 58.5218 47.3877 6
      vertex 58.5218 40.6123 6
      vertex 58.6144 40.8 6
    endloop
  endfacet
  facet normal 0 0 1
    outer loop
      vertex 58.4137 47.7912 6
      vertex 41.5863 47.7912 6
      vertex 58.4545 47.5859 6
    endloop
  endfacet
  facet normal 0 0 1
    outer loop
      vertex 41.5455 47.5859 6
      vertex 58.4545 47.5859 6
      vertex 41.5863 47.7912 6
    endloop
  endfacet
  facet normal 0 0 1
    outer loop
      vertex 41.5863 47.7912 6
      vertex 58.4137 47.7912 6
      vertex 41.6 48 6
    endloop
  endfacet
  facet normal 0 0 1
    outer loop
      vertex 58.4545 47.5859 6
      vertex 41.5455 47.5859 6
      vertex 58.5218 47.3877 6
    endloop
  endfacet
  facet normal -0 0 1
    outer loop
      vertex 41.6 48 6
      vertex 58.4137 47.7912 6
      vertex 58.4 48 6
    endloop
  endfacet
  facet normal 0 0 1
    outer loop
      vertex 58.5218 40.6123 6
      vertex 41.6 40 6
      vertex 58.4545 40.4141 6
    endloop
  endfacet
  facet normal -0 0 1
    outer loop
      vertex 61.5455 39.5859 6
      vertex 70 38 6
      vertex 61.5863 39.7912 6
    endloop
  endfacet
  facet normal 0 0 1
    outer loop
      vertex 61.5863 19.7912 6
      vertex 70 22 6
      vertex 61.6 20 6
    endloop
  endfacet
  facet normal 0 0 1
    outer loop
      vertex 61.5455 19.5859 6
      vertex 70 22 6
      vertex 61.5863 19.7912 6
    endloop
  endfacet
  facet normal 0 0 1
    outer loop
      vertex 61.4782 19.3877 6
      vertex 70 22 6
      vertex 61.5455 19.5859 6
    endloop
  endfacet
  facet normal 0 0 1
    outer loop
      vertex 70 22 6
      vertex 61.4782 19.3877 6
      vertex 61.7912 13.5863 6
    endloop
  endfacet
  facet normal -0 0 1
    outer loop
      vertex 61.3856 19.2 6
      vertex 61.7912 13.5863 6
      vertex 61.4782 19.3877 6
    endloop
  endfacet
  facet normal -0 0 1
    outer loop
      vertex 61.2694 19.026 6
      vertex 61.7912 13.5863 6
      vertex 61.3856 19.2 6
    endloop
  endfacet
  facet normal -0 0 1
    outer loop
      vertex 61.1314 18.8686 6
      vertex 61.7912 13.5863 6
      vertex 61.2694 19.026 6
    endloop
  endfacet
  facet normal -0 0 1
    outer loop
      vertex 60.974 18.7306 6
      vertex 61.7912 13.5863 6
      vertex 61.1314 18.8686 6
    endloop
  endfacet
  facet normal -0 0 1
    outer loop
      vertex 60.8 18.6144 6
      vertex 61.7912 13.5863 6
      vertex 60.974 18.7306 6
    endloop
  endfacet
  facet normal -0 0 1
    outer loop
      vertex 60.6123 18.5218 6
      vertex 61.7912 13.5863 6
      vertex 60.8 18.6144 6
    endloop
  endfacet
  facet normal -0 0 1
    outer loop
      vertex 60.4141 18.4545 6
      vertex 61.7912 13.5863 6
      vertex 60.6123 18.5218 6
    endloop
  endfacet
  facet normal 0 0 1
    outer loop
      vertex 61.7912 13.5863 6
      vertex 60.4141 18.4545 6
      vertex 61.5859 13.5455 6
    endloop
  endfacet
  facet normal -0 0 1
    outer loop
      vertex 60.2088 18.4137 6
      vertex 61.5859 13.5455 6
      vertex 60.4141 18.4545 6
    endloop
  endfacet
  facet normal 0 0 1
    outer loop
      vertex 61.5859 13.5455 6
      vertex 60.2088 18.4137 6
      vertex 61.3877 13.4782 6
    endloop
  endfacet
  facet normal -0 0 1
    outer loop
      vertex 60 18.4 6
      vertex 61.3877 13.4782 6
      vertex 60.2088 18.4137 6
    endloop
  endfacet
  facet normal 0 0 1
    outer loop
      vertex 61.3877 13.4782 6
      vertex 60 18.4 6
      vertex 61.2 13.3856 6
    endloop
  endfacet
  facet normal 0 0 1
    outer loop
      vertex 59.7912 18.4137 6
      vertex 61.2 13.3856 6
      vertex 60 18.4 6
    endloop
  endfacet
  facet normal 0 0 1
    outer loop
      vertex 61.2 13.3856 6
      vertex 59.7912 18.4137 6
      vertex 61.026 13.2694 6
    endloop
  endfacet
  facet normal 0 0 1
    outer loop
      vertex 59.5859 18.4545 6
      vertex 61.026 13.2694 6
      vertex 59.7912 18.4137 6
    endloop
  endfacet
  facet normal 0 0 1
    outer loop
      vertex 61.026 13.2694 6
      vertex 59.5859 18.4545 6
      vertex 60.8686 13.1314 6
    endloop
  endfacet
  facet normal 0 0 1
    outer loop
      vertex 59.3877 18.5218 6
      vertex 60.8686 13.1314 6
      vertex 59.5859 18.4545 6
    endloop
  endfacet
  facet normal 0 0 1
    outer loop
      vertex 60.8686 13.1314 6
      vertex 59.3877 18.5218 6
      vertex 60.7306 12.974 6
    endloop
  endfacet
  facet normal 0 0 1
    outer loop
      vertex 59.2 18.6144 6
      vertex 60.7306 12.974 6
      vertex 59.3877 18.5218 6
    endloop
  endfacet
  facet normal 0 0 1
    outer loop
      vertex 85 22 6
      vertex 82.0863 16.2088 6
      vertex 82.1 16 6
    endloop
  endfacet
  facet normal 0 0 1
    outer loop
      vertex 85 22 6
      vertex 82.0455 16.4141 6
      vertex 82.0863 16.2088 6
    endloop
  endfacet
  facet normal 0 0 1
    outer loop
      vertex 85 22 6
      vertex 81.9782 16.6123 6
      vertex 82.0455 16.4141 6
    endloop
  endfacet
  facet normal 0 0 1
    outer loop
      vertex 85 22 6
      vertex 81.8856 16.8 6
      vertex 81.9782 16.6123 6
    endloop
  endfacet
  facet normal 0 0 1
    outer loop
      vertex 85 22 6
      vertex 81.7694 16.974 6
      vertex 81.8856 16.8 6
    endloop
  endfacet
  facet normal 0 0 1
    outer loop
      vertex 85 22 6
      vertex 81.6314 17.1314 6
      vertex 81.7694 16.974 6
    endloop
  endfacet
  facet normal 0 0 1
    outer loop
      vertex 85 22 6
      vertex 81.474 17.2694 6
      vertex 81.6314 17.1314 6
    endloop
  endfacet
  facet normal 0 0 1
    outer loop
      vertex 85 22 6
      vertex 81.3 17.3856 6
      vertex 81.474 17.2694 6
    endloop
  endfacet
  facet normal 0 0 1
    outer loop
      vertex 85 22 6
      vertex 81.1123 17.4782 6
      vertex 81.3 17.3856 6
    endloop
  endfacet
  facet normal 0 0 1
    outer loop
      vertex 85 22 6
      vertex 80.9141 17.5455 6
      vertex 81.1123 17.4782 6
    endloop
  endfacet
  facet normal -0 0 1
    outer loop
      vertex 79 22 6
      vertex 80.9141 17.5455 6
      vertex 85 22 6
    endloop
  endfacet
  facet normal 0 0 1
    outer loop
      vertex 80.9141 17.5455 6
      vertex 79 22 6
      vertex 80.7088 17.5863 6
    endloop
  endfacet
  facet normal 0 0 1
    outer loop
      vertex 80.7088 17.5863 6
      vertex 79 22 6
      vertex 80.5 17.6 6
    endloop
  endfacet
  facet normal 0 0 1
    outer loop
      vertex 80.5 17.6 6
      vertex 79 22 6
      vertex 80.2912 17.5863 6
    endloop
  endfacet
  facet normal 0 0 1
    outer loop
      vertex 80.2912 17.5863 6
      vertex 79 22 6
      vertex 80.0859 17.5455 6
    endloop
  endfacet
  facet normal 0 0 1
    outer loop
      vertex 80.0859 17.5455 6
      vertex 79 22 6
      vertex 79.8877 17.4782 6
    endloop
  endfacet
  facet normal 0 0 1
    outer loop
      vertex 79.8877 17.4782 6
      vertex 79 22 6
      vertex 79.7 17.3856 6
    endloop
  endfacet
  facet normal 0 0 1
    outer loop
      vertex 79.7 17.3856 6
      vertex 79 22 6
      vertex 79.526 17.2694 6
    endloop
  endfacet
  facet normal 0 0 1
    outer loop
      vertex 79 22 6
      vertex 79.3686 17.1314 6
      vertex 79.526 17.2694 6
    endloop
  endfacet
  facet normal -0 0 1
    outer loop
      vertex 76 22 6
      vertex 79.3686 17.1314 6
      vertex 79 22 6
    endloop
  endfacet
  facet normal 0 0 1
    outer loop
      vertex 79.3686 17.1314 6
      vertex 76 22 6
      vertex 79.2306 16.974 6
    endloop
  endfacet
  facet normal 0 0 1
    outer loop
      vertex 79.2306 16.974 6
      vertex 76 22 6
      vertex 79.1144 16.8 6
    endloop
  endfacet
  facet normal 0 0 1
    outer loop
      vertex 79.1144 16.8 6
      vertex 76 22 6
      vertex 79.0218 16.6123 6
    endloop
  endfacet
  facet normal 0 0 1
    outer loop
      vertex 79 38 6
      vertex 76 38 6
      vertex 79 22 6
    endloop
  endfacet
  facet normal 0 0 1
    outer loop
      vertex 76 38 6
      vertex 78.9545 43.5859 6
      vertex 78.9137 43.7912 6
    endloop
  endfacet
  facet normal 0 0 1
    outer loop
      vertex 76 22 6
      vertex 79 22 6
      vertex 76 38 6
    endloop
  endfacet
  facet normal 0 0 1
    outer loop
      vertex 70 38 6
      vertex 78.9137 43.7912 6
      vertex 78.9 44 6
    endloop
  endfacet
  facet normal 0 0 1
    outer loop
      vertex 79.0218 16.6123 6
      vertex 76 22 6
      vertex 78.9545 16.4141 6
    endloop
  endfacet
  facet normal 0 0 1
    outer loop
      vertex 100 60 6
      vertex 85 38 6
      vertex 100 0 6
    endloop
  endfacet
  facet normal -0 0 1
    outer loop
      vertex 82.0863 44.2088 6
      vertex 85 38 6
      vertex 100 60 6
    endloop
  endfacet
  facet normal 0 0 1
    outer loop
      vertex 85 38 6
      vertex 82.0863 44.2088 6
      vertex 82.1 44 6
    endloop
  endfacet
  facet normal 0 0 1
    outer loop
      vertex 100 60 6
      vertex 82.0455 44.4141 6
      vertex 82.0863 44.2088 6
    endloop
  endfacet
  facet normal 0 0 1
    outer loop
      vertex 100 60 6
      vertex 81.9782 44.6123 6
      vertex 82.0455 44.4141 6
    endloop
  endfacet
  facet normal 0 0 1
    outer loop
      vertex 100 60 6
      vertex 81.8856 44.8 6
      vertex 81.9782 44.6123 6
    endloop
  endfacet
  facet normal 0 0 1
    outer loop
      vertex 100 60 6
      vertex 81.7694 44.974 6
      vertex 81.8856 44.8 6
    endloop
  endfacet
  facet normal 0 0 1
    outer loop
      vertex 100 60 6
      vertex 81.6314 45.1314 6
      vertex 81.7694 44.974 6
    endloop
  endfacet
  facet normal 0 0 1
    outer loop
      vertex 100 60 6
      vertex 81.474 45.2694 6
      vertex 81.6314 45.1314 6
    endloop
  endfacet
  facet normal 0 0 1
    outer loop
      vertex 100 60 6
      vertex 81.3 45.3856 6
      vertex 81.474 45.2694 6
    endloop
  endfacet
  facet normal 0 0 1
    outer loop
      vertex 100 60 6
      vertex 81.1123 45.4782 6
      vertex 81.3 45.3856 6
    endloop
  endfacet
  facet normal 0 0 1
    outer loop
      vertex 100 60 6
      vertex 80.9141 45.5455 6
      vertex 81.1123 45.4782 6
    endloop
  endfacet
  facet normal 0 0 1
    outer loop
      vertex 100 60 6
      vertex 80.7088 45.5863 6
      vertex 80.9141 45.5455 6
    endloop
  endfacet
  facet normal 0 0 1
    outer loop
      vertex 100 60 6
      vertex 80.5 45.6 6
      vertex 80.7088 45.5863 6
    endloop
  endfacet
  facet normal 0 0 1
    outer loop
      vertex 100 60 6
      vertex 80.2912 45.5863 6
      vertex 80.5 45.6 6
    endloop
  endfacet
  facet normal -0 0 1
    outer loop
      vertex 60.8 49.3856 6
      vertex 80.2912 45.5863 6
      vertex 100 60 6
    endloop
  endfacet
  facet normal 0 0 1
    outer loop
      vertex 80.2912 45.5863 6
      vertex 60.8 49.3856 6
      vertex 80.0859 45.5455 6
    endloop
  endfacet
  facet normal -0 -0 1
    outer loop
      vertex 60.974 49.2694 6
      vertex 80.0859 45.5455 6
      vertex 60.8 49.3856 6
    endloop
  endfacet
  facet normal 0 0 1
    outer loop
      vertex 80.0859 45.5455 6
      vertex 60.974 49.2694 6
      vertex 79.8877 45.4782 6
    endloop
  endfacet
  facet normal 0 0 1
    outer loop
      vertex 78.9545 16.4141 6
      vertex 76 22 6
      vertex 78.9137 16.2088 6
    endloop
  endfacet
  facet normal 0 0 1
    outer loop
      vertex 70 38 6
      vertex 78.9 44 6
      vertex 78.9137 44.2088 6
    endloop
  endfacet
  facet normal 0 0 1
    outer loop
      vertex 70 38 6
      vertex 78.9137 44.2088 6
      vertex 78.9545 44.4141 6
    endloop
  endfacet
  facet normal 0 0 1
    outer loop
      vertex 61.6 48 6
      vertex 78.9545 44.4141 6
      vertex 79.0218 44.6123 6
    endloop
  endfacet
  facet normal 0 0 1
    outer loop
      vertex 78.9137 43.7912 6
      vertex 70 38 6
      vertex 76 38 6
    endloop
  endfacet
  facet normal 0 0 1
    outer loop
      vertex 61.6 48 6
      vertex 79.0218 44.6123 6
      vertex 79.1144 44.8 6
    endloop
  endfacet
  facet normal 0 0 1
    outer loop
      vertex 61.5863 48.2088 6
      vertex 79.1144 44.8 6
      vertex 79.2306 44.974 6
    endloop
  endfacet
  facet normal 0 0 1
    outer loop
      vertex 61.5455 48.4141 6
      vertex 79.2306 44.974 6
      vertex 79.3686 45.1314 6
    endloop
  endfacet
  facet normal 0 0 1
    outer loop
      vertex 61.4782 48.6123 6
      vertex 79.3686 45.1314 6
      vertex 79.526 45.2694 6
    endloop
  endfacet
  facet normal -0 0 1
    outer loop
      vertex 61.5863 39.7912 6
      vertex 70 38 6
      vertex 61.6 40 6
    endloop
  endfacet
  facet normal 0 0 1
    outer loop
      vertex 70 22 6
      vertex 63.5863 12.2088 6
      vertex 63.6 12 6
    endloop
  endfacet
  facet normal 0 0 1
    outer loop
      vertex 70 22 6
      vertex 63.5455 12.4141 6
      vertex 63.5863 12.2088 6
    endloop
  endfacet
  facet normal 0 0 1
    outer loop
      vertex 70 22 6
      vertex 63.4782 12.6123 6
      vertex 63.5455 12.4141 6
    endloop
  endfacet
  facet normal 0 0 1
    outer loop
      vertex 70 22 6
      vertex 63.3856 12.8 6
      vertex 63.4782 12.6123 6
    endloop
  endfacet
  facet normal 0 0 1
    outer loop
      vertex 70 22 6
      vertex 63.2694 12.974 6
      vertex 63.3856 12.8 6
    endloop
  endfacet
  facet normal 0 0 1
    outer loop
      vertex 70 22 6
      vertex 63.1314 13.1314 6
      vertex 63.2694 12.974 6
    endloop
  endfacet
  facet normal 0 0 1
    outer loop
      vertex 70 22 6
      vertex 62.974 13.2694 6
      vertex 63.1314 13.1314 6
    endloop
  endfacet
  facet normal 0 0 1
    outer loop
      vertex 70 22 6
      vertex 62.8 13.3856 6
      vertex 62.974 13.2694 6
    endloop
  endfacet
  facet normal 0 0 1
    outer loop
      vertex 70 22 6
      vertex 62.6123 13.4782 6
      vertex 62.8 13.3856 6
    endloop
  endfacet
  facet normal 0 0 1
    outer loop
      vertex 70 22 6
      vertex 62.4141 13.5455 6
      vertex 62.6123 13.4782 6
    endloop
  endfacet
  facet normal 0 0 1
    outer loop
      vertex 70 22 6
      vertex 62.2088 13.5863 6
      vertex 62.4141 13.5455 6
    endloop
  endfacet
  facet normal 0 0 1
    outer loop
      vertex 70 22 6
      vertex 62 13.6 6
      vertex 62.2088 13.5863 6
    endloop
  endfacet
  facet normal 0 0 1
    outer loop
      vertex 70 22 6
      vertex 61.7912 13.5863 6
      vertex 62 13.6 6
    endloop
  endfacet
  facet normal 0 0 1
    outer loop
      vertex 78.9545 44.4141 6
      vertex 61.5863 47.7912 6
      vertex 70 38 6
    endloop
  endfacet
  facet normal -0 0 1
    outer loop
      vertex 61.5863 47.7912 6
      vertex 78.9545 44.4141 6
      vertex 61.6 48 6
    endloop
  endfacet
  facet normal -0 -0 1
    outer loop
      vertex 61.1314 49.1314 6
      vertex 79.8877 45.4782 6
      vertex 60.974 49.2694 6
    endloop
  endfacet
  facet normal 0 0 1
    outer loop
      vertex 79.1144 44.8 6
      vertex 61.5863 48.2088 6
      vertex 61.6 48 6
    endloop
  endfacet
  facet normal 0 0 1
    outer loop
      vertex 79.2306 44.974 6
      vertex 61.5455 48.4141 6
      vertex 61.5863 48.2088 6
    endloop
  endfacet
  facet normal 0 0 1
    outer loop
      vertex 79.3686 45.1314 6
      vertex 61.4782 48.6123 6
      vertex 61.5455 48.4141 6
    endloop
  endfacet
  facet normal 0 0 1
    outer loop
      vertex 79.526 45.2694 6
      vertex 61.3856 48.8 6
      vertex 61.4782 48.6123 6
    endloop
  endfacet
  facet normal 0 0 1
    outer loop
      vertex 79.526 45.2694 6
      vertex 61.2694 48.974 6
      vertex 61.3856 48.8 6
    endloop
  endfacet
  facet normal 0 0 1
    outer loop
      vertex 79.7 45.3856 6
      vertex 61.2694 48.974 6
      vertex 79.526 45.2694 6
    endloop
  endfacet
  facet normal -0 -0 1
    outer loop
      vertex 61.2694 48.974 6
      vertex 79.7 45.3856 6
      vertex 61.1314 49.1314 6
    endloop
  endfacet
  facet normal 0 0 1
    outer loop
      vertex 79.8877 45.4782 6
      vertex 61.1314 49.1314 6
      vertex 79.7 45.3856 6
    endloop
  endfacet
  facet normal 0 0 1
    outer loop
      vertex 100 60 6
      vertex 60.6123 49.4782 6
      vertex 60.8 49.3856 6
    endloop
  endfacet
  facet normal 0 0 1
    outer loop
      vertex 100 60 6
      vertex 60.4141 49.5455 6
      vertex 60.6123 49.4782 6
    endloop
  endfacet
  facet normal 0 0 1
    outer loop
      vertex 100 60 6
      vertex 60.2088 49.5863 6
      vertex 60.4141 49.5455 6
    endloop
  endfacet
  facet normal 0 0 1
    outer loop
      vertex 100 60 6
      vertex 60 49.6 6
      vertex 60.2088 49.5863 6
    endloop
  endfacet
  facet normal 0 0 1
    outer loop
      vertex 100 60 6
      vertex 59.7912 49.5863 6
      vertex 60 49.6 6
    endloop
  endfacet
  facet normal 0 0 1
    outer loop
      vertex 40.2088 49.5863 6
      vertex 59.7912 49.5863 6
      vertex 100 60 6
    endloop
  endfacet
  facet normal 0 0 1
    outer loop
      vertex 58.4137 40.2088 6
      vertex 41.6 40 6
      vertex 58.4 40 6
    endloop
  endfacet
  facet normal 0 0 1
    outer loop
      vertex 58.4545 20.4141 6
      vertex 57 24 6
      vertex 58.4137 20.2088 6
    endloop
  endfacet
  facet normal 0 0 1
    outer loop
      vertex 41.6 48 6
      vertex 58.4 48 6
      vertex 58.4137 48.2088 6
    endloop
  endfacet
  facet normal 0 0 1
    outer loop
      vertex 58.4 40 6
      vertex 41.6 40 6
      vertex 57 36 6
    endloop
  endfacet
  facet normal 0 0 1
    outer loop
      vertex 41.5863 48.2088 6
      vertex 58.4137 48.2088 6
      vertex 58.4545 48.4141 6
    endloop
  endfacet
  facet normal 0 0 1
    outer loop
      vertex 41.5455 48.4141 6
      vertex 58.4545 48.4141 6
      vertex 58.5218 48.6123 6
    endloop
  endfacet
  facet normal 0 0 1
    outer loop
      vertex 41.4782 48.6123 6
      vertex 58.5218 48.6123 6
      vertex 58.6144 48.8 6
    endloop
  endfacet
  facet normal 0 0 1
    outer loop
      vertex 41.3856 48.8 6
      vertex 58.6144 48.8 6
      vertex 58.7306 48.974 6
    endloop
  endfacet
  facet normal 0 0 1
    outer loop
      vertex 41.2694 48.974 6
      vertex 58.7306 48.974 6
      vertex 58.8686 49.1314 6
    endloop
  endfacet
  facet normal 0 0 1
    outer loop
      vertex 41.1314 49.1314 6
      vertex 58.8686 49.1314 6
      vertex 59.026 49.2694 6
    endloop
  endfacet
  facet normal 0 0 1
    outer loop
      vertex 57 36 6
      vertex 41.6 40 6
      vertex 43 36 6
    endloop
  endfacet
  facet normal 0 0 1
    outer loop
      vertex 58.4545 40.4141 6
      vertex 41.6 40 6
      vertex 58.4137 40.2088 6
    endloop
  endfacet
  facet normal 0 0 1
    outer loop
      vertex 40.974 49.2694 6
      vertex 59.026 49.2694 6
      vertex 59.2 49.3856 6
    endloop
  endfacet
  facet normal 0 0 1
    outer loop
      vertex 40.8 49.3856 6
      vertex 59.2 49.3856 6
      vertex 59.3877 49.4782 6
    endloop
  endfacet
  facet normal 0 0 1
    outer loop
      vertex 40.6123 49.4782 6
      vertex 59.3877 49.4782 6
      vertex 59.5859 49.5455 6
    endloop
  endfacet
  facet normal 0 0 1
    outer loop
      vertex 59.7912 49.5863 6
      vertex 40.2088 49.5863 6
      vertex 59.5859 49.5455 6
    endloop
  endfacet
  facet normal 0 0 1
    outer loop
      vertex 58.4137 48.2088 6
      vertex 41.5863 48.2088 6
      vertex 41.6 48 6
    endloop
  endfacet
  facet normal 0 0 1
    outer loop
      vertex 58.4545 48.4141 6
      vertex 41.5455 48.4141 6
      vertex 41.5863 48.2088 6
    endloop
  endfacet
  facet normal 0 0 1
    outer loop
      vertex 58.5218 48.6123 6
      vertex 41.4782 48.6123 6
      vertex 41.5455 48.4141 6
    endloop
  endfacet
  facet normal 0 0 1
    outer loop
      vertex 58.6144 48.8 6
      vertex 41.3856 48.8 6
      vertex 41.4782 48.6123 6
    endloop
  endfacet
  facet normal 0 0 1
    outer loop
      vertex 58.7306 48.974 6
      vertex 41.2694 48.974 6
      vertex 41.3856 48.8 6
    endloop
  endfacet
  facet normal 0 0 1
    outer loop
      vertex 58.8686 49.1314 6
      vertex 41.1314 49.1314 6
      vertex 41.2694 48.974 6
    endloop
  endfacet
  facet normal 0 0 1
    outer loop
      vertex 59.026 49.2694 6
      vertex 40.974 49.2694 6
      vertex 41.1314 49.1314 6
    endloop
  endfacet
  facet normal 0 0 1
    outer loop
      vertex 59.2 49.3856 6
      vertex 40.8 49.3856 6
      vertex 40.974 49.2694 6
    endloop
  endfacet
  facet normal 0 0 1
    outer loop
      vertex 59.3877 49.4782 6
      vertex 40.6123 49.4782 6
      vertex 40.8 49.3856 6
    endloop
  endfacet
  facet normal 0 0 1
    outer loop
      vertex 59.5859 49.5455 6
      vertex 40.4141 49.5455 6
      vertex 40.6123 49.4782 6
    endloop
  endfacet
  facet normal 0 0 1
    outer loop
      vertex 59.5859 49.5455 6
      vertex 40.2088 49.5863 6
      vertex 40.4141 49.5455 6
    endloop
  endfacet
  facet normal -0 0 1
    outer loop
      vertex 0 60 6
      vertex 40.2088 49.5863 6
      vertex 100 60 6
    endloop
  endfacet
  facet normal 0 0 1
    outer loop
      vertex 40.2088 49.5863 6
      vertex 0 60 6
      vertex 40 49.6 6
    endloop
  endfacet
  facet normal 0 0 1
    outer loop
      vertex 38.4137 40.2088 6
      vertex 27 38 6
      vertex 38.4 40 6
    endloop
  endfacet
  facet normal 0 0 1
    outer loop
      vertex 38.4545 20.4141 6
      vertex 27 22 6
      vertex 38.4137 20.2088 6
    endloop
  endfacet
  facet normal 0 0 1
    outer loop
      vertex 38.4137 20.2088 6
      vertex 27 22 6
      vertex 38.4 20 6
    endloop
  endfacet
  facet normal 0 0 1
    outer loop
      vertex 38.4545 19.5859 6
      vertex 27 22 6
      vertex 36.8686 13.1314 6
    endloop
  endfacet
  facet normal 0 0 1
    outer loop
      vertex 39.3877 18.5218 6
      vertex 38 13.6 6
      vertex 38.2088 13.5863 6
    endloop
  endfacet
  facet normal 0 0 1
    outer loop
      vertex 39.2 18.6144 6
      vertex 37.7912 13.5863 6
      vertex 38 13.6 6
    endloop
  endfacet
  facet normal 0 0 1
    outer loop
      vertex 39.026 18.7306 6
      vertex 37.5859 13.5455 6
      vertex 37.7912 13.5863 6
    endloop
  endfacet
  facet normal 0 0 1
    outer loop
      vertex 38.8686 18.8686 6
      vertex 37.3877 13.4782 6
      vertex 37.5859 13.5455 6
    endloop
  endfacet
  facet normal 0 0 1
    outer loop
      vertex 38.7306 19.026 6
      vertex 37.2 13.3856 6
      vertex 37.3877 13.4782 6
    endloop
  endfacet
  facet normal 0 0 1
    outer loop
      vertex 38.6144 19.2 6
      vertex 37.026 13.2694 6
      vertex 37.2 13.3856 6
    endloop
  endfacet
  facet normal 0 0 1
    outer loop
      vertex 38.5218 19.3877 6
      vertex 36.8686 13.1314 6
      vertex 37.026 13.2694 6
    endloop
  endfacet
  facet normal 0 0 1
    outer loop
      vertex 36.7306 12.974 6
      vertex 27 22 6
      vertex 36.6144 12.8 6
    endloop
  endfacet
  facet normal 0 0 1
    outer loop
      vertex 36.6144 12.8 6
      vertex 27 22 6
      vertex 36.5218 12.6123 6
    endloop
  endfacet
  facet normal 0 0 1
    outer loop
      vertex 36.5218 12.6123 6
      vertex 27 22 6
      vertex 36.4545 12.4141 6
    endloop
  endfacet
  facet normal -0 0 1
    outer loop
      vertex 21.0863 15.7912 6
      vertex 36.4545 12.4141 6
      vertex 27 22 6
    endloop
  endfacet
  facet normal 0 0 1
    outer loop
      vertex 36.8686 13.1314 6
      vertex 27 22 6
      vertex 36.7306 12.974 6
    endloop
  endfacet
  facet normal 0 0 1
    outer loop
      vertex 20.9782 44.6123 6
      vertex 38.4 48 6
      vertex 38.4137 48.2088 6
    endloop
  endfacet
  facet normal 0 0 1
    outer loop
      vertex 20.8856 44.8 6
      vertex 38.4137 48.2088 6
      vertex 38.4545 48.4141 6
    endloop
  endfacet
  facet normal 0 0 1
    outer loop
      vertex 20.7694 44.974 6
      vertex 38.4545 48.4141 6
      vertex 38.5218 48.6123 6
    endloop
  endfacet
  facet normal 0 0 1
    outer loop
      vertex 20.6314 45.1314 6
      vertex 38.5218 48.6123 6
      vertex 38.6144 48.8 6
    endloop
  endfacet
  facet normal 0 0 1
    outer loop
      vertex 20.474 45.2694 6
      vertex 38.6144 48.8 6
      vertex 38.7306 48.974 6
    endloop
  endfacet
  facet normal 0 0 1
    outer loop
      vertex 20.3 45.3856 6
      vertex 38.7306 48.974 6
      vertex 38.8686 49.1314 6
    endloop
  endfacet
  facet normal 0 0 1
    outer loop
      vertex 38.4137 47.7912 6
      vertex 21.0455 44.4141 6
      vertex 27 38 6
    endloop
  endfacet
  facet normal 0 0 1
    outer loop
      vertex 20.1123 45.4782 6
      vertex 38.8686 49.1314 6
      vertex 39.026 49.2694 6
    endloop
  endfacet
  facet normal 0 0 1
    outer loop
      vertex 19.9141 45.5455 6
      vertex 39.026 49.2694 6
      vertex 39.2 49.3856 6
    endloop
  endfacet
  facet normal 0 0 1
    outer loop
      vertex 0 60 6
      vertex 39.2 49.3856 6
      vertex 39.3877 49.4782 6
    endloop
  endfacet
  facet normal 0 0 1
    outer loop
      vertex 0 60 6
      vertex 39.3877 49.4782 6
      vertex 39.5859 49.5455 6
    endloop
  endfacet
  facet normal 0 0 1
    outer loop
      vertex 27 38 6
      vertex 21.0863 44.2088 6
      vertex 21.1 44 6
    endloop
  endfacet
  facet normal 0 0 1
    outer loop
      vertex 27 38 6
      vertex 21.0455 44.4141 6
      vertex 21.0863 44.2088 6
    endloop
  endfacet
  facet normal 0 0 1
    outer loop
      vertex 38.4 48 6
      vertex 20.9782 44.6123 6
      vertex 21.0455 44.4141 6
    endloop
  endfacet
  facet normal 0 0 1
    outer loop
      vertex 38.4137 48.2088 6
      vertex 20.8856 44.8 6
      vertex 20.9782 44.6123 6
    endloop
  endfacet
  facet normal 0 0 1
    outer loop
      vertex 38.4545 48.4141 6
      vertex 20.7694 44.974 6
      vertex 20.8856 44.8 6
    endloop
  endfacet
  facet normal 0 0 1
    outer loop
      vertex 38.5218 48.6123 6
      vertex 20.6314 45.1314 6
      vertex 20.7694 44.974 6
    endloop
  endfacet
  facet normal 0 0 1
    outer loop
      vertex 38.6144 48.8 6
      vertex 20.474 45.2694 6
      vertex 20.6314 45.1314 6
    endloop
  endfacet
  facet normal 0 0 1
    outer loop
      vertex 38.7306 48.974 6
      vertex 20.3 45.3856 6
      vertex 20.474 45.2694 6
    endloop
  endfacet
  facet normal 0 0 1
    outer loop
      vertex 38.8686 49.1314 6
      vertex 20.1123 45.4782 6
      vertex 20.3 45.3856 6
    endloop
  endfacet
  facet normal 0 0 1
    outer loop
      vertex 39.026 49.2694 6
      vertex 19.9141 45.5455 6
      vertex 20.1123 45.4782 6
    endloop
  endfacet
  facet normal 0 0 1
    outer loop
      vertex 39.2 49.3856 6
      vertex 19.7088 45.5863 6
      vertex 19.9141 45.5455 6
    endloop
  endfacet
  facet normal 0 0 1
    outer loop
      vertex 39.2 49.3856 6
      vertex 0 60 6
      vertex 19.7088 45.5863 6
    endloop
  endfacet
  facet normal 0 0 1
    outer loop
      vertex 0 60 6
      vertex 39.5859 49.5455 6
      vertex 39.7912 49.5863 6
    endloop
  endfacet
  facet normal 0 0 1
    outer loop
      vertex 19.7088 45.5863 6
      vertex 0 60 6
      vertex 19.5 45.6 6
    endloop
  endfacet
  facet normal 0 0 1
    outer loop
      vertex 17.9137 44.2088 6
      vertex 12 38 6
      vertex 17.9 44 6
    endloop
  endfacet
  facet normal 0 0 1
    outer loop
      vertex 17.9545 44.4141 6
      vertex 12 38 6
      vertex 17.9137 44.2088 6
    endloop
  endfacet
  facet normal 0 0 1
    outer loop
      vertex 18.0218 44.6123 6
      vertex 12 38 6
      vertex 17.9545 44.4141 6
    endloop
  endfacet
  facet normal 0 0 1
    outer loop
      vertex 0 60 6
      vertex 18.0218 44.6123 6
      vertex 18.1144 44.8 6
    endloop
  endfacet
  facet normal 0 0 1
    outer loop
      vertex 0 60 6
      vertex 18.1144 44.8 6
      vertex 18.2306 44.974 6
    endloop
  endfacet
  facet normal 0 0 1
    outer loop
      vertex 0 60 6
      vertex 18.2306 44.974 6
      vertex 18.3686 45.1314 6
    endloop
  endfacet
  facet normal 0 0 1
    outer loop
      vertex 12 38 6
      vertex 0 60 6
      vertex 12 22 6
    endloop
  endfacet
  facet normal 0 0 1
    outer loop
      vertex 18.0218 44.6123 6
      vertex 0 60 6
      vertex 12 38 6
    endloop
  endfacet
  facet normal 0 0 1
    outer loop
      vertex 18.526 45.2694 6
      vertex 0 60 6
      vertex 18.3686 45.1314 6
    endloop
  endfacet
  facet normal 0 0 1
    outer loop
      vertex 18.7 45.3856 6
      vertex 0 60 6
      vertex 18.526 45.2694 6
    endloop
  endfacet
  facet normal 0 0 1
    outer loop
      vertex 18.8877 45.4782 6
      vertex 0 60 6
      vertex 18.7 45.3856 6
    endloop
  endfacet
  facet normal 0 0 1
    outer loop
      vertex 19.0859 45.5455 6
      vertex 0 60 6
      vertex 18.8877 45.4782 6
    endloop
  endfacet
  facet normal 0 0 1
    outer loop
      vertex 19.2912 45.5863 6
      vertex 0 60 6
      vertex 19.0859 45.5455 6
    endloop
  endfacet
  facet normal 0 0 1
    outer loop
      vertex 19.5 45.6 6
      vertex 0 60 6
      vertex 19.2912 45.5863 6
    endloop
  endfacet
  facet normal 0 0 1
    outer loop
      vertex 40 49.6 6
      vertex 0 60 6
      vertex 39.7912 49.5863 6
    endloop
  endfacet
  facet normal -0 0 1
    outer loop
      vertex 85 22 6
      vertex 100 0 6
      vertex 85 38 6
    endloop
  endfacet
  facet normal 0 0 1
    outer loop
      vertex 82.0863 15.7912 6
      vertex 85 22 6
      vertex 82.1 16 6
    endloop
  endfacet
  facet normal 0 0 1
    outer loop
      vertex 85 22 6
      vertex 82.0863 15.7912 6
      vertex 100 0 6
    endloop
  endfacet
  facet normal -0 0 1
    outer loop
      vertex 82.0455 15.5859 6
      vertex 100 0 6
      vertex 82.0863 15.7912 6
    endloop
  endfacet
  facet normal -0 0 1
    outer loop
      vertex 81.9782 15.3877 6
      vertex 100 0 6
      vertex 82.0455 15.5859 6
    endloop
  endfacet
  facet normal -0 0 1
    outer loop
      vertex 81.8856 15.2 6
      vertex 100 0 6
      vertex 81.9782 15.3877 6
    endloop
  endfacet
  facet normal -0 0 1
    outer loop
      vertex 81.7694 15.026 6
      vertex 100 0 6
      vertex 81.8856 15.2 6
    endloop
  endfacet
  facet normal -0 0 1
    outer loop
      vertex 81.6314 14.8686 6
      vertex 100 0 6
      vertex 81.7694 15.026 6
    endloop
  endfacet
  facet normal -0 0 1
    outer loop
      vertex 81.474 14.7306 6
      vertex 100 0 6
      vertex 81.6314 14.8686 6
    endloop
  endfacet
  facet normal -0 0 1
    outer loop
      vertex 81.3 14.6144 6
      vertex 100 0 6
      vertex 81.474 14.7306 6
    endloop
  endfacet
  facet normal -0 0 1
    outer loop
      vertex 81.1123 14.5218 6
      vertex 100 0 6
      vertex 81.3 14.6144 6
    endloop
  endfacet
  facet normal -0 0 1
    outer loop
      vertex 80.9141 14.4545 6
      vertex 100 0 6
      vertex 81.1123 14.5218 6
    endloop
  endfacet
  facet normal -0 0 1
    outer loop
      vertex 80.7088 14.4137 6
      vertex 100 0 6
      vertex 80.9141 14.4545 6
    endloop
  endfacet
  facet normal -0 0 1
    outer loop
      vertex 80.5 14.4 6
      vertex 100 0 6
      vertex 80.7088 14.4137 6
    endloop
  endfacet
  facet normal 0 0 1
    outer loop
      vertex 80.2912 14.4137 6
      vertex 100 0 6
      vertex 80.5 14.4 6
    endloop
  endfacet
  facet normal 0 0 1
    outer loop
      vertex 62.974 10.7306 6
      vertex 80.2912 14.4137 6
      vertex 80.0859 14.4545 6
    endloop
  endfacet
  facet normal 0 0 1
    outer loop
      vertex 63.1314 10.8686 6
      vertex 80.0859 14.4545 6
      vertex 79.8877 14.5218 6
    endloop
  endfacet
  facet normal 0 0 1
    outer loop
      vertex 63.2694 11.026 6
      vertex 79.8877 14.5218 6
      vertex 79.7 14.6144 6
    endloop
  endfacet
  facet normal 0 0 1
    outer loop
      vertex 63.3856 11.2 6
      vertex 79.7 14.6144 6
      vertex 79.526 14.7306 6
    endloop
  endfacet
  facet normal -0 0 1
    outer loop
      vertex 70 22 6
      vertex 78.9137 16.2088 6
      vertex 76 22 6
    endloop
  endfacet
  facet normal 0 0 1
    outer loop
      vertex 78.9137 16.2088 6
      vertex 70 22 6
      vertex 78.9 16 6
    endloop
  endfacet
  facet normal 0 0 1
    outer loop
      vertex 78.9 16 6
      vertex 70 22 6
      vertex 78.9137 15.7912 6
    endloop
  endfacet
  facet normal 0 0 1
    outer loop
      vertex 78.9137 15.7912 6
      vertex 70 22 6
      vertex 78.9545 15.5859 6
    endloop
  endfacet
  facet normal 0 0 1
    outer loop
      vertex 63.6 12 6
      vertex 78.9545 15.5859 6
      vertex 70 22 6
    endloop
  endfacet
  facet normal 0 0 1
    outer loop
      vertex 78.9545 15.5859 6
      vertex 63.6 12 6
      vertex 79.0218 15.3877 6
    endloop
  endfacet
  facet normal 0 0 1
    outer loop
      vertex 79.0218 15.3877 6
      vertex 63.6 12 6
      vertex 79.1144 15.2 6
    endloop
  endfacet
  facet normal 0 0 1
    outer loop
      vertex 63.5863 11.7912 6
      vertex 79.1144 15.2 6
      vertex 63.6 12 6
    endloop
  endfacet
  facet normal 0 0 1
    outer loop
      vertex 79.1144 15.2 6
      vertex 63.5863 11.7912 6
      vertex 79.2306 15.026 6
    endloop
  endfacet
  facet normal 0 0 1
    outer loop
      vertex 63.5455 11.5859 6
      vertex 79.2306 15.026 6
      vertex 63.5863 11.7912 6
    endloop
  endfacet
  facet normal 0 0 1
    outer loop
      vertex 79.2306 15.026 6
      vertex 63.5455 11.5859 6
      vertex 79.3686 14.8686 6
    endloop
  endfacet
  facet normal 0 0 1
    outer loop
      vertex 63.4782 11.3877 6
      vertex 79.3686 14.8686 6
      vertex 63.5455 11.5859 6
    endloop
  endfacet
  facet normal 0 0 1
    outer loop
      vertex 79.3686 14.8686 6
      vertex 63.4782 11.3877 6
      vertex 79.526 14.7306 6
    endloop
  endfacet
  facet normal 0 0 1
    outer loop
      vertex 63.3856 11.2 6
      vertex 79.526 14.7306 6
      vertex 63.4782 11.3877 6
    endloop
  endfacet
  facet normal 0 0 1
    outer loop
      vertex 79.7 14.6144 6
      vertex 63.3856 11.2 6
      vertex 63.2694 11.026 6
    endloop
  endfacet
  facet normal 0 0 1
    outer loop
      vertex 79.8877 14.5218 6
      vertex 63.2694 11.026 6
      vertex 63.1314 10.8686 6
    endloop
  endfacet
  facet normal 0 0 1
    outer loop
      vertex 80.0859 14.4545 6
      vertex 63.1314 10.8686 6
      vertex 62.974 10.7306 6
    endloop
  endfacet
  facet normal 0 0 1
    outer loop
      vertex 80.2912 14.4137 6
      vertex 62.974 10.7306 6
      vertex 62.8 10.6144 6
    endloop
  endfacet
  facet normal 0 0 1
    outer loop
      vertex 80.2912 14.4137 6
      vertex 62.8 10.6144 6
      vertex 100 0 6
    endloop
  endfacet
  facet normal -0 0 1
    outer loop
      vertex 62.6123 10.5218 6
      vertex 100 0 6
      vertex 62.8 10.6144 6
    endloop
  endfacet
  facet normal -0 0 1
    outer loop
      vertex 62.4141 10.4545 6
      vertex 100 0 6
      vertex 62.6123 10.5218 6
    endloop
  endfacet
  facet normal -0 0 1
    outer loop
      vertex 62.2088 10.4137 6
      vertex 100 0 6
      vertex 62.4141 10.4545 6
    endloop
  endfacet
  facet normal -0 0 1
    outer loop
      vertex 62 10.4 6
      vertex 100 0 6
      vertex 62.2088 10.4137 6
    endloop
  endfacet
  facet normal 0 0 1
    outer loop
      vertex 61.7912 10.4137 6
      vertex 100 0 6
      vertex 62 10.4 6
    endloop
  endfacet
  facet normal 0 0 1
    outer loop
      vertex 38.2088 10.4137 6
      vertex 61.7912 10.4137 6
      vertex 61.5859 10.4545 6
    endloop
  endfacet
  facet normal 0 0 1
    outer loop
      vertex 60.7306 12.974 6
      vertex 59.2 18.6144 6
      vertex 60.6144 12.8 6
    endloop
  endfacet
  facet normal 0 0 1
    outer loop
      vertex 59.026 18.7306 6
      vertex 60.6144 12.8 6
      vertex 59.2 18.6144 6
    endloop
  endfacet
  facet normal 0 0 1
    outer loop
      vertex 60.6144 12.8 6
      vertex 59.026 18.7306 6
      vertex 60.5218 12.6123 6
    endloop
  endfacet
  facet normal 0 0 1
    outer loop
      vertex 58.8686 18.8686 6
      vertex 60.5218 12.6123 6
      vertex 59.026 18.7306 6
    endloop
  endfacet
  facet normal 0 0 1
    outer loop
      vertex 60.5218 12.6123 6
      vertex 58.8686 18.8686 6
      vertex 60.4545 12.4141 6
    endloop
  endfacet
  facet normal 0 0 1
    outer loop
      vertex 58.7306 19.026 6
      vertex 60.4545 12.4141 6
      vertex 58.8686 18.8686 6
    endloop
  endfacet
  facet normal 0 0 1
    outer loop
      vertex 60.4545 12.4141 6
      vertex 58.7306 19.026 6
      vertex 60.4137 12.2088 6
    endloop
  endfacet
  facet normal 0 0 1
    outer loop
      vertex 39.5863 12.2088 6
      vertex 60.4137 12.2088 6
      vertex 58.7306 19.026 6
    endloop
  endfacet
  facet normal 0 0 1
    outer loop
      vertex 60.4137 12.2088 6
      vertex 39.6 12 6
      vertex 60.4 12 6
    endloop
  endfacet
  facet normal 0 0 1
    outer loop
      vertex 60.4 12 6
      vertex 39.6 12 6
      vertex 60.4137 11.7912 6
    endloop
  endfacet
  facet normal 0 0 1
    outer loop
      vertex 39.5863 12.2088 6
      vertex 58.7306 19.026 6
      vertex 58.6144 19.2 6
    endloop
  endfacet
  facet normal 0 0 1
    outer loop
      vertex 41.3856 19.2 6
      vertex 58.6144 19.2 6
      vertex 58.5218 19.3877 6
    endloop
  endfacet
  facet normal 0 0 1
    outer loop
      vertex 41.4782 19.3877 6
      vertex 58.5218 19.3877 6
      vertex 58.4545 19.5859 6
    endloop
  endfacet
  facet normal 0 0 1
    outer loop
      vertex 58.4137 20.2088 6
      vertex 57 24 6
      vertex 58.4 20 6
    endloop
  endfacet
  facet normal 0 0 1
    outer loop
      vertex 58.4 20 6
      vertex 57 24 6
      vertex 58.4137 19.7912 6
    endloop
  endfacet
  facet normal 0 0 1
    outer loop
      vertex 41.5863 19.7912 6
      vertex 58.4137 19.7912 6
      vertex 57 24 6
    endloop
  endfacet
  facet normal 0 0 1
    outer loop
      vertex 58.4137 19.7912 6
      vertex 41.5863 19.7912 6
      vertex 58.4545 19.5859 6
    endloop
  endfacet
  facet normal 0 0 1
    outer loop
      vertex 41.5863 19.7912 6
      vertex 57 24 6
      vertex 43 24 6
    endloop
  endfacet
  facet normal 0 0 1
    outer loop
      vertex 58.4545 19.5859 6
      vertex 41.5863 19.7912 6
      vertex 41.5455 19.5859 6
    endloop
  endfacet
  facet normal 0 0 1
    outer loop
      vertex 58.4545 19.5859 6
      vertex 41.5455 19.5859 6
      vertex 41.4782 19.3877 6
    endloop
  endfacet
  facet normal 0 0 1
    outer loop
      vertex 58.5218 19.3877 6
      vertex 41.4782 19.3877 6
      vertex 41.3856 19.2 6
    endloop
  endfacet
  facet normal 0 0 1
    outer loop
      vertex 39.5863 12.2088 6
      vertex 58.6144 19.2 6
      vertex 41.3856 19.2 6
    endloop
  endfacet
  facet normal 0 0 1
    outer loop
      vertex 39.5863 11.7912 6
      vertex 60.4137 11.7912 6
      vertex 39.6 12 6
    endloop
  endfacet
  facet normal -0 0 1
    outer loop
      vertex 41.5863 39.7912 6
      vertex 43 36 6
      vertex 41.6 40 6
    endloop
  endfacet
  facet normal -0 0 1
    outer loop
      vertex 41.5455 39.5859 6
      vertex 43 36 6
      vertex 41.5863 39.7912 6
    endloop
  endfacet
  facet normal 0 0 1
    outer loop
      vertex 41.5863 19.7912 6
      vertex 43 24 6
      vertex 41.6 20 6
    endloop
  endfacet
  facet normal 0 0 1
    outer loop
      vertex 60.4137 11.7912 6
      vertex 39.5863 11.7912 6
      vertex 60.4545 11.5859 6
    endloop
  endfacet
  facet normal 0 0 1
    outer loop
      vertex 39.5455 11.5859 6
      vertex 60.4545 11.5859 6
      vertex 39.5863 11.7912 6
    endloop
  endfacet
  facet normal 0 0 1
    outer loop
      vertex 60.4545 11.5859 6
      vertex 39.5455 11.5859 6
      vertex 60.5218 11.3877 6
    endloop
  endfacet
  facet normal 0 0 1
    outer loop
      vertex 39.4782 11.3877 6
      vertex 60.5218 11.3877 6
      vertex 39.5455 11.5859 6
    endloop
  endfacet
  facet normal 0 0 1
    outer loop
      vertex 60.5218 11.3877 6
      vertex 39.4782 11.3877 6
      vertex 60.6144 11.2 6
    endloop
  endfacet
  facet normal 0 0 1
    outer loop
      vertex 39.3856 11.2 6
      vertex 60.6144 11.2 6
      vertex 39.4782 11.3877 6
    endloop
  endfacet
  facet normal 0 0 1
    outer loop
      vertex 39.5863 12.2088 6
      vertex 41.3856 19.2 6
      vertex 41.2694 19.026 6
    endloop
  endfacet
  facet normal 0 0 1
    outer loop
      vertex 39.5863 12.2088 6
      vertex 41.2694 19.026 6
      vertex 41.1314 18.8686 6
    endloop
  endfacet
  facet normal 0 0 1
    outer loop
      vertex 39.5863 12.2088 6
      vertex 41.1314 18.8686 6
      vertex 40.974 18.7306 6
    endloop
  endfacet
  facet normal 0 0 1
    outer loop
      vertex 39.5863 12.2088 6
      vertex 40.974 18.7306 6
      vertex 40.8 18.6144 6
    endloop
  endfacet
  facet normal 0 0 1
    outer loop
      vertex 39.5863 12.2088 6
      vertex 40.8 18.6144 6
      vertex 40.6123 18.5218 6
    endloop
  endfacet
  facet normal 0 0 1
    outer loop
      vertex 39.5863 12.2088 6
      vertex 40.6123 18.5218 6
      vertex 40.4141 18.4545 6
    endloop
  endfacet
  facet normal 0 0 1
    outer loop
      vertex 39.5863 12.2088 6
      vertex 40.4141 18.4545 6
      vertex 40.2088 18.4137 6
    endloop
  endfacet
  facet normal 0 0 1
    outer loop
      vertex 39.5863 12.2088 6
      vertex 40.2088 18.4137 6
      vertex 40 18.4 6
    endloop
  endfacet
  facet normal 0 0 1
    outer loop
      vertex 38.6123 13.4782 6
      vertex 40 18.4 6
      vertex 39.7912 18.4137 6
    endloop
  endfacet
  facet normal 0 0 1
    outer loop
      vertex 60.6144 11.2 6
      vertex 39.3856 11.2 6
      vertex 60.7306 11.026 6
    endloop
  endfacet
  facet normal 0 0 1
    outer loop
      vertex 39.2694 11.026 6
      vertex 60.7306 11.026 6
      vertex 39.3856 11.2 6
    endloop
  endfacet
  facet normal 0 0 1
    outer loop
      vertex 60.7306 11.026 6
      vertex 39.2694 11.026 6
      vertex 60.8686 10.8686 6
    endloop
  endfacet
  facet normal 0 0 1
    outer loop
      vertex 39.1314 10.8686 6
      vertex 60.8686 10.8686 6
      vertex 39.2694 11.026 6
    endloop
  endfacet
  facet normal 0 0 1
    outer loop
      vertex 60.8686 10.8686 6
      vertex 39.1314 10.8686 6
      vertex 61.026 10.7306 6
    endloop
  endfacet
  facet normal 0 0 1
    outer loop
      vertex 38.974 10.7306 6
      vertex 61.026 10.7306 6
      vertex 39.1314 10.8686 6
    endloop
  endfacet
  facet normal 0 0 1
    outer loop
      vertex 61.026 10.7306 6
      vertex 38.974 10.7306 6
      vertex 61.2 10.6144 6
    endloop
  endfacet
  facet normal 0 0 1
    outer loop
      vertex 38.8 10.6144 6
      vertex 61.2 10.6144 6
      vertex 38.974 10.7306 6
    endloop
  endfacet
  facet normal 0 0 1
    outer loop
      vertex 61.2 10.6144 6
      vertex 38.8 10.6144 6
      vertex 61.3877 10.5218 6
    endloop
  endfacet
  facet normal 0 0 1
    outer loop
      vertex 38.6123 10.5218 6
      vertex 61.3877 10.5218 6
      vertex 38.8 10.6144 6
    endloop
  endfacet
  facet normal 0 0 1
    outer loop
      vertex 61.3877 10.5218 6
      vertex 38.6123 10.5218 6
      vertex 61.5859 10.4545 6
    endloop
  endfacet
  facet normal 0 0 1
    outer loop
      vertex 38.4141 10.4545 6
      vertex 61.5859 10.4545 6
      vertex 38.6123 10.5218 6
    endloop
  endfacet
  facet normal 0 0 1
    outer loop
      vertex 38.2088 10.4137 6
      vertex 61.5859 10.4545 6
      vertex 38.4141 10.4545 6
    endloop
  endfacet
  facet normal 0 0 1
    outer loop
      vertex 61.7912 10.4137 6
      vertex 38.2088 10.4137 6
      vertex 100 0 6
    endloop
  endfacet
  facet normal 0 0 1
    outer loop
      vertex 0 0 6
      vertex 38.2088 10.4137 6
      vertex 38 10.4 6
    endloop
  endfacet
  facet normal 0 0 1
    outer loop
      vertex 0 0 6
      vertex 38 10.4 6
      vertex 37.7912 10.4137 6
    endloop
  endfacet
  facet normal -0 0 1
    outer loop
      vertex 21.0455 15.5859 6
      vertex 36.4545 12.4141 6
      vertex 21.0863 15.7912 6
    endloop
  endfacet
  facet normal 0 0 1
    outer loop
      vertex 36.4545 12.4141 6
      vertex 21.0455 15.5859 6
      vertex 36.4137 12.2088 6
    endloop
  endfacet
  facet normal -0 0 1
    outer loop
      vertex 20.9782 15.3877 6
      vertex 36.4137 12.2088 6
      vertex 21.0455 15.5859 6
    endloop
  endfacet
  facet normal 0 0 1
    outer loop
      vertex 36.4137 12.2088 6
      vertex 20.9782 15.3877 6
      vertex 36.4 12 6
    endloop
  endfacet
  facet normal -0 0 1
    outer loop
      vertex 20.8856 15.2 6
      vertex 36.4 12 6
      vertex 20.9782 15.3877 6
    endloop
  endfacet
  facet normal 0 0 1
    outer loop
      vertex 36.4 12 6
      vertex 20.8856 15.2 6
      vertex 36.4137 11.7912 6
    endloop
  endfacet
  facet normal -0 0 1
    outer loop
      vertex 20.7694 15.026 6
      vertex 36.4137 11.7912 6
      vertex 20.8856 15.2 6
    endloop
  endfacet
  facet normal 0 0 1
    outer loop
      vertex 21.0863 15.7912 6
      vertex 27 22 6
      vertex 21.1 16 6
    endloop
  endfacet
  facet normal 0 0 1
    outer loop
      vertex 36.4137 11.7912 6
      vertex 20.7694 15.026 6
      vertex 36.4545 11.5859 6
    endloop
  endfacet
  facet normal -0 0 1
    outer loop
      vertex 20.6314 14.8686 6
      vertex 36.4545 11.5859 6
      vertex 20.7694 15.026 6
    endloop
  endfacet
  facet normal 0 0 1
    outer loop
      vertex 36.4545 11.5859 6
      vertex 20.6314 14.8686 6
      vertex 36.5218 11.3877 6
    endloop
  endfacet
  facet normal -0 0 1
    outer loop
      vertex 20.474 14.7306 6
      vertex 36.5218 11.3877 6
      vertex 20.6314 14.8686 6
    endloop
  endfacet
  facet normal 0 0 1
    outer loop
      vertex 36.5218 11.3877 6
      vertex 20.474 14.7306 6
      vertex 36.6144 11.2 6
    endloop
  endfacet
  facet normal -0 0 1
    outer loop
      vertex 20.3 14.6144 6
      vertex 36.6144 11.2 6
      vertex 20.474 14.7306 6
    endloop
  endfacet
  facet normal 0 0 1
    outer loop
      vertex 36.6144 11.2 6
      vertex 20.3 14.6144 6
      vertex 36.7306 11.026 6
    endloop
  endfacet
  facet normal -0 0 1
    outer loop
      vertex 20.1123 14.5218 6
      vertex 36.7306 11.026 6
      vertex 20.3 14.6144 6
    endloop
  endfacet
  facet normal 0 0 1
    outer loop
      vertex 36.7306 11.026 6
      vertex 20.1123 14.5218 6
      vertex 36.8686 10.8686 6
    endloop
  endfacet
  facet normal -0 0 1
    outer loop
      vertex 19.9141 14.4545 6
      vertex 36.8686 10.8686 6
      vertex 20.1123 14.5218 6
    endloop
  endfacet
  facet normal 0 0 1
    outer loop
      vertex 36.8686 10.8686 6
      vertex 19.9141 14.4545 6
      vertex 37.026 10.7306 6
    endloop
  endfacet
  facet normal -0 0 1
    outer loop
      vertex 19.7088 14.4137 6
      vertex 37.026 10.7306 6
      vertex 19.9141 14.4545 6
    endloop
  endfacet
  facet normal 0 0 1
    outer loop
      vertex 37.026 10.7306 6
      vertex 19.7088 14.4137 6
      vertex 37.2 10.6144 6
    endloop
  endfacet
  facet normal 0 0 1
    outer loop
      vertex 0 0 6
      vertex 37.2 10.6144 6
      vertex 19.7088 14.4137 6
    endloop
  endfacet
  facet normal 0 0 1
    outer loop
      vertex 37.2 10.6144 6
      vertex 0 0 6
      vertex 37.3877 10.5218 6
    endloop
  endfacet
  facet normal 0 0 1
    outer loop
      vertex 0 0 6
      vertex 19.7088 14.4137 6
      vertex 19.5 14.4 6
    endloop
  endfacet
  facet normal 0 0 1
    outer loop
      vertex 0 0 6
      vertex 19.5 14.4 6
      vertex 19.2912 14.4137 6
    endloop
  endfacet
  facet normal 0 0 1
    outer loop
      vertex 0 0 6
      vertex 19.2912 14.4137 6
      vertex 19.0859 14.4545 6
    endloop
  endfacet
  facet normal 0 0 1
    outer loop
      vertex 12 22 6
      vertex 17.9137 15.7912 6
      vertex 17.9 16 6
    endloop
  endfacet
  facet normal 0 0 1
    outer loop
      vertex 12 22 6
      vertex 17.9545 15.5859 6
      vertex 17.9137 15.7912 6
    endloop
  endfacet
  facet normal 0 0 1
    outer loop
      vertex 12 22 6
      vertex 18.0218 15.3877 6
      vertex 17.9545 15.5859 6
    endloop
  endfacet
  facet normal 0 0 1
    outer loop
      vertex 0 0 6
      vertex 18.0218 15.3877 6
      vertex 12 22 6
    endloop
  endfacet
  facet normal 0 0 1
    outer loop
      vertex 18.0218 15.3877 6
      vertex 0 0 6
      vertex 18.1144 15.2 6
    endloop
  endfacet
  facet normal 0 0 1
    outer loop
      vertex 18.1144 15.2 6
      vertex 0 0 6
      vertex 18.2306 15.026 6
    endloop
  endfacet
  facet normal 0 0 1
    outer loop
      vertex 38.2088 10.4137 6
      vertex 0 0 6
      vertex 100 0 6
    endloop
  endfacet
  facet normal 0 0 1
    outer loop
      vertex 37.5859 10.4545 6
      vertex 0 0 6
      vertex 37.7912 10.4137 6
    endloop
  endfacet
  facet normal 0 0 1
    outer loop
      vertex 37.3877 10.5218 6
      vertex 0 0 6
      vertex 37.5859 10.4545 6
    endloop
  endfacet
  facet normal 0 0 1
    outer loop
      vertex 18.8877 14.5218 6
      vertex 0 0 6
      vertex 19.0859 14.4545 6
    endloop
  endfacet
  facet normal 0 0 1
    outer loop
      vertex 18.7 14.6144 6
      vertex 0 0 6
      vertex 18.8877 14.5218 6
    endloop
  endfacet
  facet normal 0 0 1
    outer loop
      vertex 18.526 14.7306 6
      vertex 0 0 6
      vertex 18.7 14.6144 6
    endloop
  endfacet
  facet normal 0 0 1
    outer loop
      vertex 18.3686 14.8686 6
      vertex 0 0 6
      vertex 18.526 14.7306 6
    endloop
  endfacet
  facet normal 0 0 1
    outer loop
      vertex 18.2306 15.026 6
      vertex 0 0 6
      vertex 18.3686 14.8686 6
    endloop
  endfacet
  facet normal 0 0 1
    outer loop
      vertex 0 0 6
      vertex 12 22 6
      vertex 0 60 6
    endloop
  endfacet
  facet normal -0 0 1
    outer loop
      vertex 82.0863 43.7912 6
      vertex 85 38 6
      vertex 82.1 44 6
    endloop
  endfacet
  facet normal -0 0 1
    outer loop
      vertex 82.0455 43.5859 6
      vertex 85 38 6
      vertex 82.0863 43.7912 6
    endloop
  endfacet
  facet normal -0 0 1
    outer loop
      vertex 81.9782 43.3877 6
      vertex 85 38 6
      vertex 82.0455 43.5859 6
    endloop
  endfacet
  facet normal -0 0 1
    outer loop
      vertex 81.8856 43.2 6
      vertex 85 38 6
      vertex 81.9782 43.3877 6
    endloop
  endfacet
  facet normal -0 0 1
    outer loop
      vertex 81.7694 43.026 6
      vertex 85 38 6
      vertex 81.8856 43.2 6
    endloop
  endfacet
  facet normal -0 0 1
    outer loop
      vertex 81.6314 42.8686 6
      vertex 85 38 6
      vertex 81.7694 43.026 6
    endloop
  endfacet
  facet normal -0 0 1
    outer loop
      vertex 81.474 42.7306 6
      vertex 85 38 6
      vertex 81.6314 42.8686 6
    endloop
  endfacet
  facet normal -0 0 1
    outer loop
      vertex 81.3 42.6144 6
      vertex 85 38 6
      vertex 81.474 42.7306 6
    endloop
  endfacet
  facet normal -0 0 1
    outer loop
      vertex 81.1123 42.5218 6
      vertex 85 38 6
      vertex 81.3 42.6144 6
    endloop
  endfacet
  facet normal -0 0 1
    outer loop
      vertex 80.9141 42.4545 6
      vertex 85 38 6
      vertex 81.1123 42.5218 6
    endloop
  endfacet
  facet normal 0 0 1
    outer loop
      vertex 79 38 6
      vertex 80.9141 42.4545 6
      vertex 80.7088 42.4137 6
    endloop
  endfacet
  facet normal 0 0 1
    outer loop
      vertex 79 38 6
      vertex 80.7088 42.4137 6
      vertex 80.5 42.4 6
    endloop
  endfacet
  facet normal 0 0 1
    outer loop
      vertex 79 38 6
      vertex 80.5 42.4 6
      vertex 80.2912 42.4137 6
    endloop
  endfacet
  facet normal 0 0 1
    outer loop
      vertex 79 38 6
      vertex 80.2912 42.4137 6
      vertex 80.0859 42.4545 6
    endloop
  endfacet
  facet normal 0 0 1
    outer loop
      vertex 79 38 6
      vertex 80.0859 42.4545 6
      vertex 79.8877 42.5218 6
    endloop
  endfacet
  facet normal 0 0 1
    outer loop
      vertex 79 38 6
      vertex 79.8877 42.5218 6
      vertex 79.7 42.6144 6
    endloop
  endfacet
  facet normal 0 0 1
    outer loop
      vertex 79 38 6
      vertex 79.7 42.6144 6
      vertex 79.526 42.7306 6
    endloop
  endfacet
  facet normal 0 0 1
    outer loop
      vertex 80.9141 42.4545 6
      vertex 79 38 6
      vertex 85 38 6
    endloop
  endfacet
  facet normal 0 0 1
    outer loop
      vertex 79.3686 42.8686 6
      vertex 79 38 6
      vertex 79.526 42.7306 6
    endloop
  endfacet
  facet normal 0 0 1
    outer loop
      vertex 76 38 6
      vertex 79.3686 42.8686 6
      vertex 79.2306 43.026 6
    endloop
  endfacet
  facet normal 0 0 1
    outer loop
      vertex 76 38 6
      vertex 79.2306 43.026 6
      vertex 79.1144 43.2 6
    endloop
  endfacet
  facet normal 0 0 1
    outer loop
      vertex 76 38 6
      vertex 79.1144 43.2 6
      vertex 79.0218 43.3877 6
    endloop
  endfacet
  facet normal 0 0 1
    outer loop
      vertex 79.3686 42.8686 6
      vertex 76 38 6
      vertex 79 38 6
    endloop
  endfacet
  facet normal 0 0 1
    outer loop
      vertex 76 38 6
      vertex 79.0218 43.3877 6
      vertex 78.9545 43.5859 6
    endloop
  endfacet
  facet normal 1 -0 0
    outer loop
      vertex 100 0 6
      vertex 100 60 0
      vertex 100 60 6
    endloop
  endfacet
  facet normal 1 0 0
    outer loop
      vertex 100 60 0
      vertex 100 0 6
      vertex 100 0 0
    endloop
  endfacet
  facet normal 0 1 -0
    outer loop
      vertex 100 60 0
      vertex 0 60 6
      vertex 100 60 6
    endloop
  endfacet
  facet normal 0 1 0
    outer loop
      vertex 0 60 6
      vertex 100 60 0
      vertex 0 60 0
    endloop
  endfacet
  facet normal -0 0 -1
    outer loop
      vertex 18.2306 43.026 0
      vertex 12 38 0
      vertex 18.1144 43.2 0
    endloop
  endfacet
  facet normal -0 0 -1
    outer loop
      vertex 18.1144 43.2 0
      vertex 12 38 0
      vertex 18.0218 43.3877 0
    endloop
  endfacet
  facet normal -0 0 -1
    outer loop
      vertex 18.0218 43.3877 0
      vertex 12 38 0
      vertex 17.9545 43.5859 0
    endloop
  endfacet
  facet normal -0 0 -1
    outer loop
      vertex 17.9545 43.5859 0
      vertex 12 38 0
      vertex 17.9137 43.7912 0
    endloop
  endfacet
  facet normal -0 0 -1
    outer loop
      vertex 17.9137 43.7912 0
      vertex 12 38 0
      vertex 17.9 44 0
    endloop
  endfacet
  facet normal 0 0 -1
    outer loop
      vertex 27 38 0
      vertex 21.0863 43.7912 0
      vertex 21.1 44 0
    endloop
  endfacet
  facet normal 0 0 -1
    outer loop
      vertex 27 38 0
      vertex 21.0455 43.5859 0
      vertex 21.0863 43.7912 0
    endloop
  endfacet
  facet normal 0 0 -1
    outer loop
      vertex 20.7694 43.026 0
      vertex 27 38 0
      vertex 21 38 0
    endloop
  endfacet
  facet normal 0 0 -1
    outer loop
      vertex 27 38 0
      vertex 20.9782 43.3877 0
      vertex 21.0455 43.5859 0
    endloop
  endfacet
  facet normal -0 0 -1
    outer loop
      vertex 27 22 0
      vertex 20.7694 16.974 0
      vertex 21 22 0
    endloop
  endfacet
  facet normal 0 0 -1
    outer loop
      vertex 20.6314 17.1314 0
      vertex 21 22 0
      vertex 20.7694 16.974 0
    endloop
  endfacet
  facet normal 0 0 -1
    outer loop
      vertex 27 38 0
      vertex 20.8856 43.2 0
      vertex 20.9782 43.3877 0
    endloop
  endfacet
  facet normal 0 0 -1
    outer loop
      vertex 21 22 0
      vertex 18 22 0
      vertex 21 38 0
    endloop
  endfacet
  facet normal 0 0 -1
    outer loop
      vertex 27 38 0
      vertex 20.7694 43.026 0
      vertex 20.8856 43.2 0
    endloop
  endfacet
  facet normal 0 0 -1
    outer loop
      vertex 20.474 17.2694 0
      vertex 21 22 0
      vertex 20.6314 17.1314 0
    endloop
  endfacet
  facet normal 0 0 -1
    outer loop
      vertex 18 38 0
      vertex 21 38 0
      vertex 18 22 0
    endloop
  endfacet
  facet normal 0 0 -1
    outer loop
      vertex 20.3 17.3856 0
      vertex 21 22 0
      vertex 20.474 17.2694 0
    endloop
  endfacet
  facet normal 0 0 -1
    outer loop
      vertex 21 38 0
      vertex 20.6314 42.8686 0
      vertex 20.7694 43.026 0
    endloop
  endfacet
  facet normal 0 0 -1
    outer loop
      vertex 20.1123 17.4782 0
      vertex 21 22 0
      vertex 20.3 17.3856 0
    endloop
  endfacet
  facet normal 0 0 -1
    outer loop
      vertex 21 38 0
      vertex 20.474 42.7306 0
      vertex 20.6314 42.8686 0
    endloop
  endfacet
  facet normal 0 0 -1
    outer loop
      vertex 19.9141 17.5455 0
      vertex 21 22 0
      vertex 20.1123 17.4782 0
    endloop
  endfacet
  facet normal 0 0 -1
    outer loop
      vertex 21 38 0
      vertex 20.3 42.6144 0
      vertex 20.474 42.7306 0
    endloop
  endfacet
  facet normal 0 0 -1
    outer loop
      vertex 19.7088 17.5863 0
      vertex 21 22 0
      vertex 19.9141 17.5455 0
    endloop
  endfacet
  facet normal 0 0 -1
    outer loop
      vertex 21 38 0
      vertex 20.1123 42.5218 0
      vertex 20.3 42.6144 0
    endloop
  endfacet
  facet normal 0 0 -1
    outer loop
      vertex 19.5 17.6 0
      vertex 21 22 0
      vertex 19.7088 17.5863 0
    endloop
  endfacet
  facet normal 0 0 -1
    outer loop
      vertex 21 38 0
      vertex 19.9141 42.4545 0
      vertex 20.1123 42.5218 0
    endloop
  endfacet
  facet normal -0 0 -1
    outer loop
      vertex 21 22 0
      vertex 19.5 17.6 0
      vertex 18 22 0
    endloop
  endfacet
  facet normal 0 0 -1
    outer loop
      vertex 21 38 0
      vertex 19.7088 42.4137 0
      vertex 19.9141 42.4545 0
    endloop
  endfacet
  facet normal 0 0 -1
    outer loop
      vertex 18 22 0
      vertex 19.5 17.6 0
      vertex 19.2912 17.5863 0
    endloop
  endfacet
  facet normal 0 0 -1
    outer loop
      vertex 21 38 0
      vertex 19.5 42.4 0
      vertex 19.7088 42.4137 0
    endloop
  endfacet
  facet normal 0 0 -1
    outer loop
      vertex 18 22 0
      vertex 19.2912 17.5863 0
      vertex 19.0859 17.5455 0
    endloop
  endfacet
  facet normal 0 0 -1
    outer loop
      vertex 18 38 0
      vertex 19.5 42.4 0
      vertex 21 38 0
    endloop
  endfacet
  facet normal 0 0 -1
    outer loop
      vertex 18 22 0
      vertex 19.0859 17.5455 0
      vertex 18.8877 17.4782 0
    endloop
  endfacet
  facet normal -0 0 -1
    outer loop
      vertex 19.5 42.4 0
      vertex 18 38 0
      vertex 19.2912 42.4137 0
    endloop
  endfacet
  facet normal 0 0 -1
    outer loop
      vertex 18 22 0
      vertex 18.8877 17.4782 0
      vertex 18.7 17.3856 0
    endloop
  endfacet
  facet normal -0 0 -1
    outer loop
      vertex 19.2912 42.4137 0
      vertex 18 38 0
      vertex 19.0859 42.4545 0
    endloop
  endfacet
  facet normal 0 0 -1
    outer loop
      vertex 18 22 0
      vertex 18.7 17.3856 0
      vertex 18.526 17.2694 0
    endloop
  endfacet
  facet normal -0 0 -1
    outer loop
      vertex 19.0859 42.4545 0
      vertex 18 38 0
      vertex 18.8877 42.5218 0
    endloop
  endfacet
  facet normal 0 0 -1
    outer loop
      vertex 18 22 0
      vertex 18.526 17.2694 0
      vertex 18.3686 17.1314 0
    endloop
  endfacet
  facet normal -0 0 -1
    outer loop
      vertex 18.8877 42.5218 0
      vertex 18 38 0
      vertex 18.7 42.6144 0
    endloop
  endfacet
  facet normal 0 0 -1
    outer loop
      vertex 18 22 0
      vertex 18.3686 17.1314 0
      vertex 18.2306 16.974 0
    endloop
  endfacet
  facet normal -0 0 -1
    outer loop
      vertex 18.7 42.6144 0
      vertex 18 38 0
      vertex 18.526 42.7306 0
    endloop
  endfacet
  facet normal 0 0 -1
    outer loop
      vertex 12 22 0
      vertex 18.2306 16.974 0
      vertex 18.1144 16.8 0
    endloop
  endfacet
  facet normal -0 0 -1
    outer loop
      vertex 18.526 42.7306 0
      vertex 18 38 0
      vertex 18.3686 42.8686 0
    endloop
  endfacet
  facet normal 0 0 -1
    outer loop
      vertex 12 22 0
      vertex 18.1144 16.8 0
      vertex 18.0218 16.6123 0
    endloop
  endfacet
  facet normal -0 0 -1
    outer loop
      vertex 18.3686 42.8686 0
      vertex 18 38 0
      vertex 18.2306 43.026 0
    endloop
  endfacet
  facet normal 0 0 -1
    outer loop
      vertex 12 38 0
      vertex 18.2306 43.026 0
      vertex 18 38 0
    endloop
  endfacet
  facet normal 0 0 -1
    outer loop
      vertex 12 22 0
      vertex 18.0218 16.6123 0
      vertex 17.9545 16.4141 0
    endloop
  endfacet
  facet normal 0 0 -1
    outer loop
      vertex 12 22 0
      vertex 17.9545 16.4141 0
      vertex 17.9137 16.2088 0
    endloop
  endfacet
  facet normal 0 0 -1
    outer loop
      vertex 12 22 0
      vertex 17.9137 16.2088 0
      vertex 17.9 16 0
    endloop
  endfacet
  facet normal 0 0 -1
    outer loop
      vertex 18.2306 16.974 0
      vertex 12 22 0
      vertex 18 22 0
    endloop
  endfacet
  facet normal 0 0 -1
    outer loop
      vertex 21.0863 16.2088 0
      vertex 27 22 0
      vertex 21.1 16 0
    endloop
  endfacet
  facet normal 0 0 -1
    outer loop
      vertex 21.0455 16.4141 0
      vertex 27 22 0
      vertex 21.0863 16.2088 0
    endloop
  endfacet
  facet normal 0 0 -1
    outer loop
      vertex 20.9782 16.6123 0
      vertex 27 22 0
      vertex 21.0455 16.4141 0
    endloop
  endfacet
  facet normal 0 0 -1
    outer loop
      vertex 20.7694 16.974 0
      vertex 27 22 0
      vertex 20.8856 16.8 0
    endloop
  endfacet
  facet normal 0 0 -1
    outer loop
      vertex 20.8856 16.8 0
      vertex 27 22 0
      vertex 20.9782 16.6123 0
    endloop
  endfacet
  facet normal 0 0 -1
    outer loop
      vertex 41.4782 40.6123 0
      vertex 58.5218 40.6123 0
      vertex 41.5455 40.4141 0
    endloop
  endfacet
  facet normal 0 0 -1
    outer loop
      vertex 58.5218 47.3877 0
      vertex 41.5863 47.7912 0
      vertex 41.6 48 0
    endloop
  endfacet
  facet normal 0 0 -1
    outer loop
      vertex 58.5218 40.6123 0
      vertex 41.4782 40.6123 0
      vertex 58.5218 47.3877 0
    endloop
  endfacet
  facet normal 0 0 -1
    outer loop
      vertex 58.5218 47.3877 0
      vertex 41.5455 47.5859 0
      vertex 41.5863 47.7912 0
    endloop
  endfacet
  facet normal 0 0 -1
    outer loop
      vertex 41.4782 47.3877 0
      vertex 58.5218 47.3877 0
      vertex 41.4782 40.6123 0
    endloop
  endfacet
  facet normal 0 0 -1
    outer loop
      vertex 58.5218 47.3877 0
      vertex 41.4782 47.3877 0
      vertex 41.5455 47.5859 0
    endloop
  endfacet
  facet normal 0 0 -1
    outer loop
      vertex 41.3856 40.8 0
      vertex 41.4782 47.3877 0
      vertex 41.4782 40.6123 0
    endloop
  endfacet
  facet normal 0 0 -1
    outer loop
      vertex 41.3856 40.8 0
      vertex 41.3856 47.2 0
      vertex 41.4782 47.3877 0
    endloop
  endfacet
  facet normal 0 0 -1
    outer loop
      vertex 41.2694 40.974 0
      vertex 41.3856 47.2 0
      vertex 41.3856 40.8 0
    endloop
  endfacet
  facet normal 0 0 -1
    outer loop
      vertex 41.2694 40.974 0
      vertex 41.2694 47.026 0
      vertex 41.3856 47.2 0
    endloop
  endfacet
  facet normal 0 0 -1
    outer loop
      vertex 41.1314 41.1314 0
      vertex 41.2694 47.026 0
      vertex 41.2694 40.974 0
    endloop
  endfacet
  facet normal 0 0 -1
    outer loop
      vertex 41.1314 41.1314 0
      vertex 41.1314 46.8686 0
      vertex 41.2694 47.026 0
    endloop
  endfacet
  facet normal 0 0 -1
    outer loop
      vertex 40.974 41.2694 0
      vertex 41.1314 46.8686 0
      vertex 41.1314 41.1314 0
    endloop
  endfacet
  facet normal 0 0 -1
    outer loop
      vertex 40.974 41.2694 0
      vertex 40.974 46.7306 0
      vertex 41.1314 46.8686 0
    endloop
  endfacet
  facet normal 0 0 -1
    outer loop
      vertex 40.8 41.3856 0
      vertex 40.974 46.7306 0
      vertex 40.974 41.2694 0
    endloop
  endfacet
  facet normal 0 0 -1
    outer loop
      vertex 40.8 41.3856 0
      vertex 40.8 46.6144 0
      vertex 40.974 46.7306 0
    endloop
  endfacet
  facet normal 0 0 -1
    outer loop
      vertex 40.6123 41.4782 0
      vertex 40.8 46.6144 0
      vertex 40.8 41.3856 0
    endloop
  endfacet
  facet normal 0 0 -1
    outer loop
      vertex 40.6123 41.4782 0
      vertex 40.6123 46.5218 0
      vertex 40.8 46.6144 0
    endloop
  endfacet
  facet normal 0 0 -1
    outer loop
      vertex 40.4141 41.5455 0
      vertex 40.6123 46.5218 0
      vertex 40.6123 41.4782 0
    endloop
  endfacet
  facet normal 0 0 -1
    outer loop
      vertex 40.4141 41.5455 0
      vertex 40.4141 46.4545 0
      vertex 40.6123 46.5218 0
    endloop
  endfacet
  facet normal 0 0 -1
    outer loop
      vertex 40.2088 41.5863 0
      vertex 40.4141 46.4545 0
      vertex 40.4141 41.5455 0
    endloop
  endfacet
  facet normal 0 0 -1
    outer loop
      vertex 40.2088 41.5863 0
      vertex 40.2088 46.4137 0
      vertex 40.4141 46.4545 0
    endloop
  endfacet
  facet normal 0 0 -1
    outer loop
      vertex 40 41.6 0
      vertex 40.2088 46.4137 0
      vertex 40.2088 41.5863 0
    endloop
  endfacet
  facet normal 0 0 -1
    outer loop
      vertex 40 41.6 0
      vertex 40 46.4 0
      vertex 40.2088 46.4137 0
    endloop
  endfacet
  facet normal 0 0 -1
    outer loop
      vertex 39.7912 41.5863 0
      vertex 40 46.4 0
      vertex 40 41.6 0
    endloop
  endfacet
  facet normal 0 0 -1
    outer loop
      vertex 39.7912 41.5863 0
      vertex 39.7912 46.4137 0
      vertex 40 46.4 0
    endloop
  endfacet
  facet normal 0 0 -1
    outer loop
      vertex 39.5859 41.5455 0
      vertex 39.7912 46.4137 0
      vertex 39.7912 41.5863 0
    endloop
  endfacet
  facet normal 0 0 -1
    outer loop
      vertex 39.5859 41.5455 0
      vertex 39.5859 46.4545 0
      vertex 39.7912 46.4137 0
    endloop
  endfacet
  facet normal 0 0 -1
    outer loop
      vertex 39.3877 41.4782 0
      vertex 39.5859 46.4545 0
      vertex 39.5859 41.5455 0
    endloop
  endfacet
  facet normal 0 0 -1
    outer loop
      vertex 39.3877 41.4782 0
      vertex 39.3877 46.5218 0
      vertex 39.5859 46.4545 0
    endloop
  endfacet
  facet normal 0 0 -1
    outer loop
      vertex 39.2 41.3856 0
      vertex 39.3877 46.5218 0
      vertex 39.3877 41.4782 0
    endloop
  endfacet
  facet normal 0 0 -1
    outer loop
      vertex 39.2 41.3856 0
      vertex 39.2 46.6144 0
      vertex 39.3877 46.5218 0
    endloop
  endfacet
  facet normal 0 0 -1
    outer loop
      vertex 39.026 41.2694 0
      vertex 39.2 46.6144 0
      vertex 39.2 41.3856 0
    endloop
  endfacet
  facet normal 0 0 -1
    outer loop
      vertex 39.026 41.2694 0
      vertex 39.026 46.7306 0
      vertex 39.2 46.6144 0
    endloop
  endfacet
  facet normal 0 0 -1
    outer loop
      vertex 38.8686 41.1314 0
      vertex 39.026 46.7306 0
      vertex 39.026 41.2694 0
    endloop
  endfacet
  facet normal 0 0 -1
    outer loop
      vertex 38.8686 41.1314 0
      vertex 38.8686 46.8686 0
      vertex 39.026 46.7306 0
    endloop
  endfacet
  facet normal 0 0 -1
    outer loop
      vertex 38.7306 40.974 0
      vertex 38.8686 46.8686 0
      vertex 38.8686 41.1314 0
    endloop
  endfacet
  facet normal 0 0 -1
    outer loop
      vertex 38.7306 40.974 0
      vertex 38.7306 47.026 0
      vertex 38.8686 46.8686 0
    endloop
  endfacet
  facet normal 0 0 -1
    outer loop
      vertex 38.6144 40.8 0
      vertex 38.7306 47.026 0
      vertex 38.7306 40.974 0
    endloop
  endfacet
  facet normal 0 0 -1
    outer loop
      vertex 38.6144 40.8 0
      vertex 38.6144 47.2 0
      vertex 38.7306 47.026 0
    endloop
  endfacet
  facet normal 0 0 -1
    outer loop
      vertex 38.5218 40.6123 0
      vertex 38.6144 47.2 0
      vertex 38.6144 40.8 0
    endloop
  endfacet
  facet normal 0 0 -1
    outer loop
      vertex 38.5218 40.6123 0
      vertex 38.5218 47.3877 0
      vertex 38.6144 47.2 0
    endloop
  endfacet
  facet normal 0 0 -1
    outer loop
      vertex 27 38 0
      vertex 38.5218 40.6123 0
      vertex 38.4545 40.4141 0
    endloop
  endfacet
  facet normal -0 0 -1
    outer loop
      vertex 38.5218 40.6123 0
      vertex 27 38 0
      vertex 38.5218 47.3877 0
    endloop
  endfacet
  facet normal 0 0 -1
    outer loop
      vertex 27 38 0
      vertex 38.4545 40.4141 0
      vertex 38.4137 40.2088 0
    endloop
  endfacet
  facet normal -0 0 -1
    outer loop
      vertex 38.5218 47.3877 0
      vertex 27 38 0
      vertex 38.4545 47.5859 0
    endloop
  endfacet
  facet normal 0 0 -1
    outer loop
      vertex 27 38 0
      vertex 38.4137 40.2088 0
      vertex 38.4 40 0
    endloop
  endfacet
  facet normal -0 0 -1
    outer loop
      vertex 38.4545 47.5859 0
      vertex 27 38 0
      vertex 38.4137 47.7912 0
    endloop
  endfacet
  facet normal 0 0 -1
    outer loop
      vertex 41.4782 20.6123 0
      vertex 43 24 0
      vertex 41.5455 20.4141 0
    endloop
  endfacet
  facet normal 0 0 -1
    outer loop
      vertex 43 36 0
      vertex 41.5863 39.7912 0
      vertex 41.6 40 0
    endloop
  endfacet
  facet normal 0 0 -1
    outer loop
      vertex 41.3856 20.8 0
      vertex 43 24 0
      vertex 41.4782 20.6123 0
    endloop
  endfacet
  facet normal 0 0 -1
    outer loop
      vertex 43 36 0
      vertex 41.5455 39.5859 0
      vertex 41.5863 39.7912 0
    endloop
  endfacet
  facet normal 0 0 -1
    outer loop
      vertex 41.2694 20.974 0
      vertex 43 24 0
      vertex 41.3856 20.8 0
    endloop
  endfacet
  facet normal 0 0 -1
    outer loop
      vertex 43 36 0
      vertex 41.4782 39.3877 0
      vertex 41.5455 39.5859 0
    endloop
  endfacet
  facet normal 0 0 -1
    outer loop
      vertex 41.1314 21.1314 0
      vertex 43 24 0
      vertex 41.2694 20.974 0
    endloop
  endfacet
  facet normal 0 0 -1
    outer loop
      vertex 43 36 0
      vertex 41.3856 39.2 0
      vertex 41.4782 39.3877 0
    endloop
  endfacet
  facet normal 0 0 -1
    outer loop
      vertex 40.974 21.2694 0
      vertex 43 24 0
      vertex 41.1314 21.1314 0
    endloop
  endfacet
  facet normal 0 0 -1
    outer loop
      vertex 43 36 0
      vertex 41.2694 39.026 0
      vertex 41.3856 39.2 0
    endloop
  endfacet
  facet normal 0 0 -1
    outer loop
      vertex 40.8 21.3856 0
      vertex 43 24 0
      vertex 40.974 21.2694 0
    endloop
  endfacet
  facet normal 0 0 -1
    outer loop
      vertex 43 36 0
      vertex 41.1314 38.8686 0
      vertex 41.2694 39.026 0
    endloop
  endfacet
  facet normal 0 0 -1
    outer loop
      vertex 40.6123 21.4782 0
      vertex 43 24 0
      vertex 40.8 21.3856 0
    endloop
  endfacet
  facet normal 0 0 -1
    outer loop
      vertex 43 36 0
      vertex 40.974 38.7306 0
      vertex 41.1314 38.8686 0
    endloop
  endfacet
  facet normal 0 0 -1
    outer loop
      vertex 40.4141 21.5455 0
      vertex 43 24 0
      vertex 40.6123 21.4782 0
    endloop
  endfacet
  facet normal 0 0 -1
    outer loop
      vertex 43 36 0
      vertex 40.8 38.6144 0
      vertex 40.974 38.7306 0
    endloop
  endfacet
  facet normal 0 0 -1
    outer loop
      vertex 40.2088 21.5863 0
      vertex 43 24 0
      vertex 40.4141 21.5455 0
    endloop
  endfacet
  facet normal 0 0 -1
    outer loop
      vertex 43 36 0
      vertex 40.6123 38.5218 0
      vertex 40.8 38.6144 0
    endloop
  endfacet
  facet normal 0 0 -1
    outer loop
      vertex 40 21.6 0
      vertex 43 24 0
      vertex 40.2088 21.5863 0
    endloop
  endfacet
  facet normal 0 0 -1
    outer loop
      vertex 43 36 0
      vertex 40.4141 38.4545 0
      vertex 40.6123 38.5218 0
    endloop
  endfacet
  facet normal 0 0 -1
    outer loop
      vertex 39.7912 21.5863 0
      vertex 43 24 0
      vertex 40 21.6 0
    endloop
  endfacet
  facet normal 0 0 -1
    outer loop
      vertex 43 36 0
      vertex 40.2088 38.4137 0
      vertex 40.4141 38.4545 0
    endloop
  endfacet
  facet normal 0 0 -1
    outer loop
      vertex 39.5859 21.5455 0
      vertex 43 24 0
      vertex 39.7912 21.5863 0
    endloop
  endfacet
  facet normal 0 0 -1
    outer loop
      vertex 43 36 0
      vertex 40 38.4 0
      vertex 40.2088 38.4137 0
    endloop
  endfacet
  facet normal 0 0 -1
    outer loop
      vertex 39.3877 21.4782 0
      vertex 43 24 0
      vertex 39.5859 21.5455 0
    endloop
  endfacet
  facet normal 0 0 -1
    outer loop
      vertex 43 36 0
      vertex 39.7912 38.4137 0
      vertex 40 38.4 0
    endloop
  endfacet
  facet normal -0 0 -1
    outer loop
      vertex 43 24 0
      vertex 39.3877 21.4782 0
      vertex 43 36 0
    endloop
  endfacet
  facet normal 0 0 -1
    outer loop
      vertex 43 36 0
      vertex 39.5859 38.4545 0
      vertex 39.7912 38.4137 0
    endloop
  endfacet
  facet normal 0 0 -1
    outer loop
      vertex 39.3877 38.5218 0
      vertex 43 36 0
      vertex 39.3877 21.4782 0
    endloop
  endfacet
  facet normal 0 0 -1
    outer loop
      vertex 43 36 0
      vertex 39.3877 38.5218 0
      vertex 39.5859 38.4545 0
    endloop
  endfacet
  facet normal 0 0 -1
    outer loop
      vertex 39.2 21.3856 0
      vertex 39.3877 38.5218 0
      vertex 39.3877 21.4782 0
    endloop
  endfacet
  facet normal 0 0 -1
    outer loop
      vertex 39.2 21.3856 0
      vertex 39.2 38.6144 0
      vertex 39.3877 38.5218 0
    endloop
  endfacet
  facet normal 0 0 -1
    outer loop
      vertex 27 22 0
      vertex 39.2 21.3856 0
      vertex 39.026 21.2694 0
    endloop
  endfacet
  facet normal 0 0 -1
    outer loop
      vertex 39.2 21.3856 0
      vertex 27 22 0
      vertex 39.2 38.6144 0
    endloop
  endfacet
  facet normal 0 0 -1
    outer loop
      vertex 27 22 0
      vertex 39.026 21.2694 0
      vertex 38.8686 21.1314 0
    endloop
  endfacet
  facet normal 0 0 -1
    outer loop
      vertex 27 38 0
      vertex 39.2 38.6144 0
      vertex 27 22 0
    endloop
  endfacet
  facet normal 0 0 -1
    outer loop
      vertex 27 22 0
      vertex 38.8686 21.1314 0
      vertex 38.7306 20.974 0
    endloop
  endfacet
  facet normal -0 0 -1
    outer loop
      vertex 39.2 38.6144 0
      vertex 27 38 0
      vertex 39.026 38.7306 0
    endloop
  endfacet
  facet normal 0 0 -1
    outer loop
      vertex 27 22 0
      vertex 38.7306 20.974 0
      vertex 38.6144 20.8 0
    endloop
  endfacet
  facet normal -0 0 -1
    outer loop
      vertex 39.026 38.7306 0
      vertex 27 38 0
      vertex 38.8686 38.8686 0
    endloop
  endfacet
  facet normal 0 0 -1
    outer loop
      vertex 27 22 0
      vertex 38.6144 20.8 0
      vertex 38.5218 20.6123 0
    endloop
  endfacet
  facet normal -0 0 -1
    outer loop
      vertex 38.8686 38.8686 0
      vertex 27 38 0
      vertex 38.7306 39.026 0
    endloop
  endfacet
  facet normal 0 0 -1
    outer loop
      vertex 27 22 0
      vertex 38.5218 20.6123 0
      vertex 38.4545 20.4141 0
    endloop
  endfacet
  facet normal -0 0 -1
    outer loop
      vertex 38.7306 39.026 0
      vertex 27 38 0
      vertex 38.6144 39.2 0
    endloop
  endfacet
  facet normal 0 0 -1
    outer loop
      vertex 27 22 0
      vertex 38.4545 20.4141 0
      vertex 38.4137 20.2088 0
    endloop
  endfacet
  facet normal -0 0 -1
    outer loop
      vertex 38.6144 39.2 0
      vertex 27 38 0
      vertex 38.5218 39.3877 0
    endloop
  endfacet
  facet normal 0 0 -1
    outer loop
      vertex 27 22 0
      vertex 38.4137 20.2088 0
      vertex 38.4 20 0
    endloop
  endfacet
  facet normal -0 0 -1
    outer loop
      vertex 38.5218 39.3877 0
      vertex 27 38 0
      vertex 38.4545 39.5859 0
    endloop
  endfacet
  facet normal 0 0 -1
    outer loop
      vertex 61.5455 40.4141 0
      vertex 70 38 0
      vertex 61.5863 40.2088 0
    endloop
  endfacet
  facet normal 0 0 -1
    outer loop
      vertex 70 38 0
      vertex 61.5863 47.7912 0
      vertex 61.6 48 0
    endloop
  endfacet
  facet normal 0 0 -1
    outer loop
      vertex 61.4782 40.6123 0
      vertex 70 38 0
      vertex 61.5455 40.4141 0
    endloop
  endfacet
  facet normal 0 0 -1
    outer loop
      vertex 70 38 0
      vertex 61.5455 47.5859 0
      vertex 61.5863 47.7912 0
    endloop
  endfacet
  facet normal 0 0 -1
    outer loop
      vertex 61.3856 40.8 0
      vertex 70 38 0
      vertex 61.4782 40.6123 0
    endloop
  endfacet
  facet normal 0 0 -1
    outer loop
      vertex 70 38 0
      vertex 61.4782 47.3877 0
      vertex 61.5455 47.5859 0
    endloop
  endfacet
  facet normal 0 0 -1
    outer loop
      vertex 61.3856 47.2 0
      vertex 70 38 0
      vertex 61.3856 40.8 0
    endloop
  endfacet
  facet normal 0 0 -1
    outer loop
      vertex 70 38 0
      vertex 61.3856 47.2 0
      vertex 61.4782 47.3877 0
    endloop
  endfacet
  facet normal 0 0 -1
    outer loop
      vertex 61.2694 40.974 0
      vertex 61.3856 47.2 0
      vertex 61.3856 40.8 0
    endloop
  endfacet
  facet normal 0 0 -1
    outer loop
      vertex 61.2694 40.974 0
      vertex 61.2694 47.026 0
      vertex 61.3856 47.2 0
    endloop
  endfacet
  facet normal 0 0 -1
    outer loop
      vertex 61.1314 41.1314 0
      vertex 61.2694 47.026 0
      vertex 61.2694 40.974 0
    endloop
  endfacet
  facet normal 0 0 -1
    outer loop
      vertex 61.1314 41.1314 0
      vertex 61.1314 46.8686 0
      vertex 61.2694 47.026 0
    endloop
  endfacet
  facet normal 0 0 -1
    outer loop
      vertex 60.974 41.2694 0
      vertex 61.1314 46.8686 0
      vertex 61.1314 41.1314 0
    endloop
  endfacet
  facet normal 0 0 -1
    outer loop
      vertex 60.974 41.2694 0
      vertex 60.974 46.7306 0
      vertex 61.1314 46.8686 0
    endloop
  endfacet
  facet normal 0 0 -1
    outer loop
      vertex 60.8 41.3856 0
      vertex 60.974 46.7306 0
      vertex 60.974 41.2694 0
    endloop
  endfacet
  facet normal 0 0 -1
    outer loop
      vertex 60.8 41.3856 0
      vertex 60.8 46.6144 0
      vertex 60.974 46.7306 0
    endloop
  endfacet
  facet normal 0 0 -1
    outer loop
      vertex 60.6123 41.4782 0
      vertex 60.8 46.6144 0
      vertex 60.8 41.3856 0
    endloop
  endfacet
  facet normal 0 0 -1
    outer loop
      vertex 60.6123 41.4782 0
      vertex 60.6123 46.5218 0
      vertex 60.8 46.6144 0
    endloop
  endfacet
  facet normal 0 0 -1
    outer loop
      vertex 60.4141 41.5455 0
      vertex 60.6123 46.5218 0
      vertex 60.6123 41.4782 0
    endloop
  endfacet
  facet normal 0 0 -1
    outer loop
      vertex 60.4141 41.5455 0
      vertex 60.4141 46.4545 0
      vertex 60.6123 46.5218 0
    endloop
  endfacet
  facet normal 0 0 -1
    outer loop
      vertex 60.2088 41.5863 0
      vertex 60.4141 46.4545 0
      vertex 60.4141 41.5455 0
    endloop
  endfacet
  facet normal 0 0 -1
    outer loop
      vertex 60.2088 41.5863 0
      vertex 60.2088 46.4137 0
      vertex 60.4141 46.4545 0
    endloop
  endfacet
  facet normal 0 0 -1
    outer loop
      vertex 60 41.6 0
      vertex 60.2088 46.4137 0
      vertex 60.2088 41.5863 0
    endloop
  endfacet
  facet normal 0 0 -1
    outer loop
      vertex 60 41.6 0
      vertex 60 46.4 0
      vertex 60.2088 46.4137 0
    endloop
  endfacet
  facet normal 0 0 -1
    outer loop
      vertex 59.7912 41.5863 0
      vertex 60 46.4 0
      vertex 60 41.6 0
    endloop
  endfacet
  facet normal 0 0 -1
    outer loop
      vertex 59.7912 41.5863 0
      vertex 59.7912 46.4137 0
      vertex 60 46.4 0
    endloop
  endfacet
  facet normal 0 0 -1
    outer loop
      vertex 59.5859 41.5455 0
      vertex 59.7912 46.4137 0
      vertex 59.7912 41.5863 0
    endloop
  endfacet
  facet normal 0 0 -1
    outer loop
      vertex 59.5859 41.5455 0
      vertex 59.5859 46.4545 0
      vertex 59.7912 46.4137 0
    endloop
  endfacet
  facet normal 0 0 -1
    outer loop
      vertex 59.3877 41.4782 0
      vertex 59.5859 46.4545 0
      vertex 59.5859 41.5455 0
    endloop
  endfacet
  facet normal 0 0 -1
    outer loop
      vertex 59.3877 41.4782 0
      vertex 59.3877 46.5218 0
      vertex 59.5859 46.4545 0
    endloop
  endfacet
  facet normal 0 0 -1
    outer loop
      vertex 59.2 41.3856 0
      vertex 59.3877 46.5218 0
      vertex 59.3877 41.4782 0
    endloop
  endfacet
  facet normal 0 0 -1
    outer loop
      vertex 59.2 41.3856 0
      vertex 59.2 46.6144 0
      vertex 59.3877 46.5218 0
    endloop
  endfacet
  facet normal 0 0 -1
    outer loop
      vertex 59.026 41.2694 0
      vertex 59.2 46.6144 0
      vertex 59.2 41.3856 0
    endloop
  endfacet
  facet normal 0 0 -1
    outer loop
      vertex 59.026 41.2694 0
      vertex 59.026 46.7306 0
      vertex 59.2 46.6144 0
    endloop
  endfacet
  facet normal 0 0 -1
    outer loop
      vertex 58.8686 41.1314 0
      vertex 59.026 46.7306 0
      vertex 59.026 41.2694 0
    endloop
  endfacet
  facet normal 0 0 -1
    outer loop
      vertex 58.8686 41.1314 0
      vertex 58.8686 46.8686 0
      vertex 59.026 46.7306 0
    endloop
  endfacet
  facet normal 0 0 -1
    outer loop
      vertex 58.7306 40.974 0
      vertex 58.8686 46.8686 0
      vertex 58.8686 41.1314 0
    endloop
  endfacet
  facet normal 0 0 -1
    outer loop
      vertex 58.7306 40.974 0
      vertex 58.7306 47.026 0
      vertex 58.8686 46.8686 0
    endloop
  endfacet
  facet normal 0 0 -1
    outer loop
      vertex 58.6144 40.8 0
      vertex 58.7306 47.026 0
      vertex 58.7306 40.974 0
    endloop
  endfacet
  facet normal 0 0 -1
    outer loop
      vertex 58.6144 40.8 0
      vertex 58.6144 47.2 0
      vertex 58.7306 47.026 0
    endloop
  endfacet
  facet normal 0 0 -1
    outer loop
      vertex 58.5218 40.6123 0
      vertex 58.6144 47.2 0
      vertex 58.6144 40.8 0
    endloop
  endfacet
  facet normal 0 0 -1
    outer loop
      vertex 58.5218 40.6123 0
      vertex 58.5218 47.3877 0
      vertex 58.6144 47.2 0
    endloop
  endfacet
  facet normal 0 0 -1
    outer loop
      vertex 58.4137 40.2088 0
      vertex 41.5863 40.2088 0
      vertex 58.4545 40.4141 0
    endloop
  endfacet
  facet normal 0 0 -1
    outer loop
      vertex 41.5455 40.4141 0
      vertex 58.4545 40.4141 0
      vertex 41.5863 40.2088 0
    endloop
  endfacet
  facet normal 0 0 -1
    outer loop
      vertex 41.5863 40.2088 0
      vertex 58.4137 40.2088 0
      vertex 41.6 40 0
    endloop
  endfacet
  facet normal 0 0 -1
    outer loop
      vertex 58.4545 40.4141 0
      vertex 41.5455 40.4141 0
      vertex 58.5218 40.6123 0
    endloop
  endfacet
  facet normal 0 0 -1
    outer loop
      vertex 41.6 40 0
      vertex 58.4137 40.2088 0
      vertex 58.4 40 0
    endloop
  endfacet
  facet normal 0 0 -1
    outer loop
      vertex 58.5218 47.3877 0
      vertex 41.6 48 0
      vertex 58.4545 47.5859 0
    endloop
  endfacet
  facet normal 0 0 -1
    outer loop
      vertex 61.4782 20.6123 0
      vertex 70 22 0
      vertex 61.5455 20.4141 0
    endloop
  endfacet
  facet normal 0 0 -1
    outer loop
      vertex 70 38 0
      vertex 61.5863 39.7912 0
      vertex 61.6 40 0
    endloop
  endfacet
  facet normal 0 0 -1
    outer loop
      vertex 61.3856 20.8 0
      vertex 70 22 0
      vertex 61.4782 20.6123 0
    endloop
  endfacet
  facet normal 0 0 -1
    outer loop
      vertex 70 38 0
      vertex 61.5455 39.5859 0
      vertex 61.5863 39.7912 0
    endloop
  endfacet
  facet normal 0 0 -1
    outer loop
      vertex 61.2694 20.974 0
      vertex 70 22 0
      vertex 61.3856 20.8 0
    endloop
  endfacet
  facet normal 0 0 -1
    outer loop
      vertex 70 38 0
      vertex 61.4782 39.3877 0
      vertex 61.5455 39.5859 0
    endloop
  endfacet
  facet normal 0 0 -1
    outer loop
      vertex 61.1314 21.1314 0
      vertex 70 22 0
      vertex 61.2694 20.974 0
    endloop
  endfacet
  facet normal 0 0 -1
    outer loop
      vertex 70 38 0
      vertex 61.3856 39.2 0
      vertex 61.4782 39.3877 0
    endloop
  endfacet
  facet normal 0 0 -1
    outer loop
      vertex 60.974 21.2694 0
      vertex 70 22 0
      vertex 61.1314 21.1314 0
    endloop
  endfacet
  facet normal 0 0 -1
    outer loop
      vertex 70 38 0
      vertex 61.2694 39.026 0
      vertex 61.3856 39.2 0
    endloop
  endfacet
  facet normal 0 0 -1
    outer loop
      vertex 60.8 21.3856 0
      vertex 70 22 0
      vertex 60.974 21.2694 0
    endloop
  endfacet
  facet normal 0 0 -1
    outer loop
      vertex 70 38 0
      vertex 61.1314 38.8686 0
      vertex 61.2694 39.026 0
    endloop
  endfacet
  facet normal -0 0 -1
    outer loop
      vertex 70 22 0
      vertex 60.8 21.3856 0
      vertex 70 38 0
    endloop
  endfacet
  facet normal 0 0 -1
    outer loop
      vertex 70 38 0
      vertex 60.974 38.7306 0
      vertex 61.1314 38.8686 0
    endloop
  endfacet
  facet normal 0 0 -1
    outer loop
      vertex 60.8 38.6144 0
      vertex 70 38 0
      vertex 60.8 21.3856 0
    endloop
  endfacet
  facet normal 0 0 -1
    outer loop
      vertex 70 38 0
      vertex 60.8 38.6144 0
      vertex 60.974 38.7306 0
    endloop
  endfacet
  facet normal 0 0 -1
    outer loop
      vertex 60.6123 21.4782 0
      vertex 60.8 38.6144 0
      vertex 60.8 21.3856 0
    endloop
  endfacet
  facet normal 0 0 -1
    outer loop
      vertex 60.6123 21.4782 0
      vertex 60.6123 38.5218 0
      vertex 60.8 38.6144 0
    endloop
  endfacet
  facet normal 0 0 -1
    outer loop
      vertex 57 24 0
      vertex 60.6123 21.4782 0
      vertex 60.4141 21.5455 0
    endloop
  endfacet
  facet normal 0 0 -1
    outer loop
      vertex 60.6123 21.4782 0
      vertex 57 24 0
      vertex 60.6123 38.5218 0
    endloop
  endfacet
  facet normal 0 0 -1
    outer loop
      vertex 57 24 0
      vertex 60.4141 21.5455 0
      vertex 60.2088 21.5863 0
    endloop
  endfacet
  facet normal 0 0 -1
    outer loop
      vertex 57 36 0
      vertex 60.6123 38.5218 0
      vertex 57 24 0
    endloop
  endfacet
  facet normal 0 0 -1
    outer loop
      vertex 57 24 0
      vertex 60.2088 21.5863 0
      vertex 60 21.6 0
    endloop
  endfacet
  facet normal 0 0 -1
    outer loop
      vertex 60.6123 38.5218 0
      vertex 57 36 0
      vertex 60.4141 38.4545 0
    endloop
  endfacet
  facet normal 0 0 -1
    outer loop
      vertex 57 24 0
      vertex 60 21.6 0
      vertex 59.7912 21.5863 0
    endloop
  endfacet
  facet normal 0 0 -1
    outer loop
      vertex 60.4141 38.4545 0
      vertex 57 36 0
      vertex 60.2088 38.4137 0
    endloop
  endfacet
  facet normal 0 0 -1
    outer loop
      vertex 57 24 0
      vertex 59.7912 21.5863 0
      vertex 59.5859 21.5455 0
    endloop
  endfacet
  facet normal 0 0 -1
    outer loop
      vertex 60.2088 38.4137 0
      vertex 57 36 0
      vertex 60 38.4 0
    endloop
  endfacet
  facet normal 0 0 -1
    outer loop
      vertex 57 24 0
      vertex 59.5859 21.5455 0
      vertex 59.3877 21.4782 0
    endloop
  endfacet
  facet normal -0 0 -1
    outer loop
      vertex 60 38.4 0
      vertex 57 36 0
      vertex 59.7912 38.4137 0
    endloop
  endfacet
  facet normal 0 0 -1
    outer loop
      vertex 57 24 0
      vertex 59.3877 21.4782 0
      vertex 59.2 21.3856 0
    endloop
  endfacet
  facet normal -0 0 -1
    outer loop
      vertex 59.7912 38.4137 0
      vertex 57 36 0
      vertex 59.5859 38.4545 0
    endloop
  endfacet
  facet normal 0 0 -1
    outer loop
      vertex 57 24 0
      vertex 59.2 21.3856 0
      vertex 59.026 21.2694 0
    endloop
  endfacet
  facet normal -0 0 -1
    outer loop
      vertex 59.5859 38.4545 0
      vertex 57 36 0
      vertex 59.3877 38.5218 0
    endloop
  endfacet
  facet normal 0 0 -1
    outer loop
      vertex 57 24 0
      vertex 59.026 21.2694 0
      vertex 58.8686 21.1314 0
    endloop
  endfacet
  facet normal -0 0 -1
    outer loop
      vertex 59.3877 38.5218 0
      vertex 57 36 0
      vertex 59.2 38.6144 0
    endloop
  endfacet
  facet normal 0 0 -1
    outer loop
      vertex 57 24 0
      vertex 58.8686 21.1314 0
      vertex 58.7306 20.974 0
    endloop
  endfacet
  facet normal -0 0 -1
    outer loop
      vertex 59.2 38.6144 0
      vertex 57 36 0
      vertex 59.026 38.7306 0
    endloop
  endfacet
  facet normal 0 0 -1
    outer loop
      vertex 57 24 0
      vertex 58.7306 20.974 0
      vertex 58.6144 20.8 0
    endloop
  endfacet
  facet normal -0 0 -1
    outer loop
      vertex 59.026 38.7306 0
      vertex 57 36 0
      vertex 58.8686 38.8686 0
    endloop
  endfacet
  facet normal 0 0 -1
    outer loop
      vertex 57 24 0
      vertex 58.6144 20.8 0
      vertex 58.5218 20.6123 0
    endloop
  endfacet
  facet normal -0 0 -1
    outer loop
      vertex 58.8686 38.8686 0
      vertex 57 36 0
      vertex 58.7306 39.026 0
    endloop
  endfacet
  facet normal 0 0 -1
    outer loop
      vertex 57 24 0
      vertex 58.5218 20.6123 0
      vertex 58.4545 20.4141 0
    endloop
  endfacet
  facet normal -0 0 -1
    outer loop
      vertex 58.7306 39.026 0
      vertex 57 36 0
      vertex 58.6144 39.2 0
    endloop
  endfacet
  facet normal 0 0 -1
    outer loop
      vertex 57 24 0
      vertex 58.4545 20.4141 0
      vertex 58.4137 20.2088 0
    endloop
  endfacet
  facet normal -0 0 -1
    outer loop
      vertex 58.6144 39.2 0
      vertex 57 36 0
      vertex 58.5218 39.3877 0
    endloop
  endfacet
  facet normal 0 0 -1
    outer loop
      vertex 57 24 0
      vertex 58.4137 20.2088 0
      vertex 58.4 20 0
    endloop
  endfacet
  facet normal -0 0 -1
    outer loop
      vertex 58.5218 39.3877 0
      vertex 57 36 0
      vertex 58.4545 39.5859 0
    endloop
  endfacet
  facet normal 0 0 -1
    outer loop
      vertex 70 22 0
      vertex 61.5863 19.7912 0
      vertex 61.6 20 0
    endloop
  endfacet
  facet normal 0 0 -1
    outer loop
      vertex 60.4141 18.4545 0
      vertex 61.7912 13.5863 0
      vertex 61.5859 13.5455 0
    endloop
  endfacet
  facet normal 0 0 -1
    outer loop
      vertex 62 13.6 0
      vertex 61.5455 19.5859 0
      vertex 61.5863 19.7912 0
    endloop
  endfacet
  facet normal 0 0 -1
    outer loop
      vertex 62 13.6 0
      vertex 61.4782 19.3877 0
      vertex 61.5455 19.5859 0
    endloop
  endfacet
  facet normal 0 0 -1
    outer loop
      vertex 60.2088 18.4137 0
      vertex 61.5859 13.5455 0
      vertex 61.3877 13.4782 0
    endloop
  endfacet
  facet normal 0 0 -1
    outer loop
      vertex 62 13.6 0
      vertex 61.3856 19.2 0
      vertex 61.4782 19.3877 0
    endloop
  endfacet
  facet normal 0 0 -1
    outer loop
      vertex 62 13.6 0
      vertex 61.2694 19.026 0
      vertex 61.3856 19.2 0
    endloop
  endfacet
  facet normal 0 0 -1
    outer loop
      vertex 60 18.4 0
      vertex 61.3877 13.4782 0
      vertex 61.2 13.3856 0
    endloop
  endfacet
  facet normal 0 0 -1
    outer loop
      vertex 62 13.6 0
      vertex 61.1314 18.8686 0
      vertex 61.2694 19.026 0
    endloop
  endfacet
  facet normal 0 0 -1
    outer loop
      vertex 59.7912 18.4137 0
      vertex 61.2 13.3856 0
      vertex 61.026 13.2694 0
    endloop
  endfacet
  facet normal 0 0 -1
    outer loop
      vertex 62 13.6 0
      vertex 60.974 18.7306 0
      vertex 61.1314 18.8686 0
    endloop
  endfacet
  facet normal 0 0 -1
    outer loop
      vertex 59.5859 18.4545 0
      vertex 61.026 13.2694 0
      vertex 60.8686 13.1314 0
    endloop
  endfacet
  facet normal 0 0 -1
    outer loop
      vertex 62 13.6 0
      vertex 60.8 18.6144 0
      vertex 60.974 18.7306 0
    endloop
  endfacet
  facet normal 0 0 -1
    outer loop
      vertex 59.3877 18.5218 0
      vertex 60.8686 13.1314 0
      vertex 60.7306 12.974 0
    endloop
  endfacet
  facet normal 0 0 -1
    outer loop
      vertex 59.2 18.6144 0
      vertex 60.7306 12.974 0
      vertex 60.6144 12.8 0
    endloop
  endfacet
  facet normal 0 0 -1
    outer loop
      vertex 62 13.6 0
      vertex 60.6123 18.5218 0
      vertex 60.8 18.6144 0
    endloop
  endfacet
  facet normal 0 0 -1
    outer loop
      vertex 59.026 18.7306 0
      vertex 60.6144 12.8 0
      vertex 60.5218 12.6123 0
    endloop
  endfacet
  facet normal 0 0 -1
    outer loop
      vertex 58.8686 18.8686 0
      vertex 60.5218 12.6123 0
      vertex 60.4545 12.4141 0
    endloop
  endfacet
  facet normal 0 0 -1
    outer loop
      vertex 61.7912 13.5863 0
      vertex 60.4141 18.4545 0
      vertex 60.6123 18.5218 0
    endloop
  endfacet
  facet normal 0 0 -1
    outer loop
      vertex 58.7306 19.026 0
      vertex 60.4545 12.4141 0
      vertex 60.4137 12.2088 0
    endloop
  endfacet
  facet normal 0 0 -1
    outer loop
      vertex 39.5863 12.2088 0
      vertex 60.4137 12.2088 0
      vertex 60.4 12 0
    endloop
  endfacet
  facet normal 0 0 -1
    outer loop
      vertex 61.5859 13.5455 0
      vertex 60.2088 18.4137 0
      vertex 60.4141 18.4545 0
    endloop
  endfacet
  facet normal 0 0 -1
    outer loop
      vertex 40.8 18.6144 0
      vertex 39.2694 12.974 0
      vertex 40.6123 18.5218 0
    endloop
  endfacet
  facet normal 0 0 -1
    outer loop
      vertex 39.1314 13.1314 0
      vertex 40.6123 18.5218 0
      vertex 39.2694 12.974 0
    endloop
  endfacet
  facet normal 0 0 -1
    outer loop
      vertex 40.6123 18.5218 0
      vertex 39.1314 13.1314 0
      vertex 40.4141 18.4545 0
    endloop
  endfacet
  facet normal 0 0 -1
    outer loop
      vertex 38.974 13.2694 0
      vertex 40.4141 18.4545 0
      vertex 39.1314 13.1314 0
    endloop
  endfacet
  facet normal 0 0 -1
    outer loop
      vertex 40.4141 18.4545 0
      vertex 38.974 13.2694 0
      vertex 40.2088 18.4137 0
    endloop
  endfacet
  facet normal 0 0 -1
    outer loop
      vertex 38.8 13.3856 0
      vertex 40.2088 18.4137 0
      vertex 38.974 13.2694 0
    endloop
  endfacet
  facet normal 0 0 -1
    outer loop
      vertex 40.2088 18.4137 0
      vertex 38.8 13.3856 0
      vertex 40 18.4 0
    endloop
  endfacet
  facet normal 0 0 -1
    outer loop
      vertex 38.6123 13.4782 0
      vertex 40 18.4 0
      vertex 38.8 13.3856 0
    endloop
  endfacet
  facet normal -0 0 -1
    outer loop
      vertex 40 18.4 0
      vertex 38.6123 13.4782 0
      vertex 39.7912 18.4137 0
    endloop
  endfacet
  facet normal 0 0 -1
    outer loop
      vertex 38.4141 13.5455 0
      vertex 39.7912 18.4137 0
      vertex 38.6123 13.4782 0
    endloop
  endfacet
  facet normal -0 0 -1
    outer loop
      vertex 39.7912 18.4137 0
      vertex 38.4141 13.5455 0
      vertex 39.5859 18.4545 0
    endloop
  endfacet
  facet normal 0 0 -1
    outer loop
      vertex 38.2088 13.5863 0
      vertex 39.5859 18.4545 0
      vertex 38.4141 13.5455 0
    endloop
  endfacet
  facet normal -0 0 -1
    outer loop
      vertex 39.5859 18.4545 0
      vertex 38.2088 13.5863 0
      vertex 39.3877 18.5218 0
    endloop
  endfacet
  facet normal 0 0 -1
    outer loop
      vertex 38 13.6 0
      vertex 39.3877 18.5218 0
      vertex 38.2088 13.5863 0
    endloop
  endfacet
  facet normal -0 0 -1
    outer loop
      vertex 39.3877 18.5218 0
      vertex 38 13.6 0
      vertex 39.2 18.6144 0
    endloop
  endfacet
  facet normal 0 0 -1
    outer loop
      vertex 37.7912 13.5863 0
      vertex 39.2 18.6144 0
      vertex 38 13.6 0
    endloop
  endfacet
  facet normal -0 0 -1
    outer loop
      vertex 39.2 18.6144 0
      vertex 37.7912 13.5863 0
      vertex 39.026 18.7306 0
    endloop
  endfacet
  facet normal 0 0 -1
    outer loop
      vertex 37.5859 13.5455 0
      vertex 39.026 18.7306 0
      vertex 37.7912 13.5863 0
    endloop
  endfacet
  facet normal -0 0 -1
    outer loop
      vertex 39.026 18.7306 0
      vertex 37.5859 13.5455 0
      vertex 38.8686 18.8686 0
    endloop
  endfacet
  facet normal 0 0 -1
    outer loop
      vertex 37.3877 13.4782 0
      vertex 38.8686 18.8686 0
      vertex 37.5859 13.5455 0
    endloop
  endfacet
  facet normal -0 0 -1
    outer loop
      vertex 38.8686 18.8686 0
      vertex 37.3877 13.4782 0
      vertex 38.7306 19.026 0
    endloop
  endfacet
  facet normal -0 0 -1
    outer loop
      vertex 38.4137 39.7912 0
      vertex 27 38 0
      vertex 38.4 40 0
    endloop
  endfacet
  facet normal -0 0 -1
    outer loop
      vertex 38.7306 19.026 0
      vertex 37.2 13.3856 0
      vertex 38.6144 19.2 0
    endloop
  endfacet
  facet normal 0 0 -1
    outer loop
      vertex 37.2 13.3856 0
      vertex 38.7306 19.026 0
      vertex 37.3877 13.4782 0
    endloop
  endfacet
  facet normal 0 0 -1
    outer loop
      vertex 85 38 0
      vertex 82.0863 43.7912 0
      vertex 82.1 44 0
    endloop
  endfacet
  facet normal 0 0 -1
    outer loop
      vertex 85 38 0
      vertex 82.0455 43.5859 0
      vertex 82.0863 43.7912 0
    endloop
  endfacet
  facet normal 0 0 -1
    outer loop
      vertex 85 38 0
      vertex 81.9782 43.3877 0
      vertex 82.0455 43.5859 0
    endloop
  endfacet
  facet normal 0 0 -1
    outer loop
      vertex 85 38 0
      vertex 81.8856 43.2 0
      vertex 81.9782 43.3877 0
    endloop
  endfacet
  facet normal 0 0 -1
    outer loop
      vertex 85 38 0
      vertex 81.7694 43.026 0
      vertex 81.8856 43.2 0
    endloop
  endfacet
  facet normal 0 0 -1
    outer loop
      vertex 85 38 0
      vertex 81.6314 42.8686 0
      vertex 81.7694 43.026 0
    endloop
  endfacet
  facet normal 0 0 -1
    outer loop
      vertex 85 38 0
      vertex 81.474 42.7306 0
      vertex 81.6314 42.8686 0
    endloop
  endfacet
  facet normal 0 0 -1
    outer loop
      vertex 85 38 0
      vertex 81.3 42.6144 0
      vertex 81.474 42.7306 0
    endloop
  endfacet
  facet normal 0 0 -1
    outer loop
      vertex 85 38 0
      vertex 81.1123 42.5218 0
      vertex 81.3 42.6144 0
    endloop
  endfacet
  facet normal 0 0 -1
    outer loop
      vertex 85 38 0
      vertex 80.9141 42.4545 0
      vertex 81.1123 42.5218 0
    endloop
  endfacet
  facet normal 0 0 -1
    outer loop
      vertex 79 38 0
      vertex 80.9141 42.4545 0
      vertex 85 38 0
    endloop
  endfacet
  facet normal 0 0 -1
    outer loop
      vertex 80.9141 42.4545 0
      vertex 79 38 0
      vertex 80.7088 42.4137 0
    endloop
  endfacet
  facet normal 0 0 -1
    outer loop
      vertex 80.7088 42.4137 0
      vertex 79 38 0
      vertex 80.5 42.4 0
    endloop
  endfacet
  facet normal -0 0 -1
    outer loop
      vertex 80.5 42.4 0
      vertex 79 38 0
      vertex 80.2912 42.4137 0
    endloop
  endfacet
  facet normal -0 0 -1
    outer loop
      vertex 80.2912 42.4137 0
      vertex 79 38 0
      vertex 80.0859 42.4545 0
    endloop
  endfacet
  facet normal -0 0 -1
    outer loop
      vertex 80.0859 42.4545 0
      vertex 79 38 0
      vertex 79.8877 42.5218 0
    endloop
  endfacet
  facet normal -0 0 -1
    outer loop
      vertex 79.8877 42.5218 0
      vertex 79 38 0
      vertex 79.7 42.6144 0
    endloop
  endfacet
  facet normal -0 0 -1
    outer loop
      vertex 79.7 42.6144 0
      vertex 79 38 0
      vertex 79.526 42.7306 0
    endloop
  endfacet
  facet normal 0 0 -1
    outer loop
      vertex 79 38 0
      vertex 79.3686 42.8686 0
      vertex 79.526 42.7306 0
    endloop
  endfacet
  facet normal 0 0 -1
    outer loop
      vertex 76 38 0
      vertex 79.3686 42.8686 0
      vertex 79 38 0
    endloop
  endfacet
  facet normal -0 0 -1
    outer loop
      vertex 79.3686 42.8686 0
      vertex 76 38 0
      vertex 79.2306 43.026 0
    endloop
  endfacet
  facet normal -0 0 -1
    outer loop
      vertex 79.2306 43.026 0
      vertex 76 38 0
      vertex 79.1144 43.2 0
    endloop
  endfacet
  facet normal -0 0 -1
    outer loop
      vertex 79.1144 43.2 0
      vertex 76 38 0
      vertex 79.0218 43.3877 0
    endloop
  endfacet
  facet normal 0 0 -1
    outer loop
      vertex 79 22 0
      vertex 76 22 0
      vertex 79 38 0
    endloop
  endfacet
  facet normal 0 0 -1
    outer loop
      vertex 76 22 0
      vertex 78.9545 16.4141 0
      vertex 78.9137 16.2088 0
    endloop
  endfacet
  facet normal 0 0 -1
    outer loop
      vertex 76 38 0
      vertex 79 38 0
      vertex 76 22 0
    endloop
  endfacet
  facet normal 0 0 -1
    outer loop
      vertex 70 22 0
      vertex 78.9137 16.2088 0
      vertex 78.9 16 0
    endloop
  endfacet
  facet normal -0 0 -1
    outer loop
      vertex 79.0218 43.3877 0
      vertex 76 38 0
      vertex 78.9545 43.5859 0
    endloop
  endfacet
  facet normal 0 0 -1
    outer loop
      vertex 100 0 0
      vertex 85 22 0
      vertex 100 60 0
    endloop
  endfacet
  facet normal 0 0 -1
    outer loop
      vertex 82.0863 15.7912 0
      vertex 85 22 0
      vertex 100 0 0
    endloop
  endfacet
  facet normal 0 0 -1
    outer loop
      vertex 85 22 0
      vertex 82.0863 15.7912 0
      vertex 82.1 16 0
    endloop
  endfacet
  facet normal 0 0 -1
    outer loop
      vertex 100 0 0
      vertex 82.0455 15.5859 0
      vertex 82.0863 15.7912 0
    endloop
  endfacet
  facet normal 0 0 -1
    outer loop
      vertex 100 0 0
      vertex 81.9782 15.3877 0
      vertex 82.0455 15.5859 0
    endloop
  endfacet
  facet normal 0 0 -1
    outer loop
      vertex 100 0 0
      vertex 81.8856 15.2 0
      vertex 81.9782 15.3877 0
    endloop
  endfacet
  facet normal 0 0 -1
    outer loop
      vertex 100 0 0
      vertex 81.7694 15.026 0
      vertex 81.8856 15.2 0
    endloop
  endfacet
  facet normal 0 0 -1
    outer loop
      vertex 100 0 0
      vertex 81.6314 14.8686 0
      vertex 81.7694 15.026 0
    endloop
  endfacet
  facet normal 0 0 -1
    outer loop
      vertex 100 0 0
      vertex 81.474 14.7306 0
      vertex 81.6314 14.8686 0
    endloop
  endfacet
  facet normal 0 0 -1
    outer loop
      vertex 100 0 0
      vertex 81.3 14.6144 0
      vertex 81.474 14.7306 0
    endloop
  endfacet
  facet normal 0 0 -1
    outer loop
      vertex 100 0 0
      vertex 81.1123 14.5218 0
      vertex 81.3 14.6144 0
    endloop
  endfacet
  facet normal 0 0 -1
    outer loop
      vertex 100 0 0
      vertex 80.9141 14.4545 0
      vertex 81.1123 14.5218 0
    endloop
  endfacet
  facet normal 0 0 -1
    outer loop
      vertex 100 0 0
      vertex 80.7088 14.4137 0
      vertex 80.9141 14.4545 0
    endloop
  endfacet
  facet normal 0 0 -1
    outer loop
      vertex 100 0 0
      vertex 80.5 14.4 0
      vertex 80.7088 14.4137 0
    endloop
  endfacet
  facet normal 0 0 -1
    outer loop
      vertex 100 0 0
      vertex 80.2912 14.4137 0
      vertex 80.5 14.4 0
    endloop
  endfacet
  facet normal 0 0 -1
    outer loop
      vertex 62.8 10.6144 0
      vertex 80.2912 14.4137 0
      vertex 100 0 0
    endloop
  endfacet
  facet normal 0 -0 -1
    outer loop
      vertex 62.974 10.7306 0
      vertex 80.2912 14.4137 0
      vertex 62.8 10.6144 0
    endloop
  endfacet
  facet normal -0 0 -1
    outer loop
      vertex 80.2912 14.4137 0
      vertex 62.974 10.7306 0
      vertex 80.0859 14.4545 0
    endloop
  endfacet
  facet normal 0 -0 -1
    outer loop
      vertex 63.1314 10.8686 0
      vertex 80.0859 14.4545 0
      vertex 62.974 10.7306 0
    endloop
  endfacet
  facet normal -0 0 -1
    outer loop
      vertex 78.9545 43.5859 0
      vertex 76 38 0
      vertex 78.9137 43.7912 0
    endloop
  endfacet
  facet normal 0 0 -1
    outer loop
      vertex 70 22 0
      vertex 78.9 16 0
      vertex 78.9137 15.7912 0
    endloop
  endfacet
  facet normal 0 0 -1
    outer loop
      vertex 70 22 0
      vertex 78.9137 15.7912 0
      vertex 78.9545 15.5859 0
    endloop
  endfacet
  facet normal 0 0 -1
    outer loop
      vertex 63.5863 12.2088 0
      vertex 78.9545 15.5859 0
      vertex 79.0218 15.3877 0
    endloop
  endfacet
  facet normal 0 0 -1
    outer loop
      vertex 78.9137 16.2088 0
      vertex 70 22 0
      vertex 76 22 0
    endloop
  endfacet
  facet normal 0 0 -1
    outer loop
      vertex 63.6 12 0
      vertex 79.0218 15.3877 0
      vertex 79.1144 15.2 0
    endloop
  endfacet
  facet normal 0 0 -1
    outer loop
      vertex 63.5863 11.7912 0
      vertex 79.1144 15.2 0
      vertex 79.2306 15.026 0
    endloop
  endfacet
  facet normal 0 0 -1
    outer loop
      vertex 63.5455 11.5859 0
      vertex 79.2306 15.026 0
      vertex 79.3686 14.8686 0
    endloop
  endfacet
  facet normal 0 0 -1
    outer loop
      vertex 63.4782 11.3877 0
      vertex 79.3686 14.8686 0
      vertex 79.526 14.7306 0
    endloop
  endfacet
  facet normal 0 0 -1
    outer loop
      vertex 78.9545 15.5859 0
      vertex 63.5863 12.2088 0
      vertex 63.5455 12.4141 0
    endloop
  endfacet
  facet normal 0 0 -1
    outer loop
      vertex 79.0218 15.3877 0
      vertex 63.6 12 0
      vertex 63.5863 12.2088 0
    endloop
  endfacet
  facet normal 0 -0 -1
    outer loop
      vertex 63.2694 11.026 0
      vertex 79.8877 14.5218 0
      vertex 63.1314 10.8686 0
    endloop
  endfacet
  facet normal 0 0 -1
    outer loop
      vertex 79.1144 15.2 0
      vertex 63.5863 11.7912 0
      vertex 63.6 12 0
    endloop
  endfacet
  facet normal 0 0 -1
    outer loop
      vertex 79.2306 15.026 0
      vertex 63.5455 11.5859 0
      vertex 63.5863 11.7912 0
    endloop
  endfacet
  facet normal 0 0 -1
    outer loop
      vertex 79.3686 14.8686 0
      vertex 63.4782 11.3877 0
      vertex 63.5455 11.5859 0
    endloop
  endfacet
  facet normal 0 0 -1
    outer loop
      vertex 79.526 14.7306 0
      vertex 63.3856 11.2 0
      vertex 63.4782 11.3877 0
    endloop
  endfacet
  facet normal -0 0 -1
    outer loop
      vertex 79.7 14.6144 0
      vertex 63.3856 11.2 0
      vertex 79.526 14.7306 0
    endloop
  endfacet
  facet normal 0 -0 -1
    outer loop
      vertex 63.3856 11.2 0
      vertex 79.7 14.6144 0
      vertex 63.2694 11.026 0
    endloop
  endfacet
  facet normal -0 0 -1
    outer loop
      vertex 79.8877 14.5218 0
      vertex 63.2694 11.026 0
      vertex 79.7 14.6144 0
    endloop
  endfacet
  facet normal -0 0 -1
    outer loop
      vertex 80.0859 14.4545 0
      vertex 63.1314 10.8686 0
      vertex 79.8877 14.5218 0
    endloop
  endfacet
  facet normal 0 0 -1
    outer loop
      vertex 100 0 0
      vertex 62.6123 10.5218 0
      vertex 62.8 10.6144 0
    endloop
  endfacet
  facet normal 0 0 -1
    outer loop
      vertex 100 0 0
      vertex 62.4141 10.4545 0
      vertex 62.6123 10.5218 0
    endloop
  endfacet
  facet normal 0 0 -1
    outer loop
      vertex 100 0 0
      vertex 62.2088 10.4137 0
      vertex 62.4141 10.4545 0
    endloop
  endfacet
  facet normal 0 0 -1
    outer loop
      vertex 100 0 0
      vertex 62 10.4 0
      vertex 62.2088 10.4137 0
    endloop
  endfacet
  facet normal 0 0 -1
    outer loop
      vertex 100 0 0
      vertex 61.7912 10.4137 0
      vertex 62 10.4 0
    endloop
  endfacet
  facet normal 0 0 -1
    outer loop
      vertex 38.2088 10.4137 0
      vertex 61.7912 10.4137 0
      vertex 100 0 0
    endloop
  endfacet
  facet normal 0 0 -1
    outer loop
      vertex 61.3877 13.4782 0
      vertex 60 18.4 0
      vertex 60.2088 18.4137 0
    endloop
  endfacet
  facet normal 0 0 -1
    outer loop
      vertex 61.2 13.3856 0
      vertex 59.7912 18.4137 0
      vertex 60 18.4 0
    endloop
  endfacet
  facet normal 0 0 -1
    outer loop
      vertex 39.6 12 0
      vertex 60.4 12 0
      vertex 60.4137 11.7912 0
    endloop
  endfacet
  facet normal 0 0 -1
    outer loop
      vertex 61.026 13.2694 0
      vertex 59.5859 18.4545 0
      vertex 59.7912 18.4137 0
    endloop
  endfacet
  facet normal 0 0 -1
    outer loop
      vertex 60.8686 13.1314 0
      vertex 59.3877 18.5218 0
      vertex 59.5859 18.4545 0
    endloop
  endfacet
  facet normal 0 0 -1
    outer loop
      vertex 60.7306 12.974 0
      vertex 59.2 18.6144 0
      vertex 59.3877 18.5218 0
    endloop
  endfacet
  facet normal 0 0 -1
    outer loop
      vertex 60.6144 12.8 0
      vertex 59.026 18.7306 0
      vertex 59.2 18.6144 0
    endloop
  endfacet
  facet normal 0 0 -1
    outer loop
      vertex 39.5863 11.7912 0
      vertex 60.4137 11.7912 0
      vertex 60.4545 11.5859 0
    endloop
  endfacet
  facet normal 0 0 -1
    outer loop
      vertex 60.5218 12.6123 0
      vertex 58.8686 18.8686 0
      vertex 59.026 18.7306 0
    endloop
  endfacet
  facet normal 0 0 -1
    outer loop
      vertex 60.4545 12.4141 0
      vertex 58.7306 19.026 0
      vertex 58.8686 18.8686 0
    endloop
  endfacet
  facet normal 0 0 -1
    outer loop
      vertex 39.5863 12.2088 0
      vertex 60.4 12 0
      vertex 39.6 12 0
    endloop
  endfacet
  facet normal 0 0 -1
    outer loop
      vertex 60.4137 12.2088 0
      vertex 39.5863 12.2088 0
      vertex 58.7306 19.026 0
    endloop
  endfacet
  facet normal 0 0 -1
    outer loop
      vertex 58.6144 19.2 0
      vertex 41.3856 19.2 0
      vertex 58.5218 19.3877 0
    endloop
  endfacet
  facet normal -0 0 -1
    outer loop
      vertex 58.4137 39.7912 0
      vertex 57 36 0
      vertex 58.4 40 0
    endloop
  endfacet
  facet normal -0 0 -1
    outer loop
      vertex 58.4545 39.5859 0
      vertex 57 36 0
      vertex 58.4137 39.7912 0
    endloop
  endfacet
  facet normal 0 0 -1
    outer loop
      vertex 58.4137 19.7912 0
      vertex 57 24 0
      vertex 58.4 20 0
    endloop
  endfacet
  facet normal 0 0 -1
    outer loop
      vertex 41.5863 19.7912 0
      vertex 58.4137 19.7912 0
      vertex 58.4545 19.5859 0
    endloop
  endfacet
  facet normal 0 -0 -1
    outer loop
      vertex 41.4782 19.3877 0
      vertex 58.5218 19.3877 0
      vertex 41.3856 19.2 0
    endloop
  endfacet
  facet normal 0 -0 -1
    outer loop
      vertex 41.5455 19.5859 0
      vertex 58.4545 19.5859 0
      vertex 41.4782 19.3877 0
    endloop
  endfacet
  facet normal 0 0 -1
    outer loop
      vertex 39.5455 11.5859 0
      vertex 60.4545 11.5859 0
      vertex 60.5218 11.3877 0
    endloop
  endfacet
  facet normal 0 0 -1
    outer loop
      vertex 39.4782 11.3877 0
      vertex 60.5218 11.3877 0
      vertex 60.6144 11.2 0
    endloop
  endfacet
  facet normal 0 0 -1
    outer loop
      vertex 39.3856 11.2 0
      vertex 60.6144 11.2 0
      vertex 60.7306 11.026 0
    endloop
  endfacet
  facet normal 0 0 -1
    outer loop
      vertex 39.2694 11.026 0
      vertex 60.7306 11.026 0
      vertex 60.8686 10.8686 0
    endloop
  endfacet
  facet normal 0 0 -1
    outer loop
      vertex 39.1314 10.8686 0
      vertex 60.8686 10.8686 0
      vertex 61.026 10.7306 0
    endloop
  endfacet
  facet normal 0 0 -1
    outer loop
      vertex 41.5863 20.2088 0
      vertex 43 24 0
      vertex 41.6 20 0
    endloop
  endfacet
  facet normal -0 0 -1
    outer loop
      vertex 57 24 0
      vertex 41.5863 19.7912 0
      vertex 43 24 0
    endloop
  endfacet
  facet normal 0 0 -1
    outer loop
      vertex 38.974 10.7306 0
      vertex 61.026 10.7306 0
      vertex 61.2 10.6144 0
    endloop
  endfacet
  facet normal 0 0 -1
    outer loop
      vertex 38.8 10.6144 0
      vertex 61.2 10.6144 0
      vertex 61.3877 10.5218 0
    endloop
  endfacet
  facet normal 0 0 -1
    outer loop
      vertex 43 24 0
      vertex 41.5863 19.7912 0
      vertex 41.6 20 0
    endloop
  endfacet
  facet normal 0 0 -1
    outer loop
      vertex 58.4137 19.7912 0
      vertex 41.5863 19.7912 0
      vertex 57 24 0
    endloop
  endfacet
  facet normal 0 -0 -1
    outer loop
      vertex 41.5863 19.7912 0
      vertex 58.4545 19.5859 0
      vertex 41.5455 19.5859 0
    endloop
  endfacet
  facet normal 0 0 -1
    outer loop
      vertex 58.5218 19.3877 0
      vertex 41.4782 19.3877 0
      vertex 58.4545 19.5859 0
    endloop
  endfacet
  facet normal -0 0 -1
    outer loop
      vertex 58.7306 19.026 0
      vertex 39.5863 12.2088 0
      vertex 58.6144 19.2 0
    endloop
  endfacet
  facet normal -0 0 -1
    outer loop
      vertex 58.6144 19.2 0
      vertex 39.5863 12.2088 0
      vertex 41.3856 19.2 0
    endloop
  endfacet
  facet normal 0 0 -1
    outer loop
      vertex 41.3856 19.2 0
      vertex 39.5863 12.2088 0
      vertex 41.2694 19.026 0
    endloop
  endfacet
  facet normal 0 0 -1
    outer loop
      vertex 39.5455 12.4141 0
      vertex 41.2694 19.026 0
      vertex 39.5863 12.2088 0
    endloop
  endfacet
  facet normal 0 0 -1
    outer loop
      vertex 41.2694 19.026 0
      vertex 39.5455 12.4141 0
      vertex 41.1314 18.8686 0
    endloop
  endfacet
  facet normal 0 0 -1
    outer loop
      vertex 39.4782 12.6123 0
      vertex 41.1314 18.8686 0
      vertex 39.5455 12.4141 0
    endloop
  endfacet
  facet normal 0 0 -1
    outer loop
      vertex 41.1314 18.8686 0
      vertex 39.4782 12.6123 0
      vertex 40.974 18.7306 0
    endloop
  endfacet
  facet normal 0 0 -1
    outer loop
      vertex 39.3856 12.8 0
      vertex 40.974 18.7306 0
      vertex 39.4782 12.6123 0
    endloop
  endfacet
  facet normal 0 0 -1
    outer loop
      vertex 40.974 18.7306 0
      vertex 39.3856 12.8 0
      vertex 40.8 18.6144 0
    endloop
  endfacet
  facet normal 0 0 -1
    outer loop
      vertex 39.2694 12.974 0
      vertex 40.8 18.6144 0
      vertex 39.3856 12.8 0
    endloop
  endfacet
  facet normal 0 0 -1
    outer loop
      vertex 38.6123 10.5218 0
      vertex 61.3877 10.5218 0
      vertex 61.5859 10.4545 0
    endloop
  endfacet
  facet normal 0 0 -1
    outer loop
      vertex 61.7912 10.4137 0
      vertex 38.2088 10.4137 0
      vertex 61.5859 10.4545 0
    endloop
  endfacet
  facet normal 0 0 -1
    outer loop
      vertex 60.4137 11.7912 0
      vertex 39.5863 11.7912 0
      vertex 39.6 12 0
    endloop
  endfacet
  facet normal 0 0 -1
    outer loop
      vertex 60.4545 11.5859 0
      vertex 39.5455 11.5859 0
      vertex 39.5863 11.7912 0
    endloop
  endfacet
  facet normal 0 0 -1
    outer loop
      vertex 60.5218 11.3877 0
      vertex 39.4782 11.3877 0
      vertex 39.5455 11.5859 0
    endloop
  endfacet
  facet normal 0 0 -1
    outer loop
      vertex 60.6144 11.2 0
      vertex 39.3856 11.2 0
      vertex 39.4782 11.3877 0
    endloop
  endfacet
  facet normal 0 0 -1
    outer loop
      vertex 60.7306 11.026 0
      vertex 39.2694 11.026 0
      vertex 39.3856 11.2 0
    endloop
  endfacet
  facet normal 0 0 -1
    outer loop
      vertex 60.8686 10.8686 0
      vertex 39.1314 10.8686 0
      vertex 39.2694 11.026 0
    endloop
  endfacet
  facet normal 0 0 -1
    outer loop
      vertex 61.026 10.7306 0
      vertex 38.974 10.7306 0
      vertex 39.1314 10.8686 0
    endloop
  endfacet
  facet normal 0 0 -1
    outer loop
      vertex 61.2 10.6144 0
      vertex 38.8 10.6144 0
      vertex 38.974 10.7306 0
    endloop
  endfacet
  facet normal 0 0 -1
    outer loop
      vertex 61.3877 10.5218 0
      vertex 38.6123 10.5218 0
      vertex 38.8 10.6144 0
    endloop
  endfacet
  facet normal 0 0 -1
    outer loop
      vertex 61.5859 10.4545 0
      vertex 38.4141 10.4545 0
      vertex 38.6123 10.5218 0
    endloop
  endfacet
  facet normal -0 0 -1
    outer loop
      vertex 61.5859 10.4545 0
      vertex 38.2088 10.4137 0
      vertex 38.4141 10.4545 0
    endloop
  endfacet
  facet normal 0 0 -1
    outer loop
      vertex 0 0 0
      vertex 38.2088 10.4137 0
      vertex 100 0 0
    endloop
  endfacet
  facet normal 0 0 -1
    outer loop
      vertex 38.2088 10.4137 0
      vertex 0 0 0
      vertex 38 10.4 0
    endloop
  endfacet
  facet normal 0 0 -1
    outer loop
      vertex 20.8856 15.2 0
      vertex 36.4 12 0
      vertex 36.4137 11.7912 0
    endloop
  endfacet
  facet normal 0 0 -1
    outer loop
      vertex 20.7694 15.026 0
      vertex 36.4137 11.7912 0
      vertex 36.4545 11.5859 0
    endloop
  endfacet
  facet normal 0 0 -1
    outer loop
      vertex 20.6314 14.8686 0
      vertex 36.4545 11.5859 0
      vertex 36.5218 11.3877 0
    endloop
  endfacet
  facet normal 0 0 -1
    outer loop
      vertex 20.474 14.7306 0
      vertex 36.5218 11.3877 0
      vertex 36.6144 11.2 0
    endloop
  endfacet
  facet normal 0 0 -1
    outer loop
      vertex 20.3 14.6144 0
      vertex 36.6144 11.2 0
      vertex 36.7306 11.026 0
    endloop
  endfacet
  facet normal 0 0 -1
    outer loop
      vertex 20.1123 14.5218 0
      vertex 36.7306 11.026 0
      vertex 36.8686 10.8686 0
    endloop
  endfacet
  facet normal 0 0 -1
    outer loop
      vertex 36.4 12 0
      vertex 21.0863 15.7912 0
      vertex 27 22 0
    endloop
  endfacet
  facet normal 0 0 -1
    outer loop
      vertex 19.9141 14.4545 0
      vertex 36.8686 10.8686 0
      vertex 37.026 10.7306 0
    endloop
  endfacet
  facet normal 0 0 -1
    outer loop
      vertex 19.7088 14.4137 0
      vertex 37.026 10.7306 0
      vertex 37.2 10.6144 0
    endloop
  endfacet
  facet normal 0 0 -1
    outer loop
      vertex 0 0 0
      vertex 37.2 10.6144 0
      vertex 37.3877 10.5218 0
    endloop
  endfacet
  facet normal 0 0 -1
    outer loop
      vertex 0 0 0
      vertex 37.3877 10.5218 0
      vertex 37.5859 10.4545 0
    endloop
  endfacet
  facet normal 0 0 -1
    outer loop
      vertex 27 22 0
      vertex 21.0863 15.7912 0
      vertex 21.1 16 0
    endloop
  endfacet
  facet normal 0 0 -1
    outer loop
      vertex 36.4 12 0
      vertex 21.0455 15.5859 0
      vertex 21.0863 15.7912 0
    endloop
  endfacet
  facet normal 0 0 -1
    outer loop
      vertex 36.4 12 0
      vertex 20.9782 15.3877 0
      vertex 21.0455 15.5859 0
    endloop
  endfacet
  facet normal 0 0 -1
    outer loop
      vertex 36.4 12 0
      vertex 20.8856 15.2 0
      vertex 20.9782 15.3877 0
    endloop
  endfacet
  facet normal 0 0 -1
    outer loop
      vertex 36.4137 11.7912 0
      vertex 20.7694 15.026 0
      vertex 20.8856 15.2 0
    endloop
  endfacet
  facet normal 0 0 -1
    outer loop
      vertex 36.4545 11.5859 0
      vertex 20.6314 14.8686 0
      vertex 20.7694 15.026 0
    endloop
  endfacet
  facet normal 0 0 -1
    outer loop
      vertex 36.5218 11.3877 0
      vertex 20.474 14.7306 0
      vertex 20.6314 14.8686 0
    endloop
  endfacet
  facet normal 0 0 -1
    outer loop
      vertex 36.6144 11.2 0
      vertex 20.3 14.6144 0
      vertex 20.474 14.7306 0
    endloop
  endfacet
  facet normal 0 0 -1
    outer loop
      vertex 36.7306 11.026 0
      vertex 20.1123 14.5218 0
      vertex 20.3 14.6144 0
    endloop
  endfacet
  facet normal 0 0 -1
    outer loop
      vertex 36.8686 10.8686 0
      vertex 19.9141 14.4545 0
      vertex 20.1123 14.5218 0
    endloop
  endfacet
  facet normal 0 0 -1
    outer loop
      vertex 37.026 10.7306 0
      vertex 19.7088 14.4137 0
      vertex 19.9141 14.4545 0
    endloop
  endfacet
  facet normal -0 0 -1
    outer loop
      vertex 37.2 10.6144 0
      vertex 0 0 0
      vertex 19.7088 14.4137 0
    endloop
  endfacet
  facet normal 0 0 -1
    outer loop
      vertex 19.7088 14.4137 0
      vertex 0 0 0
      vertex 19.5 14.4 0
    endloop
  endfacet
  facet normal -0 0 -1
    outer loop
      vertex 19.5 14.4 0
      vertex 0 0 0
      vertex 19.2912 14.4137 0
    endloop
  endfacet
  facet normal 0 0 -1
    outer loop
      vertex 17.9137 15.7912 0
      vertex 12 22 0
      vertex 17.9 16 0
    endloop
  endfacet
  facet normal 0 0 -1
    outer loop
      vertex 17.9545 15.5859 0
      vertex 12 22 0
      vertex 17.9137 15.7912 0
    endloop
  endfacet
  facet normal 0 0 -1
    outer loop
      vertex 18.0218 15.3877 0
      vertex 12 22 0
      vertex 17.9545 15.5859 0
    endloop
  endfacet
  facet normal 0 0 -1
    outer loop
      vertex 0 0 0
      vertex 18.0218 15.3877 0
      vertex 18.1144 15.2 0
    endloop
  endfacet
  facet normal 0 0 -1
    outer loop
      vertex 0 0 0
      vertex 18.1144 15.2 0
      vertex 18.2306 15.026 0
    endloop
  endfacet
  facet normal 0 0 -1
    outer loop
      vertex 0 0 0
      vertex 18.2306 15.026 0
      vertex 18.3686 14.8686 0
    endloop
  endfacet
  facet normal -0 0 -1
    outer loop
      vertex 12 22 0
      vertex 0 0 0
      vertex 12 38 0
    endloop
  endfacet
  facet normal -0 0 -1
    outer loop
      vertex 18.0218 15.3877 0
      vertex 0 0 0
      vertex 12 22 0
    endloop
  endfacet
  facet normal -0 0 -1
    outer loop
      vertex 18.526 14.7306 0
      vertex 0 0 0
      vertex 18.3686 14.8686 0
    endloop
  endfacet
  facet normal -0 0 -1
    outer loop
      vertex 18.7 14.6144 0
      vertex 0 0 0
      vertex 18.526 14.7306 0
    endloop
  endfacet
  facet normal -0 0 -1
    outer loop
      vertex 18.8877 14.5218 0
      vertex 0 0 0
      vertex 18.7 14.6144 0
    endloop
  endfacet
  facet normal -0 0 -1
    outer loop
      vertex 19.0859 14.4545 0
      vertex 0 0 0
      vertex 18.8877 14.5218 0
    endloop
  endfacet
  facet normal -0 0 -1
    outer loop
      vertex 19.2912 14.4137 0
      vertex 0 0 0
      vertex 19.0859 14.4545 0
    endloop
  endfacet
  facet normal -0 0 -1
    outer loop
      vertex 37.7912 10.4137 0
      vertex 0 0 0
      vertex 37.5859 10.4545 0
    endloop
  endfacet
  facet normal -0 0 -1
    outer loop
      vertex 38 10.4 0
      vertex 0 0 0
      vertex 37.7912 10.4137 0
    endloop
  endfacet
  facet normal 0 0 -1
    outer loop
      vertex 85 38 0
      vertex 100 60 0
      vertex 85 22 0
    endloop
  endfacet
  facet normal 0 0 -1
    outer loop
      vertex 82.0863 44.2088 0
      vertex 85 38 0
      vertex 82.1 44 0
    endloop
  endfacet
  facet normal 0 0 -1
    outer loop
      vertex 85 38 0
      vertex 82.0863 44.2088 0
      vertex 100 60 0
    endloop
  endfacet
  facet normal 0 0 -1
    outer loop
      vertex 82.0455 44.4141 0
      vertex 100 60 0
      vertex 82.0863 44.2088 0
    endloop
  endfacet
  facet normal 0 0 -1
    outer loop
      vertex 81.9782 44.6123 0
      vertex 100 60 0
      vertex 82.0455 44.4141 0
    endloop
  endfacet
  facet normal 0 0 -1
    outer loop
      vertex 81.8856 44.8 0
      vertex 100 60 0
      vertex 81.9782 44.6123 0
    endloop
  endfacet
  facet normal 0 0 -1
    outer loop
      vertex 81.7694 44.974 0
      vertex 100 60 0
      vertex 81.8856 44.8 0
    endloop
  endfacet
  facet normal 0 0 -1
    outer loop
      vertex 81.6314 45.1314 0
      vertex 100 60 0
      vertex 81.7694 44.974 0
    endloop
  endfacet
  facet normal 0 0 -1
    outer loop
      vertex 81.474 45.2694 0
      vertex 100 60 0
      vertex 81.6314 45.1314 0
    endloop
  endfacet
  facet normal 0 0 -1
    outer loop
      vertex 81.3 45.3856 0
      vertex 100 60 0
      vertex 81.474 45.2694 0
    endloop
  endfacet
  facet normal 0 0 -1
    outer loop
      vertex 81.1123 45.4782 0
      vertex 100 60 0
      vertex 81.3 45.3856 0
    endloop
  endfacet
  facet normal 0 0 -1
    outer loop
      vertex 80.9141 45.5455 0
      vertex 100 60 0
      vertex 81.1123 45.4782 0
    endloop
  endfacet
  facet normal 0 0 -1
    outer loop
      vertex 80.7088 45.5863 0
      vertex 100 60 0
      vertex 80.9141 45.5455 0
    endloop
  endfacet
  facet normal 0 0 -1
    outer loop
      vertex 80.5 45.6 0
      vertex 100 60 0
      vertex 80.7088 45.5863 0
    endloop
  endfacet
  facet normal 0 0 -1
    outer loop
      vertex 80.2912 45.5863 0
      vertex 100 60 0
      vertex 80.5 45.6 0
    endloop
  endfacet
  facet normal 0 0 -1
    outer loop
      vertex 60.8 49.3856 0
      vertex 80.2912 45.5863 0
      vertex 80.0859 45.5455 0
    endloop
  endfacet
  facet normal 0 0 -1
    outer loop
      vertex 60.974 49.2694 0
      vertex 80.0859 45.5455 0
      vertex 79.8877 45.4782 0
    endloop
  endfacet
  facet normal 0 0 -1
    outer loop
      vertex 61.1314 49.1314 0
      vertex 79.8877 45.4782 0
      vertex 79.7 45.3856 0
    endloop
  endfacet
  facet normal 0 0 -1
    outer loop
      vertex 61.2694 48.974 0
      vertex 79.7 45.3856 0
      vertex 79.526 45.2694 0
    endloop
  endfacet
  facet normal 0 0 -1
    outer loop
      vertex 70 38 0
      vertex 78.9137 43.7912 0
      vertex 76 38 0
    endloop
  endfacet
  facet normal -0 0 -1
    outer loop
      vertex 78.9137 43.7912 0
      vertex 70 38 0
      vertex 78.9 44 0
    endloop
  endfacet
  facet normal -0 0 -1
    outer loop
      vertex 78.9 44 0
      vertex 70 38 0
      vertex 78.9137 44.2088 0
    endloop
  endfacet
  facet normal -0 0 -1
    outer loop
      vertex 78.9137 44.2088 0
      vertex 70 38 0
      vertex 78.9545 44.4141 0
    endloop
  endfacet
  facet normal 0 0 -1
    outer loop
      vertex 61.6 48 0
      vertex 78.9545 44.4141 0
      vertex 70 38 0
    endloop
  endfacet
  facet normal 0 0 -1
    outer loop
      vertex 78.9545 44.4141 0
      vertex 61.6 48 0
      vertex 79.0218 44.6123 0
    endloop
  endfacet
  facet normal 0 0 -1
    outer loop
      vertex 79.0218 44.6123 0
      vertex 61.6 48 0
      vertex 79.1144 44.8 0
    endloop
  endfacet
  facet normal 0 0 -1
    outer loop
      vertex 61.5863 48.2088 0
      vertex 79.1144 44.8 0
      vertex 61.6 48 0
    endloop
  endfacet
  facet normal 0 0 -1
    outer loop
      vertex 79.1144 44.8 0
      vertex 61.5863 48.2088 0
      vertex 79.2306 44.974 0
    endloop
  endfacet
  facet normal -0 0 -1
    outer loop
      vertex 78.9545 15.5859 0
      vertex 63.5455 12.4141 0
      vertex 70 22 0
    endloop
  endfacet
  facet normal 0 0 -1
    outer loop
      vertex 63.4782 12.6123 0
      vertex 70 22 0
      vertex 63.5455 12.4141 0
    endloop
  endfacet
  facet normal 0 0 -1
    outer loop
      vertex 63.3856 12.8 0
      vertex 70 22 0
      vertex 63.4782 12.6123 0
    endloop
  endfacet
  facet normal 0 0 -1
    outer loop
      vertex 63.2694 12.974 0
      vertex 70 22 0
      vertex 63.3856 12.8 0
    endloop
  endfacet
  facet normal 0 0 -1
    outer loop
      vertex 63.1314 13.1314 0
      vertex 70 22 0
      vertex 63.2694 12.974 0
    endloop
  endfacet
  facet normal 0 0 -1
    outer loop
      vertex 62.974 13.2694 0
      vertex 70 22 0
      vertex 63.1314 13.1314 0
    endloop
  endfacet
  facet normal 0 0 -1
    outer loop
      vertex 61.5863 19.7912 0
      vertex 70 22 0
      vertex 62.974 13.2694 0
    endloop
  endfacet
  facet normal 0 0 -1
    outer loop
      vertex 61.5863 19.7912 0
      vertex 62.974 13.2694 0
      vertex 62.8 13.3856 0
    endloop
  endfacet
  facet normal 0 0 -1
    outer loop
      vertex 61.5863 19.7912 0
      vertex 62.8 13.3856 0
      vertex 62.6123 13.4782 0
    endloop
  endfacet
  facet normal 0 0 -1
    outer loop
      vertex 61.5863 19.7912 0
      vertex 62.6123 13.4782 0
      vertex 62.4141 13.5455 0
    endloop
  endfacet
  facet normal 0 0 -1
    outer loop
      vertex 61.5863 19.7912 0
      vertex 62.4141 13.5455 0
      vertex 62.2088 13.5863 0
    endloop
  endfacet
  facet normal 0 0 -1
    outer loop
      vertex 61.5863 19.7912 0
      vertex 62.2088 13.5863 0
      vertex 62 13.6 0
    endloop
  endfacet
  facet normal 0 0 -1
    outer loop
      vertex 60.6123 18.5218 0
      vertex 62 13.6 0
      vertex 61.7912 13.5863 0
    endloop
  endfacet
  facet normal 0 0 -1
    outer loop
      vertex 61.5863 20.2088 0
      vertex 70 22 0
      vertex 61.6 20 0
    endloop
  endfacet
  facet normal 0 0 -1
    outer loop
      vertex 61.5455 20.4141 0
      vertex 70 22 0
      vertex 61.5863 20.2088 0
    endloop
  endfacet
  facet normal 0 0 -1
    outer loop
      vertex 61.5863 40.2088 0
      vertex 70 38 0
      vertex 61.6 40 0
    endloop
  endfacet
  facet normal 0 0 -1
    outer loop
      vertex 61.5455 48.4141 0
      vertex 79.2306 44.974 0
      vertex 61.5863 48.2088 0
    endloop
  endfacet
  facet normal 0 0 -1
    outer loop
      vertex 79.2306 44.974 0
      vertex 61.5455 48.4141 0
      vertex 79.3686 45.1314 0
    endloop
  endfacet
  facet normal 0 0 -1
    outer loop
      vertex 61.4782 48.6123 0
      vertex 79.3686 45.1314 0
      vertex 61.5455 48.4141 0
    endloop
  endfacet
  facet normal 0 0 -1
    outer loop
      vertex 79.3686 45.1314 0
      vertex 61.4782 48.6123 0
      vertex 79.526 45.2694 0
    endloop
  endfacet
  facet normal 0 0 -1
    outer loop
      vertex 61.3856 48.8 0
      vertex 79.526 45.2694 0
      vertex 61.4782 48.6123 0
    endloop
  endfacet
  facet normal 0 0 -1
    outer loop
      vertex 61.2694 48.974 0
      vertex 79.526 45.2694 0
      vertex 61.3856 48.8 0
    endloop
  endfacet
  facet normal 0 0 -1
    outer loop
      vertex 79.7 45.3856 0
      vertex 61.2694 48.974 0
      vertex 61.1314 49.1314 0
    endloop
  endfacet
  facet normal 0 0 -1
    outer loop
      vertex 79.8877 45.4782 0
      vertex 61.1314 49.1314 0
      vertex 60.974 49.2694 0
    endloop
  endfacet
  facet normal 0 0 -1
    outer loop
      vertex 80.0859 45.5455 0
      vertex 60.974 49.2694 0
      vertex 60.8 49.3856 0
    endloop
  endfacet
  facet normal 0 0 -1
    outer loop
      vertex 80.2912 45.5863 0
      vertex 60.8 49.3856 0
      vertex 100 60 0
    endloop
  endfacet
  facet normal 0 0 -1
    outer loop
      vertex 60.6123 49.4782 0
      vertex 100 60 0
      vertex 60.8 49.3856 0
    endloop
  endfacet
  facet normal 0 0 -1
    outer loop
      vertex 60.4141 49.5455 0
      vertex 100 60 0
      vertex 60.6123 49.4782 0
    endloop
  endfacet
  facet normal 0 0 -1
    outer loop
      vertex 60.2088 49.5863 0
      vertex 100 60 0
      vertex 60.4141 49.5455 0
    endloop
  endfacet
  facet normal 0 0 -1
    outer loop
      vertex 60 49.6 0
      vertex 100 60 0
      vertex 60.2088 49.5863 0
    endloop
  endfacet
  facet normal 0 0 -1
    outer loop
      vertex 59.7912 49.5863 0
      vertex 100 60 0
      vertex 60 49.6 0
    endloop
  endfacet
  facet normal 0 0 -1
    outer loop
      vertex 40.2088 49.5863 0
      vertex 59.7912 49.5863 0
      vertex 59.5859 49.5455 0
    endloop
  endfacet
  facet normal 0 0 -1
    outer loop
      vertex 41.6 40 0
      vertex 58.4 40 0
      vertex 57 36 0
    endloop
  endfacet
  facet normal 0 0 -1
    outer loop
      vertex 58.4545 47.5859 0
      vertex 41.6 48 0
      vertex 58.4137 47.7912 0
    endloop
  endfacet
  facet normal 0 0 -1
    outer loop
      vertex 41.6 40 0
      vertex 57 36 0
      vertex 43 36 0
    endloop
  endfacet
  facet normal 0 0 -1
    outer loop
      vertex 58.4137 47.7912 0
      vertex 41.6 48 0
      vertex 58.4 48 0
    endloop
  endfacet
  facet normal 0 0 -1
    outer loop
      vertex 58.4 48 0
      vertex 41.6 48 0
      vertex 58.4137 48.2088 0
    endloop
  endfacet
  facet normal 0 0 -1
    outer loop
      vertex 41.5863 48.2088 0
      vertex 58.4137 48.2088 0
      vertex 41.6 48 0
    endloop
  endfacet
  facet normal 0 0 -1
    outer loop
      vertex 58.4137 48.2088 0
      vertex 41.5863 48.2088 0
      vertex 58.4545 48.4141 0
    endloop
  endfacet
  facet normal 0 0 -1
    outer loop
      vertex 41.5455 48.4141 0
      vertex 58.4545 48.4141 0
      vertex 41.5863 48.2088 0
    endloop
  endfacet
  facet normal 0 0 -1
    outer loop
      vertex 58.4545 48.4141 0
      vertex 41.5455 48.4141 0
      vertex 58.5218 48.6123 0
    endloop
  endfacet
  facet normal 0 0 -1
    outer loop
      vertex 41.5455 20.4141 0
      vertex 43 24 0
      vertex 41.5863 20.2088 0
    endloop
  endfacet
  facet normal 0 0 -1
    outer loop
      vertex 41.4782 48.6123 0
      vertex 58.5218 48.6123 0
      vertex 41.5455 48.4141 0
    endloop
  endfacet
  facet normal 0 0 -1
    outer loop
      vertex 58.5218 48.6123 0
      vertex 41.4782 48.6123 0
      vertex 58.6144 48.8 0
    endloop
  endfacet
  facet normal 0 0 -1
    outer loop
      vertex 41.3856 48.8 0
      vertex 58.6144 48.8 0
      vertex 41.4782 48.6123 0
    endloop
  endfacet
  facet normal 0 0 -1
    outer loop
      vertex 58.6144 48.8 0
      vertex 41.3856 48.8 0
      vertex 58.7306 48.974 0
    endloop
  endfacet
  facet normal 0 0 -1
    outer loop
      vertex 41.2694 48.974 0
      vertex 58.7306 48.974 0
      vertex 41.3856 48.8 0
    endloop
  endfacet
  facet normal 0 0 -1
    outer loop
      vertex 58.7306 48.974 0
      vertex 41.2694 48.974 0
      vertex 58.8686 49.1314 0
    endloop
  endfacet
  facet normal 0 0 -1
    outer loop
      vertex 41.1314 49.1314 0
      vertex 58.8686 49.1314 0
      vertex 41.2694 48.974 0
    endloop
  endfacet
  facet normal 0 0 -1
    outer loop
      vertex 58.8686 49.1314 0
      vertex 41.1314 49.1314 0
      vertex 59.026 49.2694 0
    endloop
  endfacet
  facet normal 0 0 -1
    outer loop
      vertex 40.974 49.2694 0
      vertex 59.026 49.2694 0
      vertex 41.1314 49.1314 0
    endloop
  endfacet
  facet normal 0 0 -1
    outer loop
      vertex 59.026 49.2694 0
      vertex 40.974 49.2694 0
      vertex 59.2 49.3856 0
    endloop
  endfacet
  facet normal 0 0 -1
    outer loop
      vertex 40.8 49.3856 0
      vertex 59.2 49.3856 0
      vertex 40.974 49.2694 0
    endloop
  endfacet
  facet normal 0 0 -1
    outer loop
      vertex 59.2 49.3856 0
      vertex 40.8 49.3856 0
      vertex 59.3877 49.4782 0
    endloop
  endfacet
  facet normal 0 0 -1
    outer loop
      vertex 40.6123 49.4782 0
      vertex 59.3877 49.4782 0
      vertex 40.8 49.3856 0
    endloop
  endfacet
  facet normal 0 0 -1
    outer loop
      vertex 59.3877 49.4782 0
      vertex 40.6123 49.4782 0
      vertex 59.5859 49.5455 0
    endloop
  endfacet
  facet normal 0 0 -1
    outer loop
      vertex 40.4141 49.5455 0
      vertex 59.5859 49.5455 0
      vertex 40.6123 49.4782 0
    endloop
  endfacet
  facet normal 0 0 -1
    outer loop
      vertex 40.2088 49.5863 0
      vertex 59.5859 49.5455 0
      vertex 40.4141 49.5455 0
    endloop
  endfacet
  facet normal 0 0 -1
    outer loop
      vertex 59.7912 49.5863 0
      vertex 40.2088 49.5863 0
      vertex 100 60 0
    endloop
  endfacet
  facet normal 0 0 -1
    outer loop
      vertex 0 60 0
      vertex 40.2088 49.5863 0
      vertex 40 49.6 0
    endloop
  endfacet
  facet normal 0 0 -1
    outer loop
      vertex 0 60 0
      vertex 40 49.6 0
      vertex 39.7912 49.5863 0
    endloop
  endfacet
  facet normal 0 0 -1
    outer loop
      vertex 37.026 13.2694 0
      vertex 38.6144 19.2 0
      vertex 37.2 13.3856 0
    endloop
  endfacet
  facet normal -0 0 -1
    outer loop
      vertex 38.6144 19.2 0
      vertex 37.026 13.2694 0
      vertex 38.5218 19.3877 0
    endloop
  endfacet
  facet normal 0 0 -1
    outer loop
      vertex 36.8686 13.1314 0
      vertex 38.5218 19.3877 0
      vertex 37.026 13.2694 0
    endloop
  endfacet
  facet normal -0 0 -1
    outer loop
      vertex 38.5218 19.3877 0
      vertex 36.8686 13.1314 0
      vertex 38.4545 19.5859 0
    endloop
  endfacet
  facet normal 0 0 -1
    outer loop
      vertex 27 22 0
      vertex 38.4545 19.5859 0
      vertex 36.8686 13.1314 0
    endloop
  endfacet
  facet normal 0 0 -1
    outer loop
      vertex 38.4545 19.5859 0
      vertex 27 22 0
      vertex 38.4137 19.7912 0
    endloop
  endfacet
  facet normal 0 0 -1
    outer loop
      vertex 38.4137 19.7912 0
      vertex 27 22 0
      vertex 38.4 20 0
    endloop
  endfacet
  facet normal 0 0 -1
    outer loop
      vertex 27 22 0
      vertex 36.8686 13.1314 0
      vertex 36.7306 12.974 0
    endloop
  endfacet
  facet normal 0 0 -1
    outer loop
      vertex 27 22 0
      vertex 36.7306 12.974 0
      vertex 36.6144 12.8 0
    endloop
  endfacet
  facet normal 0 0 -1
    outer loop
      vertex 27 22 0
      vertex 36.6144 12.8 0
      vertex 36.5218 12.6123 0
    endloop
  endfacet
  facet normal 0 0 -1
    outer loop
      vertex 27 22 0
      vertex 36.5218 12.6123 0
      vertex 36.4545 12.4141 0
    endloop
  endfacet
  facet normal 0 0 -1
    outer loop
      vertex 27 22 0
      vertex 36.4545 12.4141 0
      vertex 36.4137 12.2088 0
    endloop
  endfacet
  facet normal 0 0 -1
    outer loop
      vertex 27 22 0
      vertex 36.4137 12.2088 0
      vertex 36.4 12 0
    endloop
  endfacet
  facet normal -0 0 -1
    outer loop
      vertex 38.4545 39.5859 0
      vertex 27 38 0
      vertex 38.4137 39.7912 0
    endloop
  endfacet
  facet normal 0 0 -1
    outer loop
      vertex 21.0455 44.4141 0
      vertex 38.4137 47.7912 0
      vertex 27 38 0
    endloop
  endfacet
  facet normal -0 0 -1
    outer loop
      vertex 38.4137 47.7912 0
      vertex 21.0455 44.4141 0
      vertex 38.4 48 0
    endloop
  endfacet
  facet normal 0 0 -1
    outer loop
      vertex 20.9782 44.6123 0
      vertex 38.4 48 0
      vertex 21.0455 44.4141 0
    endloop
  endfacet
  facet normal -0 0 -1
    outer loop
      vertex 38.4 48 0
      vertex 20.9782 44.6123 0
      vertex 38.4137 48.2088 0
    endloop
  endfacet
  facet normal 0 0 -1
    outer loop
      vertex 20.8856 44.8 0
      vertex 38.4137 48.2088 0
      vertex 20.9782 44.6123 0
    endloop
  endfacet
  facet normal -0 0 -1
    outer loop
      vertex 38.4137 48.2088 0
      vertex 20.8856 44.8 0
      vertex 38.4545 48.4141 0
    endloop
  endfacet
  facet normal 0 0 -1
    outer loop
      vertex 20.7694 44.974 0
      vertex 38.4545 48.4141 0
      vertex 20.8856 44.8 0
    endloop
  endfacet
  facet normal 0 0 -1
    outer loop
      vertex 21.0863 44.2088 0
      vertex 27 38 0
      vertex 21.1 44 0
    endloop
  endfacet
  facet normal 0 0 -1
    outer loop
      vertex 21.0455 44.4141 0
      vertex 27 38 0
      vertex 21.0863 44.2088 0
    endloop
  endfacet
  facet normal -0 0 -1
    outer loop
      vertex 38.4545 48.4141 0
      vertex 20.7694 44.974 0
      vertex 38.5218 48.6123 0
    endloop
  endfacet
  facet normal 0 0 -1
    outer loop
      vertex 20.6314 45.1314 0
      vertex 38.5218 48.6123 0
      vertex 20.7694 44.974 0
    endloop
  endfacet
  facet normal -0 0 -1
    outer loop
      vertex 38.5218 48.6123 0
      vertex 20.6314 45.1314 0
      vertex 38.6144 48.8 0
    endloop
  endfacet
  facet normal 0 0 -1
    outer loop
      vertex 20.474 45.2694 0
      vertex 38.6144 48.8 0
      vertex 20.6314 45.1314 0
    endloop
  endfacet
  facet normal -0 0 -1
    outer loop
      vertex 38.6144 48.8 0
      vertex 20.474 45.2694 0
      vertex 38.7306 48.974 0
    endloop
  endfacet
  facet normal 0 0 -1
    outer loop
      vertex 20.3 45.3856 0
      vertex 38.7306 48.974 0
      vertex 20.474 45.2694 0
    endloop
  endfacet
  facet normal -0 0 -1
    outer loop
      vertex 38.7306 48.974 0
      vertex 20.3 45.3856 0
      vertex 38.8686 49.1314 0
    endloop
  endfacet
  facet normal 0 0 -1
    outer loop
      vertex 20.1123 45.4782 0
      vertex 38.8686 49.1314 0
      vertex 20.3 45.3856 0
    endloop
  endfacet
  facet normal -0 0 -1
    outer loop
      vertex 38.8686 49.1314 0
      vertex 20.1123 45.4782 0
      vertex 39.026 49.2694 0
    endloop
  endfacet
  facet normal 0 0 -1
    outer loop
      vertex 19.9141 45.5455 0
      vertex 39.026 49.2694 0
      vertex 20.1123 45.4782 0
    endloop
  endfacet
  facet normal -0 0 -1
    outer loop
      vertex 39.026 49.2694 0
      vertex 19.9141 45.5455 0
      vertex 39.2 49.3856 0
    endloop
  endfacet
  facet normal 0 0 -1
    outer loop
      vertex 19.7088 45.5863 0
      vertex 39.2 49.3856 0
      vertex 19.9141 45.5455 0
    endloop
  endfacet
  facet normal 0 0 -1
    outer loop
      vertex 0 60 0
      vertex 39.2 49.3856 0
      vertex 19.7088 45.5863 0
    endloop
  endfacet
  facet normal 0 0 -1
    outer loop
      vertex 39.2 49.3856 0
      vertex 0 60 0
      vertex 39.3877 49.4782 0
    endloop
  endfacet
  facet normal 0 0 -1
    outer loop
      vertex 0 60 0
      vertex 19.7088 45.5863 0
      vertex 19.5 45.6 0
    endloop
  endfacet
  facet normal 0 0 -1
    outer loop
      vertex 39.3877 49.4782 0
      vertex 0 60 0
      vertex 39.5859 49.5455 0
    endloop
  endfacet
  facet normal 0 0 -1
    outer loop
      vertex 0 60 0
      vertex 19.5 45.6 0
      vertex 19.2912 45.5863 0
    endloop
  endfacet
  facet normal 0 0 -1
    outer loop
      vertex 12 38 0
      vertex 17.9137 44.2088 0
      vertex 17.9 44 0
    endloop
  endfacet
  facet normal 0 0 -1
    outer loop
      vertex 12 38 0
      vertex 17.9545 44.4141 0
      vertex 17.9137 44.2088 0
    endloop
  endfacet
  facet normal 0 0 -1
    outer loop
      vertex 12 38 0
      vertex 18.0218 44.6123 0
      vertex 17.9545 44.4141 0
    endloop
  endfacet
  facet normal 0 0 -1
    outer loop
      vertex 0 60 0
      vertex 18.0218 44.6123 0
      vertex 12 38 0
    endloop
  endfacet
  facet normal 0 0 -1
    outer loop
      vertex 18.0218 44.6123 0
      vertex 0 60 0
      vertex 18.1144 44.8 0
    endloop
  endfacet
  facet normal 0 0 -1
    outer loop
      vertex 18.1144 44.8 0
      vertex 0 60 0
      vertex 18.2306 44.974 0
    endloop
  endfacet
  facet normal 0 0 -1
    outer loop
      vertex 40.2088 49.5863 0
      vertex 0 60 0
      vertex 100 60 0
    endloop
  endfacet
  facet normal 0 0 -1
    outer loop
      vertex 39.5859 49.5455 0
      vertex 0 60 0
      vertex 39.7912 49.5863 0
    endloop
  endfacet
  facet normal 0 0 -1
    outer loop
      vertex 19.0859 45.5455 0
      vertex 0 60 0
      vertex 19.2912 45.5863 0
    endloop
  endfacet
  facet normal 0 0 -1
    outer loop
      vertex 18.8877 45.4782 0
      vertex 0 60 0
      vertex 19.0859 45.5455 0
    endloop
  endfacet
  facet normal 0 0 -1
    outer loop
      vertex 18.7 45.3856 0
      vertex 0 60 0
      vertex 18.8877 45.4782 0
    endloop
  endfacet
  facet normal 0 0 -1
    outer loop
      vertex 18.526 45.2694 0
      vertex 0 60 0
      vertex 18.7 45.3856 0
    endloop
  endfacet
  facet normal 0 0 -1
    outer loop
      vertex 18.3686 45.1314 0
      vertex 0 60 0
      vertex 18.526 45.2694 0
    endloop
  endfacet
  facet normal 0 0 -1
    outer loop
      vertex 18.2306 44.974 0
      vertex 0 60 0
      vertex 18.3686 45.1314 0
    endloop
  endfacet
  facet normal 0 0 -1
    outer loop
      vertex 0 60 0
      vertex 12 38 0
      vertex 0 0 0
    endloop
  endfacet
  facet normal 0 0 -1
    outer loop
      vertex 82.0863 16.2088 0
      vertex 85 22 0
      vertex 82.1 16 0
    endloop
  endfacet
  facet normal 0 0 -1
    outer loop
      vertex 82.0455 16.4141 0
      vertex 85 22 0
      vertex 82.0863 16.2088 0
    endloop
  endfacet
  facet normal 0 0 -1
    outer loop
      vertex 81.9782 16.6123 0
      vertex 85 22 0
      vertex 82.0455 16.4141 0
    endloop
  endfacet
  facet normal 0 0 -1
    outer loop
      vertex 81.8856 16.8 0
      vertex 85 22 0
      vertex 81.9782 16.6123 0
    endloop
  endfacet
  facet normal 0 0 -1
    outer loop
      vertex 81.7694 16.974 0
      vertex 85 22 0
      vertex 81.8856 16.8 0
    endloop
  endfacet
  facet normal 0 0 -1
    outer loop
      vertex 81.6314 17.1314 0
      vertex 85 22 0
      vertex 81.7694 16.974 0
    endloop
  endfacet
  facet normal 0 0 -1
    outer loop
      vertex 81.474 17.2694 0
      vertex 85 22 0
      vertex 81.6314 17.1314 0
    endloop
  endfacet
  facet normal 0 0 -1
    outer loop
      vertex 81.3 17.3856 0
      vertex 85 22 0
      vertex 81.474 17.2694 0
    endloop
  endfacet
  facet normal 0 0 -1
    outer loop
      vertex 81.1123 17.4782 0
      vertex 85 22 0
      vertex 81.3 17.3856 0
    endloop
  endfacet
  facet normal 0 0 -1
    outer loop
      vertex 80.9141 17.5455 0
      vertex 85 22 0
      vertex 81.1123 17.4782 0
    endloop
  endfacet
  facet normal 0 0 -1
    outer loop
      vertex 79 22 0
      vertex 80.9141 17.5455 0
      vertex 80.7088 17.5863 0
    endloop
  endfacet
  facet normal 0 0 -1
    outer loop
      vertex 79 22 0
      vertex 80.7088 17.5863 0
      vertex 80.5 17.6 0
    endloop
  endfacet
  facet normal 0 0 -1
    outer loop
      vertex 79 22 0
      vertex 80.5 17.6 0
      vertex 80.2912 17.5863 0
    endloop
  endfacet
  facet normal 0 0 -1
    outer loop
      vertex 79 22 0
      vertex 80.2912 17.5863 0
      vertex 80.0859 17.5455 0
    endloop
  endfacet
  facet normal 0 0 -1
    outer loop
      vertex 79 22 0
      vertex 80.0859 17.5455 0
      vertex 79.8877 17.4782 0
    endloop
  endfacet
  facet normal 0 0 -1
    outer loop
      vertex 79 22 0
      vertex 79.8877 17.4782 0
      vertex 79.7 17.3856 0
    endloop
  endfacet
  facet normal 0 0 -1
    outer loop
      vertex 79 22 0
      vertex 79.7 17.3856 0
      vertex 79.526 17.2694 0
    endloop
  endfacet
  facet normal 0 0 -1
    outer loop
      vertex 80.9141 17.5455 0
      vertex 79 22 0
      vertex 85 22 0
    endloop
  endfacet
  facet normal 0 0 -1
    outer loop
      vertex 79.3686 17.1314 0
      vertex 79 22 0
      vertex 79.526 17.2694 0
    endloop
  endfacet
  facet normal 0 0 -1
    outer loop
      vertex 76 22 0
      vertex 79.3686 17.1314 0
      vertex 79.2306 16.974 0
    endloop
  endfacet
  facet normal 0 0 -1
    outer loop
      vertex 76 22 0
      vertex 79.2306 16.974 0
      vertex 79.1144 16.8 0
    endloop
  endfacet
  facet normal 0 0 -1
    outer loop
      vertex 76 22 0
      vertex 79.1144 16.8 0
      vertex 79.0218 16.6123 0
    endloop
  endfacet
  facet normal 0 0 -1
    outer loop
      vertex 79.3686 17.1314 0
      vertex 76 22 0
      vertex 79 22 0
    endloop
  endfacet
  facet normal 0 0 -1
    outer loop
      vertex 76 22 0
      vertex 79.0218 16.6123 0
      vertex 78.9545 16.4141 0
    endloop
  endfacet
  facet normal 0 -1 0
    outer loop
      vertex 0 0 0
      vertex 100 0 6
      vertex 0 0 6
    endloop
  endfacet
  facet normal 0 -1 -0
    outer loop
      vertex 100 0 6
      vertex 0 0 0
      vertex 100 0 0
    endloop
  endfacet
  facet normal 1 -0 0
    outer loop
      vertex 43 24 6
      vertex 43 36 0
      vertex 43 36 6
    endloop
  endfacet
  facet normal 1 0 0
    outer loop
      vertex 43 36 0
      vertex 43 24 6
      vertex 43 24 0
    endloop
  endfacet
  facet normal -1 0 0
    outer loop
      vertex 57 24 0
      vertex 57 36 6
      vertex 57 36 0
    endloop
  endfacet
  facet normal -1 -0 0
    outer loop
      vertex 57 36 6
      vertex 57 24 0
      vertex 57 24 6
    endloop
  endfacet
  facet normal 0 1 -0
    outer loop
      vertex 57 24 0
      vertex 43 24 6
      vertex 57 24 6
    endloop
  endfacet
  facet normal 0 1 0
    outer loop
      vertex 43 24 6
      vertex 57 24 0
      vertex 43 24 0
    endloop
  endfacet
  facet normal 0 -1 0
    outer loop
      vertex 43 36 0
      vertex 57 36 6
      vertex 43 36 6
    endloop
  endfacet
  facet normal 0 -1 -0
    outer loop
      vertex 57 36 6
      vertex 43 36 0
      vertex 57 36 0
    endloop
  endfacet
endsolid OpenSCAD_Model
